Date,Time,CO,NH3,NO2,OZONE,PM10,PM2.5,SO2
31-12-2023,01:00:00,59,6,34,0,191,211,3
31-12-2023,02:00:00,62,6,33,1,185,225,4
31-12-2023,03:00:00,50,6,30,0,182,240,3
31-12-2023,04:00:00,52,5,27,0,176,247,3
31-12-2023,05:00:00,46,4,23,,176,249,2
31-12-2023,06:00:00,42,4,22,,172,232,2
31-12-2023,07:00:00,51,4,22,0,170,213,3
31-12-2023,08:00:00,56,4,20,,175,243,3
31-12-2023,09:00:00,42,5,25,2,180,263,2
31-12-2023,10:00:00,29,5,26,34,171,275,3
31-12-2023,11:00:00,23,4,18,95,149,286,5
31-12-2023,12:00:00,20,3,17,138,136,263,4
31-12-2023,13:00:00,16,3,16,146,124,218,4
31-12-2023,14:00:00,14,3,14,149,109,143,3
31-12-2023,15:00:00,13,3,13,162,85,92,3
31-12-2023,16:00:00,12,2,12,164,66,84,4
31-12-2023,17:00:00,12,2,10,159,57,56,3
31-12-2023,18:00:00,12,2,11,126,55,53,3
31-12-2023,19:00:00,16,3,15,84,66,55,3
31-12-2023,20:00:00,40,5,28,26,84,55,2
31-12-2023,21:00:00,76,7,40,1,104,70,3
31-12-2023,22:00:00,72,7,37,1,126,96,3
31-12-2023,23:00:00,76,7,36,1,143,129,4
01-01-2024,00:00:00,72,6,32,1,156,178,3
01-01-2024,01:00:00,72,6,30,0,164,206,4
01-01-2024,02:00:00,70,5,29,0,168,218,4
01-01-2024,03:00:00,62,5,27,0,168,245,3
01-01-2024,04:00:00,55,5,26,,171,263,3
01-01-2024,05:00:00,48,4,23,,173,290,3
01-01-2024,06:00:00,44,4,22,0,168,290,1
01-01-2024,07:00:00,50,4,22,,165,285,3
01-01-2024,08:00:00,50,4,20,0,166,293,2
01-01-2024,09:00:00,46,4,20,4,171,302,2
01-01-2024,10:00:00,30,4,23,36,172,301,3
01-01-2024,11:00:00,24,3,17,89,148,302,5
01-01-2024,12:00:00,22,3,17,144,133,294,5
01-01-2024,13:00:00,21,3,18,189,129,257,5
01-01-2024,14:00:00,18,3,16,198,118,214,3
01-01-2024,15:00:00,16,3,13,194,102,150,3
01-01-2024,16:00:00,16,2,11,246,85,99,3
01-01-2024,17:00:00,16,2,10,216,82,75,3
01-01-2024,18:00:00,18,3,13,163,84,67,3
01-01-2024,19:00:00,35,7,35,32,84,71,2
01-01-2024,20:00:00,50,8,40,5,102,76,3
01-01-2024,21:00:00,58,8,42,5,116,89,3
01-01-2024,22:00:00,68,7,39,0,124,94,4
01-01-2024,23:00:00,76,7,38,0,141,105,4
02-01-2024,00:00:00,64,6,34,0,155,133,4
02-01-2024,01:00:00,51,6,32,0,155,158,3
02-01-2024,02:00:00,50,6,30,0,147,159,3
02-01-2024,03:00:00,44,5,27,0,139,156,3
02-01-2024,04:00:00,36,5,25,0,138,172,2
02-01-2024,05:00:00,32,4,23,0,136,179,2
02-01-2024,06:00:00,29,4,20,,135,162,2
02-01-2024,07:00:00,28,3,17,0,127,153,1
02-01-2024,08:00:00,42,3,16,0,125,136,2
02-01-2024,09:00:00,36,4,18,4,133,147,2
02-01-2024,10:00:00,31,5,26,15,134,183,2
02-01-2024,11:00:00,24,4,19,,119,209,
02-01-2024,12:00:00,20,3,17,,,,
02-01-2024,13:00:00,,3,16,144,,,
02-01-2024,14:00:00,14,2,12,157,116,71,3
02-01-2024,15:00:00,16,2,9,176,120,76,5
02-01-2024,16:00:00,14,2,9,166,108,73,0
02-01-2024,17:00:00,15,2,8,147,98,68,0
02-01-2024,18:00:00,16,2,9,103,89,68,2
02-01-2024,19:00:00,26,3,17,44,97,70,4
02-01-2024,20:00:00,54,4,19,3,104,84,5
02-01-2024,21:00:00,44,5,26,1,123,103,5
02-01-2024,22:00:00,52,5,26,0,138,132,6
02-01-2024,23:00:00,68,3,16,0,155,158,7
03-01-2024,00:00:00,56,3,15,0,171,190,6
03-01-2024,01:00:00,49,3,16,,177,244,7
03-01-2024,02:00:00,40,3,15,,180,246,8
03-01-2024,03:00:00,38,2,9,,182,262,8
03-01-2024,04:00:00,32,2,9,0,174,257,8
03-01-2024,05:00:00,36,2,11,0,166,257,8
03-01-2024,06:00:00,40,1,6,,165,275,8
03-01-2024,07:00:00,38,1,4,,172,290,8
03-01-2024,08:00:00,48,0,1,,161,263,9
03-01-2024,09:00:00,50,2,18,2,175,277,10
03-01-2024,10:00:00,34,4,21,29,191,303,11
03-01-2024,11:00:00,30,4,20,69,172,307,14
03-01-2024,12:00:00,26,3,16,121,153,305,15
03-01-2024,13:00:00,22,3,15,151,131,284,15
03-01-2024,14:00:00,20,3,13,158,122,243,13
03-01-2024,15:00:00,18,2,11,162,114,185,13
03-01-2024,16:00:00,16,2,9,161,111,171,12
03-01-2024,17:00:00,16,2,9,145,108,150,11
03-01-2024,18:00:00,18,3,13,66,100,119,9
03-01-2024,19:00:00,34,4,23,22,97,117,8
03-01-2024,20:00:00,66,7,36,1,111,98,8
03-01-2024,21:00:00,70,7,39,1,138,131,9
03-01-2024,22:00:00,69,8,43,0,156,165,10
03-01-2024,23:00:00,64,8,43,0,169,188,12
04-01-2024,00:00:00,55,7,39,0,178,223,12
04-01-2024,01:00:00,46,6,33,,181,238,13
04-01-2024,02:00:00,40,5,28,,178,251,13
04-01-2024,03:00:00,37,5,25,,172,221,13
04-01-2024,04:00:00,32,4,23,,166,232,12
04-01-2024,05:00:00,32,4,21,,162,224,11
04-01-2024,06:00:00,32,4,21,,164,238,9
04-01-2024,07:00:00,32,4,18,,163,238,8
04-01-2024,08:00:00,42,4,22,,159,254,8
04-01-2024,09:00:00,38,4,21,1,170,282,8
04-01-2024,10:00:00,30,4,23,24,174,272,8
04-01-2024,11:00:00,32,5,24,70,155,277,11
04-01-2024,12:00:00,30,4,22,146,156,308,13
04-01-2024,13:00:00,24,4,18,157,163,308,15
04-01-2024,14:00:00,20,3,16,155,158,303,14
04-01-2024,15:00:00,16,2,12,125,140,283,12
04-01-2024,16:00:00,16,2,11,89,123,205,11
04-01-2024,17:00:00,14,2,10,70,109,107,8
04-01-2024,18:00:00,16,3,15,34,80,83,6
04-01-2024,19:00:00,42,5,28,6,80,77,6
04-01-2024,20:00:00,52,7,35,1,103,80,5
04-01-2024,21:00:00,82,8,45,1,124,92,7
04-01-2024,22:00:00,92,10,51,0,138,95,9
04-01-2024,23:00:00,66,9,46,0,149,126,11
05-01-2024,00:00:00,60,8,42,0,153,145,12
05-01-2024,01:00:00,56,7,39,,155,158,13
05-01-2024,02:00:00,46,7,35,,149,178,13
05-01-2024,03:00:00,40,6,32,,148,189,14
05-01-2024,04:00:00,34,6,30,,142,166,12
05-01-2024,05:00:00,32,5,28,,137,160,11
05-01-2024,06:00:00,30,5,25,,131,150,8
05-01-2024,07:00:00,32,5,26,,134,168,6
05-01-2024,08:00:00,43,6,29,,136,179,5
05-01-2024,09:00:00,43,6,29,2,149,190,5
05-01-2024,10:00:00,33,5,28,26,153,201,5
05-01-2024,11:00:00,28,5,25,74,143,203,9
05-01-2024,12:00:00,23,4,21,140,130,202,12
05-01-2024,13:00:00,20,3,18,170,124,189,12
05-01-2024,14:00:00,20,3,17,196,115,129,11
05-01-2024,15:00:00,20,3,16,210,111,128,10
05-01-2024,16:00:00,17,2,11,104,114,117,9
05-01-2024,17:00:00,17,2,12,72,111,100,8
05-01-2024,18:00:00,17,3,14,69,100,90,7
05-01-2024,19:00:00,22,4,18,48,78,81,6
05-01-2024,20:00:00,28,5,26,23,82,65,5
05-01-2024,21:00:00,54,7,38,0,92,68,4
05-01-2024,22:00:00,54,8,41,0,109,70,4
05-01-2024,23:00:00,54,9,47,0,118,83,5
06-01-2024,00:00:00,48,8,43,0,123,86,5
06-01-2024,01:00:00,40,8,41,0,126,113,5
06-01-2024,02:00:00,46,8,42,0,126,97,6
06-01-2024,03:00:00,39,7,38,0,131,125,7
06-01-2024,04:00:00,36,6,34,0,131,110,8
06-01-2024,05:00:00,34,6,34,0,130,98,7
06-01-2024,06:00:00,33,6,32,0,132,126,6
06-01-2024,07:00:00,40,7,35,,150,140,6
06-01-2024,08:00:00,42,6,31,,165,180,5
06-01-2024,09:00:00,42,6,29,1,161,185,5
06-01-2024,10:00:00,28,5,26,24,159,197,5
06-01-2024,11:00:00,26,5,25,56,153,204,7
06-01-2024,12:00:00,21,3,14,82,153,204,8
06-01-2024,13:00:00,20,3,16,103,130,195,10
06-01-2024,17:00:00,16,2,9,120,114,120,9
06-01-2024,18:00:00,16,2,11,89,114,133,8
06-01-2024,19:00:00,22,3,16,50,111,126,8
06-01-2024,20:00:00,37,5,26,18,116,118,8
06-01-2024,21:00:00,34,5,28,14,125,127,7
06-01-2024,22:00:00,34,4,22,18,131,131,6
06-01-2024,23:00:00,54,6,33,0,128,131,7
07-01-2024,00:00:00,53,6,32,,138,148,8
07-01-2024,01:00:00,52,6,31,,148,170,8
07-01-2024,02:00:00,43,5,27,,153,175,9
07-01-2024,03:00:00,38,5,27,,154,193,8
07-01-2024,04:00:00,39,5,26,,151,185,9
07-01-2024,05:00:00,30,5,24,,145,171,9
07-01-2024,06:00:00,22,3,17,4,136,164,9
07-01-2024,07:00:00,26,3,17,1,128,166,8
07-01-2024,08:00:00,22,5,25,7,114,131,6
07-01-2024,09:00:00,24,4,22,2,114,127,5
08-01-2024,17:00:00,12,1,6,96,60,48,8
08-01-2024,18:00:00,12,2,8,88,57,41,7
08-01-2024,19:00:00,18,4,19,61,64,53,7
08-01-2024,20:00:00,21,4,20,46,82,67,7
08-01-2024,21:00:00,58,7,35,3,108,76,8
08-01-2024,22:00:00,76,8,42,0,131,86,9
08-01-2024,23:00:00,78,8,41,0,149,93,11
09-01-2024,00:00:00,60,7,37,0,155,110,12
09-01-2024,01:00:00,58,7,35,0,151,131,13
09-01-2024,02:00:00,51,6,31,0,144,132,15
09-01-2024,03:00:00,48,5,28,0,144,127,16
09-01-2024,04:00:00,45,5,28,0,143,136,18
09-01-2024,05:00:00,30,4,23,,142,161,18
09-01-2024,06:00:00,28,4,21,,147,161,17
09-01-2024,07:00:00,26,3,17,,137,158,15
09-01-2024,08:00:00,22,3,17,1,130,157,14
09-01-2024,09:00:00,22,3,15,3,127,145,13
09-01-2024,10:00:00,22,4,18,11,126,138,11
09-01-2024,11:00:00,20,3,13,28,117,105,10
09-01-2024,12:00:00,18,2,11,37,108,92,10
09-01-2024,13:00:00,17,2,10,35,102,68,9
09-01-2024,14:00:00,16,2,9,30,105,77,8
09-01-2024,15:00:00,16,2,9,27,107,80,7
09-01-2024,16:00:00,17,2,10,30,106,71,7
09-01-2024,17:00:00,15,2,9,31,103,75,6
09-01-2024,18:00:00,14,2,9,25,95,73,6
09-01-2024,19:00:00,14,2,8,25,72,58,6
09-01-2024,20:00:00,16,2,8,26,69,61,5
09-01-2024,21:00:00,16,2,9,27,73,68,5
09-01-2024,22:00:00,14,1,7,34,69,67,5
09-01-2024,23:00:00,15,2,9,26,52,55,5
10-01-2024,00:00:00,14,2,8,26,57,61,4
10-01-2024,01:00:00,14,2,7,12,56,64,4
10-01-2024,02:00:00,14,2,9,16,64,60,4
10-01-2024,03:00:00,14,2,10,7,54,61,3
10-01-2024,04:00:00,14,2,9,3,56,56,3
10-01-2024,05:00:00,14,2,11,2,58,56,2
10-01-2024,06:00:00,17,3,16,0,59,64,2
10-01-2024,07:00:00,23,3,18,,65,55,2
10-01-2024,08:00:00,28,3,16,,74,59,2
10-01-2024,09:00:00,21,3,17,6,92,73,2
10-01-2024,10:00:00,20,3,15,24,91,82,4
10-01-2024,11:00:00,17,2,11,50,81,88,7
10-01-2024,12:00:00,16,2,11,71,76,84,9
10-01-2024,13:00:00,16,2,11,81,78,81,8
10-01-2024,14:00:00,18,2,11,82,84,76,7
10-01-2024,15:00:00,20,3,13,72,97,80,8
10-01-2024,16:00:00,18,2,12,76,111,108,8
10-01-2024,17:00:00,20,3,14,64,113,105,9
10-01-2024,18:00:00,22,3,16,44,114,118,9
10-01-2024,19:00:00,25,3,16,21,117,109,10
10-01-2024,20:00:00,31,4,18,2,126,142,10
10-01-2024,21:00:00,42,4,19,,136,145,10
10-01-2024,22:00:00,52,3,17,0,135,159,10
10-01-2024,23:00:00,62,4,19,,139,155,12
11-01-2024,00:00:00,59,4,19,,144,136,14
11-01-2024,01:00:00,57,3,17,,161,170,15
11-01-2024,02:00:00,50,3,16,,164,174,18
11-01-2024,03:00:00,40,3,14,,161,182,19
11-01-2024,04:00:00,32,3,14,,146,162,19
11-01-2024,05:00:00,24,3,16,1,137,151,17
11-01-2024,06:00:00,20,2,11,6,138,152,16
11-01-2024,07:00:00,22,2,10,1,141,141,13
11-01-2024,08:00:00,30,2,12,,135,160,12
11-01-2024,09:00:00,24,2,11,7,142,166,11
11-01-2024,10:00:00,22,3,13,27,145,154,11
11-01-2024,11:00:00,19,2,11,62,100,156,11
11-01-2024,12:00:00,18,2,10,90,62,103,11
11-01-2024,13:00:00,16,2,9,113,,,11
11-01-2024,14:00:00,14,2,8,123,,,10
11-01-2024,15:00:00,13,1,7,131,,,9
11-01-2024,16:00:00,12,1,6,127,,,9
11-01-2024,17:00:00,12,1,6,113,52,60,8
11-01-2024,18:00:00,14,1,6,95,46,66,8
11-01-2024,19:00:00,22,3,17,43,58,58,8
11-01-2024,20:00:00,23,4,21,29,67,60,7
11-01-2024,21:00:00,50,6,31,4,86,72,7
11-01-2024,22:00:00,74,7,35,1,119,90,8
11-01-2024,23:00:00,72,6,34,0,136,97,10
12-01-2024,00:00:00,66,6,33,0,146,127,12
12-01-2024,01:00:00,74,7,36,0,155,148,13
12-01-2024,02:00:00,78,6,34,,174,180,16
12-01-2024,03:00:00,66,5,28,0,197,211,19
12-01-2024,04:00:00,57,5,24,,179,205,23
12-01-2024,05:00:00,50,4,22,,175,235,24
12-01-2024,06:00:00,58,4,22,,171,241,24
12-01-2024,07:00:00,59,4,23,,176,250,24
12-01-2024,08:00:00,62,5,25,,182,264,25
12-01-2024,09:00:00,48,5,24,2,201,289,25
12-01-2024,10:00:00,32,5,26,26,192,291,23
12-01-2024,11:00:00,22,3,15,70,153,247,23
12-01-2024,12:00:00,20,3,15,102,115,173,22
12-01-2024,13:00:00,20,3,13,122,95,142,20
12-01-2024,14:00:00,14,2,11,118,85,105,17
12-01-2024,15:00:00,14,2,10,127,73,89,15
12-01-2024,16:00:00,14,2,10,131,64,76,13
12-01-2024,17:00:00,12,2,8,139,67,73,12
12-01-2024,18:00:00,14,3,15,87,67,71,11
12-01-2024,19:00:00,24,4,22,46,76,62,10
12-01-2024,20:00:00,29,5,24,32,90,73,8
12-01-2024,21:00:00,37,6,29,10,101,91,8
12-01-2024,22:00:00,50,6,30,8,112,107,8
12-01-2024,23:00:00,68,7,37,0,119,106,9
13-01-2024,00:00:00,65,7,38,0,135,117,11
13-01-2024,01:00:00,65,7,36,0,153,156,13
13-01-2024,02:00:00,66,7,35,0,179,166,15
13-01-2024,03:00:00,50,6,30,,194,194,16
13-01-2024,04:00:00,48,5,28,,184,205,18
13-01-2024,05:00:00,42,5,26,,180,194,17
13-01-2024,06:00:00,42,5,24,,164,175,17
13-01-2024,07:00:00,44,5,24,,154,183,17
13-01-2024,08:00:00,55,5,24,,156,185,16
13-01-2024,09:00:00,51,5,24,2,166,179,16
13-01-2024,10:00:00,36,5,27,37,162,196,16
13-01-2024,11:00:00,34,5,28,105,153,215,18
13-01-2024,12:00:00,24,4,19,182,146,256,20
13-01-2024,13:00:00,20,3,16,182,131,209,20
13-01-2024,14:00:00,15,3,13,141,113,174,16
16-01-2024,12:00:00,40,4,23,110,78,80,
16-01-2024,13:00:00,15,4,23,160,,,30
16-01-2024,14:00:00,14,4,22,173,86,183,17
16-01-2024,15:00:00,14,3,18,181,83,162,12
16-01-2024,16:00:00,11,3,14,124,72,95,10
16-01-2024,17:00:00,13,3,13,112,63,78,10
16-01-2024,18:00:00,14,3,14,98,56,68,9
16-01-2024,19:00:00,16,3,18,90,58,51,9
16-01-2024,20:00:00,24,5,29,67,63,46,10
16-01-2024,21:00:00,28,7,39,25,81,49,7
16-01-2024,22:00:00,29,8,45,9,90,56,5
16-01-2024,23:00:00,30,9,46,2,95,63,4
17-01-2024,00:00:00,28,8,43,2,97,73,2
17-01-2024,01:00:00,24,8,41,1,101,69,2
17-01-2024,02:00:00,23,7,37,2,102,77,1
17-01-2024,03:00:00,20,7,35,0,104,87,0
17-01-2024,04:00:00,20,6,33,0,103,93,
17-01-2024,05:00:00,20,6,31,0,103,85,
17-01-2024,06:00:00,22,6,30,,105,87,
17-01-2024,07:00:00,30,6,30,,110,94,
17-01-2024,08:00:00,39,6,31,,121,119,
17-01-2024,09:00:00,32,5,27,4,139,147,
17-01-2024,10:00:00,22,5,27,37,139,151,
17-01-2024,11:00:00,23,5,25,79,109,122,
17-01-2024,12:00:00,20,4,21,142,86,99,4
17-01-2024,13:00:00,18,3,17,170,73,84,5
17-01-2024,14:00:00,13,2,12,108,74,86,5
17-01-2024,15:00:00,12,2,10,92,64,78,4
17-01-2024,16:00:00,10,2,10,93,62,72,4
17-01-2024,17:00:00,12,2,12,91,63,64,6
17-01-2024,18:00:00,14,3,13,87,60,55,5
17-01-2024,19:00:00,17,3,17,81,60,47,6
17-01-2024,20:00:00,19,4,22,63,67,47,5
17-01-2024,21:00:00,22,4,23,29,74,49,4
17-01-2024,22:00:00,23,0,,9,83,56,4
17-01-2024,23:00:00,24,0,,5,95,58,3
18-01-2024,00:00:00,18,5,25,21,98,68,3
18-01-2024,01:00:00,16,4,21,30,92,74,3
18-01-2024,02:00:00,16,4,21,12,86,78,3
18-01-2024,03:00:00,17,4,22,0,83,81,2
18-01-2024,04:00:00,18,4,22,,84,86,2
18-01-2024,05:00:00,19,4,19,,87,77,3
18-01-2024,06:00:00,20,4,18,,101,94,3
18-01-2024,07:00:00,22,4,19,,105,110,3
18-01-2024,08:00:00,25,4,20,,111,118,3
18-01-2024,09:00:00,20,4,20,14,121,125,3
18-01-2024,10:00:00,18,3,18,50,123,135,5
18-01-2024,11:00:00,15,3,15,73,101,118,5
18-01-2024,12:00:00,13,3,13,83,66,88,4
18-01-2024,13:00:00,12,2,13,90,41,63,3
18-01-2024,14:00:00,12,2,11,94,44,63,5
18-01-2024,15:00:00,10,2,9,87,52,55,4
18-01-2024,16:00:00,10,2,9,86,42,49,3
18-01-2024,17:00:00,12,2,11,84,43,42,3
18-01-2024,18:00:00,14,2,12,92,47,43,4
18-01-2024,19:00:00,16,3,17,89,62,49,6
18-01-2024,20:00:00,20,5,24,58,76,64,5
18-01-2024,21:00:00,28,8,41,5,93,76,4
18-01-2024,22:00:00,35,7,39,0,99,83,4
18-01-2024,23:00:00,36,7,37,0,107,97,3
19-01-2024,00:00:00,39,7,36,0,113,95,3
19-01-2024,01:00:00,42,7,36,,120,104,4
19-01-2024,02:00:00,37,7,35,,123,118,4
19-01-2024,03:00:00,30,6,30,,132,139,3
19-01-2024,04:00:00,28,5,26,,131,133,3
19-01-2024,05:00:00,24,4,21,,127,140,3
19-01-2024,06:00:00,24,4,22,3,122,130,2
19-01-2024,07:00:00,29,4,23,,123,118,3
19-01-2024,08:00:00,33,5,24,,123,119,4
19-01-2024,09:00:00,26,4,23,5,136,129,3
19-01-2024,10:00:00,22,5,25,37,136,126,5
19-01-2024,11:00:00,19,4,22,85,108,109,6
19-01-2024,12:00:00,16,4,18,87,94,104,5
19-01-2024,13:00:00,14,3,17,79,70,85,3
19-01-2024,14:00:00,12,3,14,71,50,66,3
19-01-2024,15:00:00,11,2,12,63,32,48,3
19-01-2024,16:00:00,10,2,11,68,32,44,4
19-01-2024,17:00:00,10,2,11,72,33,33,4
19-01-2024,18:00:00,12,2,12,67,35,27,5
19-01-2024,19:00:00,20,4,24,23,40,30,2
19-01-2024,20:00:00,24,6,30,5,47,30,4
19-01-2024,21:00:00,38,7,37,0,59,37,3
19-01-2024,22:00:00,24,7,36,8,71,42,2
19-01-2024,23:00:00,33,7,39,1,86,57,3
20-01-2024,00:00:00,30,7,36,0,91,67,3
20-01-2024,01:00:00,30,6,34,,104,79,3
20-01-2024,02:00:00,30,6,32,,110,85,3
20-01-2024,03:00:00,29,6,31,0,111,87,3
20-01-2024,04:00:00,26,5,27,,112,88,2
20-01-2024,05:00:00,23,5,26,,115,97,3
20-01-2024,06:00:00,22,5,25,,115,96,2
20-01-2024,07:00:00,35,5,29,,120,129,5
20-01-2024,08:00:00,39,5,27,,124,138,4
20-01-2024,09:00:00,32,5,26,19,138,175,3
20-01-2024,10:00:00,24,4,23,64,145,196,4
20-01-2024,11:00:00,18,4,19,92,126,165,5
20-01-2024,13:00:00,13,3,16,86,83,85,4
20-01-2024,14:00:00,12,2,12,68,56,59,4
20-01-2024,15:00:00,12,2,10,72,50,46,5
20-01-2024,16:00:00,14,2,11,88,45,47,5
20-01-2024,17:00:00,12,2,11,83,48,39,4
20-01-2024,20:00:00,28,6,34,10,55,46,3
20-01-2024,21:00:00,35,7,38,0,78,51,2
20-01-2024,22:00:00,45,7,38,0,86,51,3
20-01-2024,23:00:00,58,8,45,0,102,56,4
21-01-2024,00:00:00,64,8,45,0,113,73,4
21-01-2024,01:00:00,57,8,41,0,134,78,4
21-01-2024,02:00:00,42,6,34,0,137,87,4
21-01-2024,03:00:00,34,6,31,,130,78,4
21-01-2024,04:00:00,34,6,31,,125,86,4
21-01-2024,05:00:00,32,5,28,,131,94,3
21-01-2024,06:00:00,31,5,26,,135,122,3
21-01-2024,07:00:00,34,5,24,,135,135,4
21-01-2024,08:00:00,50,6,32,,140,137,4
21-01-2024,09:00:00,44,5,29,8,173,169,4
21-01-2024,10:00:00,22,5,21,58,175,173,4
21-01-2024,11:00:00,20,4,19,97,,,5
21-01-2024,12:00:00,18,3,18,117,,,6
21-01-2024,23:00:00,60,8,42,0,112,77,3
22-01-2024,00:00:00,51,7,38,0,131,80,3
22-01-2024,01:00:00,64,8,43,0,131,86,5
22-01-2024,02:00:00,58,7,37,0,159,92,5
22-01-2024,03:00:00,47,6,34,0,150,104,4
22-01-2024,04:00:00,30,6,34,2,141,119,3
22-01-2024,05:00:00,22,4,22,35,107,130,3
22-01-2024,06:00:00,22,5,26,19,92,119,1
22-01-2024,07:00:00,32,7,35,4,90,112,3
22-01-2024,08:00:00,48,8,44,0,120,144,4
22-01-2024,09:00:00,42,7,37,12,151,181,4
22-01-2024,10:00:00,29,5,27,53,137,177,6
22-01-2024,11:00:00,22,4,22,97,123,172,6
22-01-2024,12:00:00,20,4,19,134,113,150,7
22-01-2024,13:00:00,18,3,18,162,103,117,6
22-01-2024,14:00:00,15,3,16,120,96,108,5
22-01-2024,15:00:00,12,3,13,94,77,92,3
22-01-2024,16:00:00,10,2,11,76,63,83,4
22-01-2024,17:00:00,10,2,10,74,,,3
22-01-2024,18:00:00,11,2,11,74,39,33,4
22-01-2024,19:00:00,14,3,13,104,43,32,6
22-01-2024,20:00:00,16,3,15,83,54,37,5
22-01-2024,21:00:00,20,4,23,38,68,46,4
22-01-2024,22:00:00,22,6,29,15,75,45,4
22-01-2024,23:00:00,20,5,28,15,80,60,4
23-01-2024,00:00:00,18,5,24,36,84,66,3
23-01-2024,01:00:00,20,5,26,14,77,66,3
23-01-2024,02:00:00,20,5,29,2,80,72,2
23-01-2024,03:00:00,17,5,25,7,85,73,3
23-01-2024,04:00:00,18,5,25,0,85,67,3
23-01-2024,05:00:00,18,4,22,,87,71,2
23-01-2024,06:00:00,33,4,22,,91,76,3
23-01-2024,07:00:00,27,4,23,,91,79,4
23-01-2024,08:00:00,36,5,25,,102,78,3
23-01-2024,09:00:00,30,5,24,6,122,95,3
23-01-2024,10:00:00,22,5,25,55,120,94,6
23-01-2024,11:00:00,18,4,22,99,91,86,8
23-01-2024,12:00:00,16,3,17,140,69,81,8
23-01-2024,13:00:00,15,3,17,149,73,90,5
23-01-2024,14:00:00,14,3,16,172,75,78,6
23-01-2024,15:00:00,13,3,14,196,85,70,6
23-01-2024,16:00:00,13,2,12,211,86,63,5
23-01-2024,17:00:00,14,2,11,217,81,64,5
23-01-2024,18:00:00,16,3,13,156,79,57,5
23-01-2024,19:00:00,29,7,36,47,77,60,4
23-01-2024,20:00:00,76,11,59,1,87,57,5
23-01-2024,21:00:00,84,11,61,1,115,66,5
23-01-2024,22:00:00,70,11,60,1,142,83,6
23-01-2024,23:00:00,52,10,52,3,158,100,3
24-01-2024,00:00:00,70,11,57,1,161,118,4
24-01-2024,01:00:00,50,9,47,0,166,147,4
24-01-2024,02:00:00,40,8,44,0,156,131,3
24-01-2024,03:00:00,35,8,44,0,150,126,3
24-01-2024,04:00:00,32,8,45,0,142,129,4
24-01-2024,05:00:00,34,9,47,0,134,103,3
24-01-2024,06:00:00,36,8,44,,143,127,3
24-01-2024,07:00:00,40,8,44,,162,129,3
24-01-2024,08:00:00,44,8,45,,164,146,4
24-01-2024,09:00:00,30,6,33,22,159,150,3
24-01-2024,10:00:00,20,5,28,65,128,111,4
24-01-2024,11:00:00,17,4,22,97,100,94,4
24-01-2024,12:00:00,16,4,20,130,93,69,5
24-01-2024,13:00:00,14,4,19,147,86,69,5
24-01-2024,14:00:00,14,3,17,162,80,60,7
24-01-2024,15:00:00,14,3,15,169,77,59,6
24-01-2024,16:00:00,12,3,14,184,75,62,5
24-01-2024,17:00:00,12,2,12,182,69,51,6
24-01-2024,18:00:00,14,2,11,164,67,46,6
24-01-2024,19:00:00,26,6,32,54,70,45,4
24-01-2024,20:00:00,42,9,47,7,90,54,4
24-01-2024,21:00:00,66,10,53,1,99,65,5
24-01-2024,22:00:00,46,8,45,13,119,71,4
24-01-2024,23:00:00,27,6,32,35,131,76,3
25-01-2024,00:00:00,46,8,45,2,131,86,4
25-01-2024,01:00:00,57,9,49,1,134,107,5
25-01-2024,02:00:00,48,9,46,1,138,141,4
25-01-2024,03:00:00,42,8,44,0,139,163,4
25-01-2024,04:00:00,28,8,41,1,140,157,2
25-01-2024,05:00:00,24,7,39,,128,135,3
25-01-2024,06:00:00,28,7,40,0,123,113,2
25-01-2024,07:00:00,36,8,42,0,125,125,3
25-01-2024,08:00:00,46,8,43,0,127,141,3
25-01-2024,09:00:00,45,8,41,2,134,159,5
25-01-2024,10:00:00,27,7,38,37,139,171,4
25-01-2024,11:00:00,18,5,24,85,127,143,5
25-01-2024,12:00:00,14,4,20,105,107,91,5
25-01-2024,13:00:00,14,4,20,124,85,68,4
25-01-2024,14:00:00,14,4,19,152,73,57,4
25-01-2024,15:00:00,14,3,18,172,72,52,6
25-01-2024,16:00:00,14,3,16,187,75,51,5
25-01-2024,17:00:00,14,3,14,191,66,44,5
25-01-2024,18:00:00,14,3,14,172,67,45,5
25-01-2024,19:00:00,28,7,37,57,74,44,4
25-01-2024,20:00:00,38,9,47,9,87,54,4
25-01-2024,21:00:00,78,11,58,1,100,63,6
25-01-2024,22:00:00,102,13,71,1,126,81,7
25-01-2024,23:00:00,100,12,67,1,164,95,6
26-01-2024,00:00:00,93,12,66,1,191,176,6
26-01-2024,01:00:00,75,11,61,1,199,197,5
26-01-2024,02:00:00,58,10,54,1,210,210,5
26-01-2024,03:00:00,52,9,50,0,196,191,4
26-01-2024,04:00:00,52,9,50,0,195,207,4
26-01-2024,05:00:00,51,8,45,0,187,212,3
26-01-2024,06:00:00,48,8,44,,184,196,3
26-01-2024,07:00:00,56,9,47,0,186,212,3
26-01-2024,08:00:00,68,9,48,0,194,213,2
26-01-2024,09:00:00,65,8,44,6,198,202,5
26-01-2024,10:00:00,35,7,37,44,186,208,5
26-01-2024,11:00:00,26,5,29,106,167,214,8
26-01-2024,12:00:00,22,4,23,144,146,194,9
26-01-2024,13:00:00,20,4,21,159,126,166,11
26-01-2024,14:00:00,18,4,20,174,107,153,7
26-01-2024,15:00:00,16,3,18,185,98,131,7
26-01-2024,16:00:00,16,3,15,195,98,131,7
26-01-2024,17:00:00,15,3,13,193,86,117,6
26-01-2024,18:00:00,14,2,12,155,74,77,4
26-01-2024,19:00:00,18,3,17,99,74,69,5
26-01-2024,20:00:00,25,5,29,53,96,67,4
26-01-2024,21:00:00,48,9,47,4,113,80,5
26-01-2024,22:00:00,65,10,53,1,122,86,5
26-01-2024,23:00:00,60,11,58,1,139,107,5
27-01-2024,00:00:00,57,11,57,0,143,131,4
27-01-2024,01:00:00,57,11,58,0,145,135,4
27-01-2024,02:00:00,42,9,49,0,148,134,4
27-01-2024,03:00:00,38,8,43,0,148,142,4
27-01-2024,04:00:00,30,7,39,0,137,126,3
27-01-2024,05:00:00,32,8,41,,131,130,2
27-01-2024,06:00:00,36,7,39,0,127,130,4
27-01-2024,07:00:00,42,7,39,,131,132,4
27-01-2024,08:00:00,47,8,40,,143,169,4
27-01-2024,09:00:00,50,8,40,1,149,181,5
27-01-2024,10:00:00,36,7,39,34,147,178,6
27-01-2024,11:00:00,30,7,35,93,146,202,8
27-01-2024,12:00:00,21,4,22,142,140,200,9
27-01-2024,13:00:00,18,4,19,163,130,177,8
27-01-2024,14:00:00,17,3,18,168,116,154,5
27-01-2024,15:00:00,16,3,16,181,112,161,6
27-01-2024,16:00:00,16,3,13,183,107,122,6
27-01-2024,17:00:00,15,2,12,169,105,98,6
27-01-2024,18:00:00,15,2,12,143,99,94,6
27-01-2024,19:00:00,21,5,24,76,98,82,5
27-01-2024,20:00:00,28,6,32,35,97,75,4
27-01-2024,21:00:00,58,9,48,8,110,71,5
27-01-2024,22:00:00,88,11,58,1,124,86,6
27-01-2024,23:00:00,70,10,51,0,151,104,4
28-01-2024,00:00:00,66,9,48,0,167,152,6
28-01-2024,01:00:00,60,9,46,0,166,185,5
28-01-2024,02:00:00,57,9,47,0,167,170,5
28-01-2024,03:00:00,42,7,38,,166,161,4
28-01-2024,04:00:00,42,7,37,0,164,189,4
28-01-2024,05:00:00,33,6,33,,157,193,4
28-01-2024,06:00:00,34,6,34,,143,168,3
28-01-2024,07:00:00,40,6,34,,143,181,3
28-01-2024,08:00:00,44,7,35,,138,191,2
28-01-2024,09:00:00,42,6,33,1,145,208,3
28-01-2024,10:00:00,34,7,35,35,146,202,4
28-01-2024,11:00:00,32,7,35,100,146,221,6
28-01-2024,12:00:00,24,5,27,171,142,232,8
28-01-2024,13:00:00,18,4,21,170,132,214,5
28-01-2024,14:00:00,18,4,19,214,110,180,5
28-01-2024,15:00:00,16,3,17,249,98,164,5
28-01-2024,16:00:00,15,3,14,266,93,120,4
28-01-2024,17:00:00,14,3,13,264,87,101,4
28-01-2024,18:00:00,16,3,13,234,84,96,4
28-01-2024,19:00:00,33,7,38,65,88,92,3
28-01-2024,20:00:00,30,6,34,83,100,91,5
28-01-2024,21:00:00,30,7,40,60,106,98,5
28-01-2024,22:00:00,46,11,60,6,106,98,4
28-01-2024,23:00:00,54,11,61,0,113,104,5
29-01-2024,00:00:00,51,11,60,0,121,115,4
29-01-2024,01:00:00,44,10,55,0,124,127,5
29-01-2024,02:00:00,40,10,52,0,128,117,3
29-01-2024,03:00:00,35,9,47,0,129,102,4
29-01-2024,04:00:00,30,8,43,0,130,120,3
29-01-2024,05:00:00,28,8,40,,125,128,4
29-01-2024,06:00:00,31,7,39,,123,113,2
29-01-2024,07:00:00,38,8,42,0,125,119,3
29-01-2024,08:00:00,48,8,44,,131,142,3
29-01-2024,09:00:00,48,8,43,1,143,147,4
29-01-2024,10:00:00,36,8,42,28,148,174,4
29-01-2024,11:00:00,23,5,28,106,136,163,7
29-01-2024,12:00:00,20,5,26,164,118,146,5
29-01-2024,13:00:00,18,4,22,217,116,102,6
29-01-2024,14:00:00,18,4,20,234,112,86,5
29-01-2024,15:00:00,18,4,19,302,109,83,6
29-01-2024,16:00:00,17,3,16,302,104,77,5
29-01-2024,17:00:00,16,3,13,247,102,74,4
29-01-2024,18:00:00,20,3,16,180,98,77,5
29-01-2024,19:00:00,29,6,31,59,96,82,4
29-01-2024,20:00:00,35,7,37,19,100,72,5
29-01-2024,21:00:00,32,7,38,13,106,78,4
29-01-2024,22:00:00,52,9,48,0,109,86,5
29-01-2024,23:00:00,56,10,53,0,122,90,4
30-01-2024,00:00:00,52,10,51,0,130,98,5
30-01-2024,01:00:00,38,9,48,0,135,108,3
30-01-2024,02:00:00,33,8,45,0,131,109,3
30-01-2024,03:00:00,28,7,40,0,128,116,4
30-01-2024,04:00:00,24,7,37,,126,114,3
30-01-2024,05:00:00,22,7,35,,125,102,2
30-01-2024,06:00:00,26,7,37,,122,92,3
30-01-2024,07:00:00,32,7,38,,124,110,3
30-01-2024,08:00:00,39,7,38,,140,129,3
30-01-2024,09:00:00,42,7,37,1,147,141,4
30-01-2024,10:00:00,30,6,34,32,146,152,5
30-01-2024,11:00:00,24,6,32,91,125,141,7
30-01-2024,12:00:00,23,6,32,154,119,126,7
30-01-2024,13:00:00,19,5,24,209,121,115,7
30-01-2024,14:00:00,18,4,21,272,118,99,5
30-01-2024,15:00:00,17,4,20,302,113,96,6
30-01-2024,16:00:00,16,3,16,278,112,102,6
30-01-2024,17:00:00,15,3,16,159,113,92,6
30-01-2024,18:00:00,16,4,18,127,101,76,5
30-01-2024,19:00:00,20,4,22,85,95,68,4
30-01-2024,20:00:00,29,6,31,63,102,76,5
30-01-2024,21:00:00,38,9,47,16,114,86,5
30-01-2024,22:00:00,35,9,49,33,120,92,5
30-01-2024,23:00:00,33,10,53,26,120,88,4
31-01-2024,00:00:00,32,10,54,12,123,114,4
31-01-2024,01:00:00,36,10,53,1,124,95,5
31-01-2024,02:00:00,30,9,48,2,128,117,4
31-01-2024,03:00:00,28,8,43,0,131,120,3
31-01-2024,04:00:00,29,7,40,0,135,130,3
31-01-2024,05:00:00,30,7,38,,138,130,4
31-01-2024,06:00:00,29,7,36,0,138,172,3
31-01-2024,07:00:00,33,7,38,,132,156,3
31-01-2024,08:00:00,44,7,39,,140,166,4
31-01-2024,09:00:00,44,8,41,1,145,168,3
31-01-2024,10:00:00,31,6,34,48,145,194,5
31-01-2024,11:00:00,28,6,31,100,140,177,6
31-01-2024,12:00:00,20,5,26,146,118,142,4
31-01-2024,13:00:00,17,4,22,164,109,94,4
31-01-2024,14:00:00,14,3,17,154,103,85,4
31-01-2024,15:00:00,14,3,16,123,100,71,4
31-01-2024,16:00:00,13,3,14,124,103,75,4
31-01-2024,17:00:00,12,3,13,125,92,70,4
31-01-2024,18:00:00,15,3,14,173,88,56,6
31-01-2024,19:00:00,22,4,18,195,88,62,9
31-01-2024,20:00:00,20,4,22,141,95,82,8
31-01-2024,21:00:00,21,5,25,82,103,94,7
31-01-2024,22:00:00,20,5,27,69,105,89,5
31-01-2024,23:00:00,20,6,31,54,102,86,5
01-02-2024,00:00:00,23,7,37,23,98,87,4
01-02-2024,01:00:00,25,8,41,9,95,73,4
01-02-2024,02:00:00,27,8,42,1,103,80,3
01-02-2024,03:00:00,23,7,40,0,105,85,3
01-02-2024,04:00:00,21,7,35,,99,80,3
01-02-2024,05:00:00,20,7,39,0,100,78,3
01-02-2024,20:00:00,103,6,31,58,76,40,1
01-02-2024,21:00:00,22,6,34,48,88,44,0
01-02-2024,22:00:00,25,8,42,13,103,50,3
01-02-2024,23:00:00,20,6,34,17,105,60,3
02-02-2024,00:00:00,22,6,33,9,104,60,3
02-02-2024,01:00:00,26,7,36,0,102,63,2
02-02-2024,02:00:00,19,6,31,1,104,64,2
02-02-2024,03:00:00,18,6,30,,104,59,3
02-02-2024,04:00:00,18,5,29,,99,63,2
02-02-2024,05:00:00,18,5,28,,92,61,3
02-02-2024,06:00:00,20,6,29,,90,63,3
02-02-2024,07:00:00,26,5,27,,100,65,3
02-02-2024,08:00:00,33,5,28,,109,74,4
02-02-2024,09:00:00,32,6,29,1,124,87,4
02-02-2024,10:00:00,20,5,24,48,124,85,6
02-02-2024,11:00:00,16,4,21,88,100,85,9
02-02-2024,12:00:00,14,4,19,115,96,85,8
02-02-2024,13:00:00,14,4,18,148,103,73,7
02-02-2024,14:00:00,14,3,17,152,95,68,6
02-02-2024,15:00:00,13,3,16,157,88,77,6
02-02-2024,16:00:00,13,3,14,167,83,66,6
02-02-2024,17:00:00,12,3,14,165,78,64,6
02-02-2024,18:00:00,12,2,12,149,78,64,5
02-02-2024,19:00:00,16,4,20,86,80,60,5
02-02-2024,20:00:00,25,7,35,33,86,63,4
02-02-2024,21:00:00,34,8,43,8,95,64,4
02-02-2024,22:00:00,31,7,37,17,106,66,4
02-02-2024,23:00:00,38,8,44,7,112,73,4
03-02-2024,00:00:00,70,11,57,1,122,91,5
03-02-2024,01:00:00,60,10,52,0,150,140,5
03-02-2024,02:00:00,47,8,44,0,166,151,5
03-02-2024,03:00:00,40,8,41,0,166,173,4
03-02-2024,04:00:00,40,7,39,0,162,187,4
03-02-2024,05:00:00,39,7,35,0,155,202,3
03-02-2024,06:00:00,44,7,38,0,152,185,4
03-02-2024,07:00:00,54,8,44,0,159,198,4
03-02-2024,08:00:00,68,9,50,0,233,228,5
03-02-2024,09:00:00,60,9,46,1,402,260,3
03-02-2024,10:00:00,34,8,42,36,251,267,6
03-02-2024,11:00:00,20,5,25,88,119,241,7
03-02-2024,12:00:00,16,4,21,110,79,134,6
03-02-2024,13:00:00,16,4,20,130,77,111,6
03-02-2024,14:00:00,15,4,19,159,77,78,6
03-02-2024,15:00:00,14,3,18,176,102,84,7
03-02-2024,16:00:00,12,3,15,169,87,75,7
03-02-2024,17:00:00,12,3,13,151,79,80,5
03-02-2024,18:00:00,12,2,11,123,55,59,5
03-02-2024,19:00:00,33,7,35,37,65,55,4
03-02-2024,20:00:00,106,13,70,1,110,50,6
03-02-2024,21:00:00,111,14,76,1,175,70,7
03-02-2024,22:00:00,101,12,66,1,235,90,7
03-02-2024,23:00:00,92,11,58,0,216,99,6
04-02-2024,00:00:00,96,11,59,1,199,132,6
04-02-2024,01:00:00,70,11,56,0,213,168,7
04-02-2024,02:00:00,58,9,49,0,206,183,6
04-02-2024,03:00:00,52,8,45,0,188,185,3
04-02-2024,04:00:00,48,8,42,0,172,183,3
04-02-2024,05:00:00,47,8,42,,178,159,4
04-02-2024,06:00:00,43,7,39,,184,168,3
04-02-2024,07:00:00,42,7,40,,163,176,2
04-02-2024,08:00:00,57,8,44,0,159,184,2
04-02-2024,09:00:00,48,8,41,3,186,194,4
04-02-2024,10:00:00,38,8,45,36,186,191,6
04-02-2024,11:00:00,26,6,31,107,159,210,8
04-02-2024,12:00:00,22,5,27,163,141,205,8
04-02-2024,13:00:00,18,4,22,165,122,182,6
04-02-2024,14:00:00,16,4,21,176,105,164,6
04-02-2024,15:00:00,16,3,18,179,100,155,6
04-02-2024,16:00:00,16,3,16,198,86,148,5
04-02-2024,17:00:00,15,3,13,213,83,118,6
04-02-2024,18:00:00,18,3,16,156,83,97,5
04-02-2024,19:00:00,38,9,46,17,103,106,4
04-02-2024,20:00:00,28,6,32,49,113,96,4
04-02-2024,21:00:00,43,7,40,6,118,90,5
04-02-2024,22:00:00,45,0,0,0,120,99,4
04-02-2024,23:00:00,42,9,47,,123,101,5
05-02-2024,00:00:00,53,10,52,,123,105,5
05-02-2024,01:00:00,59,10,52,,136,114,5
05-02-2024,02:00:00,46,9,46,,153,119,4
05-02-2024,03:00:00,34,8,41,,162,144,4
05-02-2024,04:00:00,28,6,34,,142,148,3
05-02-2024,05:00:00,26,6,32,,129,162,3
05-02-2024,06:00:00,27,6,30,,119,140,3
05-02-2024,07:00:00,33,6,33,,119,113,4
05-02-2024,08:00:00,42,7,35,,124,129,3
05-02-2024,09:00:00,44,7,35,1,143,152,3
05-02-2024,10:00:00,30,7,35,30,141,175,4
05-02-2024,11:00:00,28,6,31,91,128,184,6
05-02-2024,12:00:00,22,5,27,147,119,155,5
05-02-2024,13:00:00,16,4,22,168,106,134,5
05-02-2024,14:00:00,14,3,18,151,91,93,4
05-02-2024,15:00:00,13,3,16,126,79,101,4
05-02-2024,16:00:00,14,3,15,139,71,77,4
05-02-2024,17:00:00,15,3,15,164,68,67,7
05-02-2024,18:00:00,16,4,18,205,78,72,11
05-02-2024,19:00:00,20,4,22,191,88,71,12
05-02-2024,20:00:00,23,5,28,96,94,87,9
05-02-2024,21:00:00,38,10,53,10,100,91,5
05-02-2024,22:00:00,47,12,65,3,111,127,5
05-02-2024,23:00:00,64,14,74,1,132,120,5
06-02-2024,00:00:00,54,12,65,0,151,152,5
06-02-2024,01:00:00,42,10,56,0,166,155,5
06-02-2024,02:00:00,37,10,54,0,173,174,4
06-02-2024,03:00:00,33,9,49,0,165,180,3
06-02-2024,04:00:00,31,9,48,,159,166,4
06-02-2024,05:00:00,32,9,48,,160,189,4
06-02-2024,06:00:00,34,8,43,,153,198,4
06-02-2024,07:00:00,36,8,42,,155,191,4
06-02-2024,08:00:00,38,8,42,,156,179,4
06-02-2024,09:00:00,34,8,40,7,158,173,4
06-02-2024,10:00:00,33,8,41,38,155,168,5
06-02-2024,11:00:00,32,7,38,109,148,191,9
06-02-2024,12:00:00,30,7,37,208,148,181,8
06-02-2024,13:00:00,21,5,26,248,144,169,7
06-02-2024,14:00:00,20,4,21,302,121,108,5
06-02-2024,15:00:00,18,3,17,285,115,117,5
06-02-2024,16:00:00,14,3,14,123,107,96,4
06-02-2024,17:00:00,14,3,14,114,87,74,4
06-02-2024,18:00:00,14,3,17,105,85,63,5
06-02-2024,19:00:00,19,5,24,88,87,60,7
06-02-2024,20:00:00,28,7,37,39,81,45,6
06-02-2024,21:00:00,38,9,47,3,92,46,6
06-02-2024,22:00:00,35,9,50,13,103,53,4
06-02-2024,23:00:00,45,10,56,11,113,69,5
07-02-2024,00:00:00,44,1,9,0,123,78,4
07-02-2024,01:00:00,38,0,,0,132,92,4
07-02-2024,02:00:00,35,0,,3,139,96,5
07-02-2024,03:00:00,36,0,,0,147,117,3
07-02-2024,04:00:00,32,0,,,151,117,3
07-02-2024,05:00:00,32,0,,,151,113,4
07-02-2024,06:00:00,34,0,,,151,112,4
07-02-2024,07:00:00,34,0,,,150,130,3
07-02-2024,08:00:00,48,0,,,154,152,4
07-02-2024,09:00:00,40,4,36,9,171,166,3
07-02-2024,10:00:00,24,6,31,70,161,189,6
07-02-2024,11:00:00,22,5,27,98,137,161,8
07-02-2024,12:00:00,19,5,26,147,110,100,6
07-02-2024,13:00:00,17,4,22,179,96,81,6
07-02-2024,14:00:00,14,4,19,194,89,72,5
07-02-2024,15:00:00,14,3,16,159,83,63,4
07-02-2024,16:00:00,12,3,14,103,81,54,4
07-02-2024,17:00:00,12,3,15,97,75,52,3
07-02-2024,18:00:00,12,3,16,88,66,46,4
07-02-2024,19:00:00,16,4,22,57,67,36,4
07-02-2024,20:00:00,32,6,32,13,75,30,4
07-02-2024,21:00:00,54,8,44,0,96,39,6
07-02-2024,22:00:00,54,9,46,0,114,47,6
07-02-2024,23:00:00,54,9,49,0,132,65,5
08-02-2024,00:00:00,43,9,48,0,147,74,5
08-02-2024,01:00:00,50,10,52,1,155,80,5
08-02-2024,02:00:00,36,9,49,1,170,95,5
08-02-2024,03:00:00,33,8,44,,185,115,4
08-02-2024,04:00:00,30,7,40,,186,137,3
08-02-2024,05:00:00,32,7,38,,179,156,3
08-02-2024,06:00:00,33,7,36,,171,169,4
08-02-2024,07:00:00,44,8,43,,171,151,5
08-02-2024,08:00:00,51,8,43,,195,177,3
08-02-2024,09:00:00,35,7,35,15,203,202,4
08-02-2024,10:00:00,18,5,26,59,175,169,5
08-02-2024,11:00:00,16,4,22,89,127,105,6
08-02-2024,12:00:00,14,4,21,112,109,87,9
08-02-2024,13:00:00,15,4,19,144,101,72,10
08-02-2024,14:00:00,16,4,21,175,101,71,9
08-02-2024,15:00:00,14,4,18,198,106,74,8
08-02-2024,16:00:00,14,3,16,218,94,70,7
08-02-2024,17:00:00,14,3,14,252,83,64,6
08-02-2024,18:00:00,15,3,17,208,77,55,8
08-02-2024,19:00:00,54,10,54,27,94,58,5
08-02-2024,20:00:00,86,12,67,1,120,58,5
08-02-2024,21:00:00,76,11,59,0,150,61,5
08-02-2024,22:00:00,65,11,60,0,163,68,5
08-02-2024,23:00:00,56,11,58,0,162,76,4
09-02-2024,00:00:00,80,12,66,1,157,86,6
09-02-2024,01:00:00,66,11,57,0,174,104,5
09-02-2024,02:00:00,48,9,51,0,180,111,4
09-02-2024,03:00:00,48,9,49,0,191,128,3
09-02-2024,04:00:00,39,8,42,,188,104,3
09-02-2024,05:00:00,38,8,43,,175,111,2
09-02-2024,06:00:00,40,8,43,0,169,110,3
09-02-2024,07:00:00,44,8,42,,179,116,3
09-02-2024,08:00:00,54,8,44,,201,123,4
09-02-2024,09:00:00,46,7,39,9,212,152,4
09-02-2024,10:00:00,34,8,43,41,189,178,6
09-02-2024,11:00:00,26,6,30,121,175,167,7
09-02-2024,12:00:00,23,5,27,194,157,171,8
09-02-2024,13:00:00,22,5,27,279,138,138,7
09-02-2024,14:00:00,19,4,23,277,126,123,5
09-02-2024,15:00:00,14,4,19,147,116,94,4
09-02-2024,16:00:00,10,3,15,99,103,68,2
09-02-2024,17:00:00,12,3,13,106,80,53,3
09-02-2024,18:00:00,12,3,16,117,55,38,3
09-02-2024,19:00:00,20,5,25,134,59,35,11
09-02-2024,20:00:00,28,7,39,82,80,46,8
09-02-2024,21:00:00,32,8,42,96,114,55,9
09-02-2024,22:00:00,44,12,67,20,138,72,6
09-02-2024,23:00:00,49,13,72,1,145,84,6
10-02-2024,00:00:00,52,14,74,1,148,91,5
10-02-2024,01:00:00,50,13,72,0,167,131,5
10-02-2024,02:00:00,42,12,62,0,168,139,4
10-02-2024,03:00:00,35,10,53,,179,154,3
10-02-2024,04:00:00,29,9,49,1,172,142,2
10-02-2024,05:00:00,30,9,49,,163,137,3
10-02-2024,06:00:00,27,8,43,,156,118,4
10-02-2024,07:00:00,34,9,48,,149,140,4
10-02-2024,08:00:00,38,8,40,,163,148,3
10-02-2024,09:00:00,32,7,39,16,161,127,3
10-02-2024,10:00:00,28,7,35,82,154,141,5
10-02-2024,11:00:00,24,6,30,148,143,144,6
10-02-2024,12:00:00,20,6,30,184,124,95,6
10-02-2024,13:00:00,16,5,24,180,113,86,4
10-02-2024,14:00:00,14,4,20,198,96,66,3
10-02-2024,15:00:00,12,3,16,181,73,48,4
10-02-2024,16:00:00,10,3,14,93,68,37,2
10-02-2024,17:00:00,10,3,14,94,59,32,3
10-02-2024,18:00:00,12,3,15,141,52,25,6
10-02-2024,19:00:00,18,2,16,301,68,31,15
10-02-2024,20:00:00,20,0,,300,104,43,14
10-02-2024,21:00:00,22,0,,172,124,58,11
10-02-2024,22:00:00,26,0,,65,134,69,6
10-02-2024,23:00:00,31,0,,17,135,71,7
11-02-2024,00:00:00,32,0,,2,133,77,6
11-02-2024,01:00:00,35,0,,2,136,74,5
11-02-2024,02:00:00,40,0,,0,137,84,4
11-02-2024,03:00:00,32,0,,0,145,89,4
11-02-2024,04:00:00,28,0,,,148,94,4
11-02-2024,05:00:00,26,0,,0,145,101,3
11-02-2024,06:00:00,27,0,,,138,104,4
11-02-2024,07:00:00,25,0,,,139,98,3
11-02-2024,08:00:00,35,0,,0,136,105,2
11-02-2024,09:00:00,28,5,36,10,143,123,3
11-02-2024,10:00:00,23,5,27,87,134,125,5
11-02-2024,13:00:00,14,4,20,184,103,89,6
11-02-2024,14:00:00,14,3,17,190,98,81,3
11-02-2024,15:00:00,12,3,14,164,84,81,4
11-02-2024,17:00:00,,3,,,,,
12-02-2024,09:00:00,36,8,42,7,129,148,3
12-02-2024,10:00:00,34,8,40,67,136,158,8
12-02-2024,11:00:00,24,6,31,143,135,153,8
12-02-2024,12:00:00,18,5,25,142,124,134,5
12-02-2024,13:00:00,16,4,22,164,103,81,5
12-02-2024,14:00:00,14,3,18,211,83,72,5
12-02-2024,15:00:00,12,3,15,190,77,67,4
12-02-2024,16:00:00,12,3,13,131,76,54,4
12-02-2024,17:00:00,,,,,68,53,
12-02-2024,18:00:00,12,3,15,101,61,40,4
12-02-2024,19:00:00,19,5,25,78,61,37,6
12-02-2024,20:00:00,38,9,50,10,68,38,5
12-02-2024,21:00:00,46,11,61,1,85,46,6
12-02-2024,22:00:00,36,11,57,11,103,57,6
12-02-2024,23:00:00,48,12,64,1,111,66,4
13-02-2024,00:00:00,36,10,55,3,117,76,6
13-02-2024,01:00:00,34,10,55,0,121,85,6
13-02-2024,02:00:00,29,9,49,1,129,82,6
13-02-2024,03:00:00,24,8,45,0,130,93,4
13-02-2024,04:00:00,24,8,44,1,123,86,4
13-02-2024,05:00:00,26,8,42,1,120,86,4
13-02-2024,06:00:00,28,8,41,0,125,79,4
13-02-2024,07:00:00,24,7,37,0,132,95,4
13-02-2024,08:00:00,24,6,33,0,131,95,3
13-02-2024,09:00:00,32,7,37,6,124,84,5
13-02-2024,10:00:00,28,7,39,42,126,83,10
13-02-2024,11:00:00,25,7,37,72,133,104,11
13-02-2024,12:00:00,17,5,25,,,,
13-02-2024,13:00:00,,2,12,92,,,
13-02-2024,14:00:00,75,1,10,200,,,69
13-02-2024,15:00:00,18,,,240,56,14,2
13-02-2024,16:00:00,24,1,12,281,76,18,2
13-02-2024,17:00:00,22,3,37,206,69,17,1
13-02-2024,18:00:00,19,3,38,69,60,17,3
13-02-2024,19:00:00,24,4,52,64,57,14,4
13-02-2024,20:00:00,50,7,80,72,61,17,9
13-02-2024,21:00:00,51,7,81,82,71,31,11
13-02-2024,22:00:00,66,11,127,30,90,52,13
13-02-2024,23:00:00,100,17,181,0,108,69,12
14-02-2024,00:00:00,100,16,178,0,129,83,12
14-02-2024,01:00:00,96,16,174,1,147,97,12
14-02-2024,02:00:00,76,14,150,0,157,112,12
14-02-2024,03:00:00,58,13,141,0,155,131,11
14-02-2024,04:00:00,57,12,139,1,147,133,11
14-02-2024,05:00:00,53,11,130,0,143,124,11
14-02-2024,06:00:00,56,11,125,,141,119,11
14-02-2024,07:00:00,62,11,127,2,141,133,11
14-02-2024,08:00:00,86,11,126,1,142,144,11
14-02-2024,09:00:00,93,11,125,1,146,138,12
14-02-2024,10:00:00,74,11,129,50,156,150,15
14-02-2024,11:00:00,61,11,123,120,163,166,23
14-02-2024,12:00:00,43,8,100,174,162,167,24
14-02-2024,13:00:00,33,7,80,199,144,141,22
14-02-2024,14:00:00,27,6,68,221,137,114,18
14-02-2024,15:00:00,24,5,54,214,133,94,17
14-02-2024,16:00:00,24,4,50,224,123,84,16
14-02-2024,17:00:00,26,4,48,193,119,87,14
14-02-2024,18:00:00,32,5,59,155,112,82,14
14-02-2024,19:00:00,108,16,176,9,107,72,13
14-02-2024,20:00:00,119,16,176,2,120,73,14
14-02-2024,21:00:00,125,16,172,1,154,92,17
14-02-2024,22:00:00,116,14,154,0,184,133,19
14-02-2024,23:00:00,111,14,153,0,189,160,22
15-02-2024,00:00:00,113,15,162,0,181,151,24
15-02-2024,01:00:00,109,13,147,0,182,137,26
15-02-2024,02:00:00,94,12,132,0,176,147,27
15-02-2024,03:00:00,71,11,125,,161,146,28
15-02-2024,04:00:00,70,11,125,,152,126,26
15-02-2024,05:00:00,69,11,123,,152,113,23
15-02-2024,06:00:00,70,8,93,,150,114,22
15-02-2024,07:00:00,70,3,30,,149,121,20
15-02-2024,08:00:00,96,10,115,,154,130,20
15-02-2024,09:00:00,103,10,76,0,169,140,19
15-02-2024,10:00:00,66,9,51,28,182,160,20
15-02-2024,11:00:00,46,,,85,170,154,25
15-02-2024,12:00:00,34,,,139,148,113,27
15-02-2024,13:00:00,30,6,32,167,136,97,26
15-02-2024,14:00:00,29,,,185,126,102,23
15-02-2024,15:00:00,28,5,28,194,117,114,22
15-02-2024,16:00:00,22,,,184,110,96,21
15-02-2024,17:00:00,20,,,159,103,85,18
15-02-2024,18:00:00,27,,,132,94,79,17
15-02-2024,19:00:00,66,,,79,91,72,17
15-02-2024,20:00:00,78,,,71,100,72,18
15-02-2024,21:00:00,64,,,87,115,81,19
15-02-2024,22:00:00,76,,,32,123,85,19
15-02-2024,23:00:00,104,,,0,128,95,18
16-02-2024,00:00:00,93,,,0,143,117,17
16-02-2024,01:00:00,80,,,0,156,121,18
16-02-2024,02:00:00,66,,,7,157,125,17
16-02-2024,03:00:00,58,,,9,151,113,16
16-02-2024,04:00:00,62,,,0,149,124,16
16-02-2024,05:00:00,61,,,,149,131,16
16-02-2024,06:00:00,74,,,,150,128,16
16-02-2024,07:00:00,74,,,,154,155,16
16-02-2024,08:00:00,86,,,,159,185,16
16-02-2024,09:00:00,80,,,11,169,205,16
16-02-2024,10:00:00,56,,,58,172,212,19
16-02-2024,11:00:00,45,,,121,157,194,23
16-02-2024,12:00:00,42,,,182,160,173,25
16-02-2024,13:00:00,38,,,254,159,158,24
16-02-2024,14:00:00,30,,,212,139,147,22
16-02-2024,15:00:00,20,,,167,121,138,19
16-02-2024,16:00:00,19,,,155,101,109,17
16-02-2024,17:00:00,17,1,9,141,78,89,16
16-02-2024,18:00:00,16,1,11,129,70,75,15
16-02-2024,19:00:00,22,2,13,113,60,61,16
16-02-2024,20:00:00,31,3,17,74,63,55,16
16-02-2024,21:00:00,58,5,29,26,74,58,15
16-02-2024,22:00:00,100,8,47,0,91,65,15
16-02-2024,23:00:00,106,10,57,0,110,70,16
17-02-2024,00:00:00,105,9,55,0,127,77,18
17-02-2024,01:00:00,94,7,44,0,138,86,18
17-02-2024,02:00:00,102,8,49,0,154,97,20
17-02-2024,03:00:00,86,7,41,0,179,118,22
17-02-2024,04:00:00,68,5,33,0,190,140,22
17-02-2024,05:00:00,62,5,30,,177,144,22
17-02-2024,06:00:00,70,5,34,,160,134,21
17-02-2024,07:00:00,74,6,36,,154,127,21
17-02-2024,08:00:00,101,8,48,,159,131,22
17-02-2024,09:00:00,78,6,37,6,174,148,21
17-02-2024,10:00:00,60,5,29,51,172,149,27
17-02-2024,11:00:00,57,5,28,110,165,164,29
17-02-2024,12:00:00,42,3,22,202,161,187,28
17-02-2024,13:00:00,32,3,17,210,143,175,24
17-02-2024,14:00:00,18,2,11,137,134,163,19
17-02-2024,15:00:00,15,1,10,161,37,34,16
17-02-2024,16:00:00,14,1,10,175,55,44,14
17-02-2024,17:00:00,14,1,10,191,55,43,13
17-02-2024,18:00:00,14,1,10,173,49,38,13
17-02-2024,19:00:00,69,6,33,42,51,41,14
17-02-2024,20:00:00,102,8,50,1,80,51,15
17-02-2024,21:00:00,105,9,56,1,104,58,17
17-02-2024,22:00:00,106,10,57,0,123,83,18
17-02-2024,23:00:00,98,8,46,,130,87,19
18-02-2024,00:00:00,93,7,44,,128,96,19
18-02-2024,01:00:00,96,8,45,,132,97,20
18-02-2024,02:00:00,72,6,35,,129,93,19
18-02-2024,03:00:00,61,5,30,,122,87,19
18-02-2024,04:00:00,52,4,26,,117,88,17
18-02-2024,05:00:00,48,4,25,,117,85,15
18-02-2024,06:00:00,50,4,25,,120,93,14
18-02-2024,07:00:00,62,5,30,,122,95,14
18-02-2024,08:00:00,62,5,30,,128,85,13
18-02-2024,09:00:00,53,4,27,13,133,81,12
18-02-2024,10:00:00,42,3,22,63,127,76,13
18-02-2024,11:00:00,30,2,17,115,113,81,16
18-02-2024,12:00:00,25,2,15,169,98,78,17
18-02-2024,13:00:00,24,2,14,198,83,75,17
18-02-2024,14:00:00,23,2,14,219,88,80,15
18-02-2024,15:00:00,22,2,13,244,91,88,14
18-02-2024,16:00:00,21,2,13,267,85,77,14
18-02-2024,17:00:00,18,2,12,210,76,72,13
18-02-2024,18:00:00,16,1,11,121,73,60,11
18-02-2024,19:00:00,36,3,19,287,68,63,19
18-02-2024,20:00:00,42,3,22,303,87,78,22
18-02-2024,21:00:00,52,4,26,238,101,88,22
18-02-2024,22:00:00,59,5,29,116,107,102,20
18-02-2024,23:00:00,59,5,29,101,115,131,20
19-02-2024,00:00:00,64,5,31,68,119,144,20
19-02-2024,01:00:00,54,4,27,70,120,142,19
19-02-2024,02:00:00,68,5,33,7,121,162,18
19-02-2024,03:00:00,59,5,29,3,124,190,16
19-02-2024,04:00:00,47,4,24,4,125,167,16
19-02-2024,05:00:00,48,4,25,3,123,149,14
19-02-2024,06:00:00,58,5,29,,120,141,14
19-02-2024,07:00:00,69,5,33,,126,161,14
19-02-2024,08:00:00,82,6,39,,134,177,15
19-02-2024,09:00:00,69,5,33,24,150,178,16
19-02-2024,10:00:00,58,5,29,81,144,186,18
19-02-2024,11:00:00,28,2,16,122,123,163,18
19-02-2024,12:00:00,21,2,13,135,88,126,16
19-02-2024,13:00:00,20,2,12,151,76,116,15
19-02-2024,14:00:00,16,1,11,161,56,80,13
19-02-2024,15:00:00,12,1,9,155,53,75,12
19-02-2024,16:00:00,10,1,8,120,47,68,10
19-02-2024,17:00:00,11,1,8,100,39,49,10
19-02-2024,18:00:00,18,2,12,137,40,38,13
19-02-2024,19:00:00,24,2,14,168,54,41,16
19-02-2024,20:00:00,28,2,16,109,67,47,16
19-02-2024,21:00:00,50,4,26,31,74,52,14
19-02-2024,22:00:00,69,5,33,7,76,49,13
19-02-2024,23:00:00,96,8,45,0,87,72,14
20-02-2024,00:00:00,68,5,33,0,97,69,14
20-02-2024,01:00:00,58,5,29,0,96,76,13
20-02-2024,02:00:00,51,4,26,,99,80,12
20-02-2024,03:00:00,45,4,23,0,100,67,11
20-02-2024,04:00:00,42,3,22,,97,65,11
20-02-2024,05:00:00,42,3,22,,98,75,11
20-02-2024,06:00:00,55,4,27,0,101,76,11
20-02-2024,07:00:00,64,5,31,,102,79,11
20-02-2024,08:00:00,82,6,39,0,109,83,12
20-02-2024,09:00:00,54,4,27,7,118,81,12
20-02-2024,10:00:00,48,4,25,43,114,83,12
20-02-2024,11:00:00,31,3,18,86,105,82,13
20-02-2024,12:00:00,30,2,17,135,94,81,13
20-02-2024,13:00:00,25,2,14,145,77,69,11
20-02-2024,14:00:00,20,2,13,160,66,52,10
20-02-2024,15:00:00,16,1,11,104,56,48,9
20-02-2024,16:00:00,14,1,10,91,53,38,8
20-02-2024,17:00:00,14,1,10,97,68,44,8
20-02-2024,18:00:00,13,1,9,83,64,44,7
20-02-2024,19:00:00,19,2,12,58,63,36,8
20-02-2024,20:00:00,28,2,16,32,53,39,9
20-02-2024,21:00:00,45,4,23,12,55,52,9
20-02-2024,22:00:00,58,5,29,9,60,49,10
20-02-2024,23:00:00,47,4,24,3,70,55,10
21-02-2024,00:00:00,46,4,23,0,80,51,10
21-02-2024,01:00:00,44,4,23,0,84,58,9
21-02-2024,02:00:00,38,3,21,,81,57,7
21-02-2024,03:00:00,36,3,19,,84,66,7
21-02-2024,04:00:00,32,3,18,,86,66,6
21-02-2024,05:00:00,34,3,19,,86,62,6
21-02-2024,06:00:00,48,4,24,,93,56,6
21-02-2024,07:00:00,54,4,27,,101,69,6
21-02-2024,08:00:00,78,6,37,,104,71,6
21-02-2024,09:00:00,48,4,25,20,118,83,7
21-02-2024,10:00:00,30,2,17,52,98,87,8
21-02-2024,11:00:00,23,2,14,67,79,73,8
21-02-2024,12:00:00,21,2,13,95,68,55,8
21-02-2024,13:00:00,16,1,11,85,60,60,8
21-02-2024,14:00:00,12,1,9,76,53,49,7
21-02-2024,15:00:00,14,1,10,83,45,41,6
21-02-2024,16:00:00,14,1,10,93,49,41,8
21-02-2024,17:00:00,18,2,12,134,50,43,11
21-02-2024,18:00:00,20,2,12,173,52,49,13
21-02-2024,19:00:00,22,2,13,104,70,47,14
21-02-2024,20:00:00,22,2,13,71,76,45,14
21-02-2024,21:00:00,24,2,14,55,80,35,16
21-02-2024,22:00:00,26,2,15,25,74,39,14
21-02-2024,23:00:00,28,2,16,12,70,45,12
22-02-2024,00:00:00,45,4,23,,65,39,11
22-02-2024,01:00:00,34,3,19,0,70,48,10
22-02-2024,02:00:00,26,2,15,3,70,48,9
22-02-2024,03:00:00,28,2,16,0,72,57,8
22-02-2024,04:00:00,24,2,14,,72,52,7
22-02-2024,05:00:00,28,2,16,,68,50,7
22-02-2024,06:00:00,32,3,18,,76,49,6
22-02-2024,07:00:00,48,4,24,,97,59,6
22-02-2024,08:00:00,56,4,28,,113,57,7
22-02-2024,09:00:00,44,3,22,13,118,80,8
22-02-2024,10:00:00,42,4,22,43,124,80,10
22-02-2024,11:00:00,30,2,16,74,116,65,12
22-02-2024,12:00:00,15,1,10,84,98,56,11
22-02-2024,13:00:00,12,1,9,80,89,46,9
22-02-2024,14:00:00,11,1,9,71,78,45,7
22-02-2024,15:00:00,8,1,8,69,74,49,5
22-02-2024,16:00:00,11,1,9,73,73,39,6
22-02-2024,17:00:00,15,1,10,91,64,44,7
22-02-2024,18:00:00,17,2,11,138,67,38,10
22-02-2024,19:00:00,17,1,11,135,85,42,12
22-02-2024,20:00:00,20,2,12,103,88,47,14
22-02-2024,21:00:00,21,2,13,88,94,52,16
22-02-2024,22:00:00,22,2,14,66,98,50,16
22-02-2024,23:00:00,16,1,11,45,96,44,17
23-02-2024,00:00:00,22,2,13,11,97,43,14
23-02-2024,01:00:00,23,2,14,7,102,52,12
23-02-2024,02:00:00,25,2,15,2,102,47,10
23-02-2024,03:00:00,24,2,14,0,102,45,8
23-02-2024,04:00:00,27,2,15,,102,35,7
23-02-2024,05:00:00,25,2,15,,98,46,6
23-02-2024,06:00:00,29,2,17,,95,50,5
23-02-2024,07:00:00,34,3,18,,97,52,5
23-02-2024,08:00:00,52,4,27,,104,51,5
23-02-2024,09:00:00,37,3,20,14,116,42,5
23-02-2024,10:00:00,20,2,13,59,106,51,7
23-02-2024,11:00:00,18,2,12,99,94,55,10
23-02-2024,12:00:00,15,1,10,121,83,54,10
23-02-2024,13:00:00,14,1,10,142,87,51,10
23-02-2024,14:00:00,16,1,11,165,93,45,9
23-02-2024,15:00:00,16,1,11,177,95,46,8
23-02-2024,16:00:00,15,1,10,178,82,48,7
23-02-2024,17:00:00,15,1,11,208,75,58,7
23-02-2024,18:00:00,18,2,12,220,71,45,8
23-02-2024,19:00:00,36,3,19,109,77,39,9
23-02-2024,20:00:00,39,3,21,55,87,47,10
23-02-2024,21:00:00,45,4,23,39,101,61,11
23-02-2024,22:00:00,52,4,26,14,106,74,11
23-02-2024,23:00:00,59,5,29,1,114,79,11
24-02-2024,00:00:00,53,4,27,0,118,73,10
24-02-2024,01:00:00,46,4,23,1,122,86,9
24-02-2024,02:00:00,48,4,24,,124,89,9
24-02-2024,03:00:00,48,4,24,,136,92,8
24-02-2024,04:00:00,44,3,22,,138,94,7
24-02-2024,05:00:00,44,3,22,,133,99,6
24-02-2024,06:00:00,44,4,23,0,131,94,6
24-02-2024,07:00:00,54,4,27,,130,99,7
24-02-2024,08:00:00,76,6,37,,154,109,8
24-02-2024,09:00:00,48,4,24,22,166,135,8
24-02-2024,10:00:00,39,3,20,79,151,140,12
24-02-2024,11:00:00,28,2,16,137,131,103,14
24-02-2024,12:00:00,22,2,14,168,111,98,13
24-02-2024,13:00:00,20,2,12,188,96,82,11
24-02-2024,14:00:00,20,2,13,243,86,65,10
24-02-2024,15:00:00,22,2,13,275,93,76,9
24-02-2024,16:00:00,18,2,12,180,100,77,8
24-02-2024,17:00:00,15,1,10,125,91,60,7
24-02-2024,18:00:00,14,1,10,136,85,49,6
24-02-2024,19:00:00,22,2,13,98,79,42,6
24-02-2024,20:00:00,42,3,22,37,76,43,6
24-02-2024,21:00:00,61,5,30,14,84,50,6
24-02-2024,22:00:00,90,7,42,1,97,61,7
24-02-2024,23:00:00,101,8,49,0,105,64,7
25-02-2024,00:00:00,60,5,30,1,117,79,7
25-02-2024,01:00:00,73,6,35,0,122,80,7
25-02-2024,02:00:00,66,5,32,1,127,82,7
25-02-2024,03:00:00,60,5,30,1,129,86,7
25-02-2024,04:00:00,60,5,29,0,136,88,6
25-02-2024,05:00:00,54,4,27,0,133,85,5
25-02-2024,06:00:00,60,5,30,0,133,105,5
25-02-2024,07:00:00,72,6,34,0,131,124,5
25-02-2024,08:00:00,80,6,38,0,143,121,5
25-02-2024,09:00:00,66,5,33,12,151,129,6
25-02-2024,10:00:00,36,3,20,84,145,128,9
25-02-2024,11:00:00,26,2,15,133,126,129,9
25-02-2024,12:00:00,24,2,14,157,115,113,8
25-02-2024,13:00:00,20,2,13,170,109,87,6
25-02-2024,14:00:00,20,2,12,181,94,70,5
25-02-2024,15:00:00,18,2,12,191,87,69,5
25-02-2024,16:00:00,18,2,12,199,81,55,5
25-02-2024,17:00:00,18,2,12,210,76,58,5
25-02-2024,18:00:00,18,2,12,209,73,51,5
25-02-2024,19:00:00,32,3,18,121,70,50,6
25-02-2024,20:00:00,104,9,53,1,85,54,7
25-02-2024,21:00:00,90,7,41,1,116,73,7
25-02-2024,22:00:00,98,7,46,1,125,85,9
25-02-2024,23:00:00,106,10,57,2,122,95,9
26-02-2024,00:00:00,107,10,59,0,133,98,9
26-02-2024,01:00:00,107,10,59,0,149,146,10
26-02-2024,02:00:00,98,8,45,0,162,176,11
26-02-2024,03:00:00,74,6,36,0,160,186,11
26-02-2024,04:00:00,72,6,35,0,156,183,10
26-02-2024,05:00:00,66,5,32,,148,153,9
26-02-2024,06:00:00,74,6,35,,142,158,9
26-02-2024,07:00:00,80,6,38,,145,173,8
26-02-2024,08:00:00,104,9,54,0,148,186,9
26-02-2024,09:00:00,94,7,44,10,171,212,10
26-02-2024,10:00:00,57,5,29,69,173,215,15
26-02-2024,11:00:00,44,3,22,117,163,198,17
26-02-2024,12:00:00,38,3,20,172,151,177,18
26-02-2024,13:00:00,36,3,19,210,144,174,18
26-02-2024,14:00:00,30,2,17,206,135,147,16
26-02-2024,15:00:00,28,2,16,186,126,128,14
26-02-2024,16:00:00,26,2,15,192,120,106,13
26-02-2024,17:00:00,26,2,15,182,110,91,12
26-02-2024,18:00:00,34,3,18,135,107,88,11
26-02-2024,19:00:00,66,5,32,71,107,91,12
26-02-2024,20:00:00,43,3,22,117,111,91,15
26-02-2024,21:00:00,42,3,22,87,110,98,15
26-02-2024,22:00:00,54,4,27,35,110,92,13
26-02-2024,23:00:00,68,5,34,3,110,93,12
27-02-2024,00:00:00,62,5,30,5,109,102,11
27-02-2024,01:00:00,66,5,32,0,110,108,11
27-02-2024,02:00:00,53,4,26,,112,97,10
27-02-2024,03:00:00,52,4,26,,119,116,9
27-02-2024,04:00:00,49,4,25,0,121,113,8
27-02-2024,05:00:00,46,4,24,,121,123,8
27-02-2024,06:00:00,48,4,25,,118,108,8
27-02-2024,07:00:00,64,5,32,,120,98,8
27-02-2024,08:00:00,87,7,41,,135,116,9
27-02-2024,09:00:00,60,5,30,14,152,157,9
27-02-2024,10:00:00,57,4,28,55,141,150,13
27-02-2024,11:00:00,40,3,21,132,138,139,17
27-02-2024,12:00:00,40,3,21,202,126,130,19
27-02-2024,13:00:00,30,3,17,230,116,114,17
27-02-2024,14:00:00,28,2,16,238,112,98,14
27-02-2024,15:00:00,28,2,16,274,105,91,13
27-02-2024,16:00:00,26,2,15,245,102,93,13
27-02-2024,17:00:00,28,2,16,168,101,80,12
27-02-2024,18:00:00,27,2,15,140,99,78,12
27-02-2024,19:00:00,34,3,18,156,96,70,14
27-02-2024,20:00:00,42,3,22,228,103,76,19
27-02-2024,21:00:00,46,4,23,170,115,78,21
27-02-2024,22:00:00,40,3,21,89,124,83,18
27-02-2024,23:00:00,44,3,23,42,124,85,17
28-02-2024,00:00:00,51,4,26,14,117,79,14
28-02-2024,01:00:00,64,5,31,0,117,88,14
28-02-2024,02:00:00,50,4,25,,120,88,12
28-02-2024,03:00:00,43,3,22,,118,92,12
28-02-2024,04:00:00,48,4,24,,121,88,11
28-02-2024,05:00:00,46,4,23,,135,89,11
28-02-2024,06:00:00,49,4,25,,135,95,10
28-02-2024,07:00:00,56,4,28,,129,97,11
28-02-2024,08:00:00,70,5,33,,126,96,10
28-02-2024,09:00:00,66,5,32,11,131,88,11
28-02-2024,10:00:00,46,4,24,68,126,95,14
28-02-2024,11:00:00,32,3,18,101,119,107,17
28-02-2024,12:00:00,22,2,14,120,112,91,16
28-02-2024,13:00:00,25,2,15,141,102,77,15
28-02-2024,14:00:00,20,2,13,138,78,70,13
28-02-2024,15:00:00,18,2,12,144,79,66,13
28-02-2024,16:00:00,19,2,14,144,74,64,13
28-02-2024,17:00:00,22,3,16,154,60,65,13
28-02-2024,18:00:00,20,3,14,149,57,73,13
28-02-2024,19:00:00,32,3,18,83,73,63,14
28-02-2024,20:00:00,28,3,17,75,83,61,14
28-02-2024,21:00:00,83,1,2,1,89,66,14
28-02-2024,22:00:00,66,0,1,6,99,72,13
28-02-2024,23:00:00,60,0,1,13,104,74,14
29-02-2024,00:00:00,64,1,5,11,106,80,15
29-02-2024,01:00:00,55,6,33,10,113,90,15
29-02-2024,02:00:00,60,6,36,2,113,91,16
29-02-2024,03:00:00,58,7,37,0,118,96,16
29-02-2024,04:00:00,59,6,35,,141,140,16
29-02-2024,05:00:00,58,6,33,,162,160,15
29-02-2024,06:00:00,60,6,32,,161,159,15
29-02-2024,07:00:00,76,6,32,,163,173,16
29-02-2024,08:00:00,98,4,24,,165,171,17
29-02-2024,09:00:00,69,4,24,7,170,168,19
29-02-2024,10:00:00,42,5,29,55,154,164,22
29-02-2024,11:00:00,32,4,21,91,148,162,23
29-02-2024,12:00:00,10,3,18,94,72,120,31
29-02-2024,13:00:00,18,3,17,106,63,92,21
29-02-2024,14:00:00,14,3,15,108,63,76,16
29-02-2024,15:00:00,14,2,12,104,69,80,13
29-02-2024,16:00:00,14,2,10,104,59,67,11
29-02-2024,17:00:00,12,2,9,105,53,58,9
29-02-2024,18:00:00,14,2,10,94,50,44,9
29-02-2024,19:00:00,33,4,20,54,50,32,9
29-02-2024,20:00:00,60,5,29,12,53,44,9
29-02-2024,21:00:00,112,7,38,2,69,52,11
29-02-2024,22:00:00,111,7,38,0,106,57,14
29-02-2024,23:00:00,105,7,42,0,120,68,17
01-03-2024,00:00:00,98,8,43,,125,100,18
01-03-2024,01:00:00,88,8,43,0,127,125,18
01-03-2024,02:00:00,76,7,39,,134,122,18
01-03-2024,03:00:00,42,5,28,29,135,138,18
01-03-2024,04:00:00,32,4,22,35,118,122,19
01-03-2024,05:00:00,40,5,29,9,108,93,18
01-03-2024,06:00:00,41,5,29,5,110,99,15
01-03-2024,07:00:00,32,4,23,32,105,102,14
01-03-2024,08:00:00,39,4,22,17,110,87,14
01-03-2024,09:00:00,50,5,26,22,126,84,13
01-03-2024,10:00:00,44,4,22,82,108,84,14
01-03-2024,11:00:00,42,4,23,127,78,85,17
01-03-2024,12:00:00,35,4,19,193,83,89,18
01-03-2024,13:00:00,32,3,17,212,82,84,18
01-03-2024,14:00:00,22,3,14,144,80,85,16
01-03-2024,15:00:00,22,3,13,130,73,83,14
01-03-2024,16:00:00,18,3,14,119,65,70,13
01-03-2024,17:00:00,27,3,16,112,67,58,14
01-03-2024,18:00:00,49,4,22,38,77,70,13
01-03-2024,19:00:00,107,5,28,4,188,80,14
01-03-2024,20:00:00,112,5,27,,185,83,17
01-03-2024,21:00:00,111,6,31,,211,89,19
01-03-2024,22:00:00,107,6,31,0,278,114,20
01-03-2024,23:00:00,67,5,28,2,219,122,19
02-03-2024,00:00:00,54,5,27,3,123,122,19
02-03-2024,01:00:00,37,4,19,15,98,103,18
02-03-2024,02:00:00,27,3,15,23,76,90,18
02-03-2024,03:00:00,28,3,17,15,69,88,16
02-03-2024,04:00:00,26,4,20,7,65,83,13
02-03-2024,05:00:00,22,3,18,10,63,81,10
02-03-2024,06:00:00,36,4,22,2,65,56,7
02-03-2024,07:00:00,45,4,24,,119,60,6
02-03-2024,08:00:00,56,4,21,,135,76,5
02-03-2024,09:00:00,38,4,20,14,174,94,6
02-03-2024,10:00:00,26,3,17,41,109,90,8
02-03-2024,11:00:00,22,3,15,66,53,70,10
02-03-2024,12:00:00,26,3,18,113,45,65,9
02-03-2024,13:00:00,22,3,17,159,54,73,9
02-03-2024,14:00:00,14,3,14,95,57,57,8
02-03-2024,15:00:00,14,2,12,87,56,52,7
02-03-2024,16:00:00,14,2,11,94,35,43,7
02-03-2024,17:00:00,16,2,11,103,48,51,8
02-03-2024,18:00:00,16,2,11,88,44,43,9
02-03-2024,19:00:00,18,2,12,63,56,42,10
02-03-2024,20:00:00,20,2,13,48,66,41,11
02-03-2024,21:00:00,21,3,13,41,76,39,11
02-03-2024,22:00:00,20,3,14,34,68,44,11
02-03-2024,23:00:00,18,3,14,30,67,41,11
03-03-2024,00:00:00,17,3,13,22,55,42,10
03-03-2024,01:00:00,15,2,12,26,54,40,9
03-03-2024,02:00:00,16,2,12,16,61,38,9
03-03-2024,03:00:00,16,2,11,14,72,32,8
03-03-2024,04:00:00,16,2,12,8,67,35,8
03-03-2024,05:00:00,17,2,12,4,65,43,8
03-03-2024,06:00:00,18,3,13,0,67,47,8
03-03-2024,07:00:00,22,3,13,0,63,45,8
03-03-2024,08:00:00,25,2,13,1,61,44,7
03-03-2024,09:00:00,17,2,11,25,61,54,7
03-03-2024,10:00:00,13,2,10,41,52,44,8
03-03-2024,11:00:00,12,2,10,52,38,39,9
03-03-2024,12:00:00,12,2,9,65,28,33,8
03-03-2024,13:00:00,15,2,9,80,22,28,8
03-03-2024,14:00:00,16,2,9,88,24,31,8
03-03-2024,15:00:00,14,2,8,96,33,38,9
03-03-2024,16:00:00,13,2,8,97,39,38,9
03-03-2024,17:00:00,12,2,8,92,37,37,10
03-03-2024,18:00:00,14,2,8,90,37,28,10
03-03-2024,19:00:00,16,1,5,80,39,22,11
03-03-2024,20:00:00,20,0,1,65,47,33,12
03-03-2024,21:00:00,19,0,1,51,55,33,12
03-03-2024,22:00:00,24,2,10,28,66,36,12
03-03-2024,23:00:00,42,4,22,2,68,44,11
04-03-2024,00:00:00,23,3,17,19,74,37,10
04-03-2024,01:00:00,20,3,16,11,76,40,10
04-03-2024,02:00:00,18,3,14,13,73,33,9
04-03-2024,03:00:00,16,3,14,11,71,38,8
04-03-2024,04:00:00,17,3,14,5,67,34,7
04-03-2024,05:00:00,20,3,15,0,63,33,6
04-03-2024,06:00:00,24,3,16,,60,29,5
04-03-2024,07:00:00,42,3,17,,74,33,5
04-03-2024,08:00:00,70,3,17,,85,41,6
04-03-2024,09:00:00,30,3,16,15,113,56,7
04-03-2024,10:00:00,27,3,16,48,93,56,10
04-03-2024,11:00:00,30,3,18,85,54,55,10
04-03-2024,12:00:00,26,3,18,141,37,47,11
04-03-2024,13:00:00,21,3,17,138,40,47,8
04-03-2024,14:00:00,14,3,14,111,46,41,6
04-03-2024,15:00:00,10,2,11,77,48,34,4
04-03-2024,16:00:00,10,2,10,69,53,30,4
04-03-2024,17:00:00,10,2,10,70,56,25,4
04-03-2024,18:00:00,14,2,11,84,53,19,5
04-03-2024,19:00:00,21,3,14,84,60,23,8
04-03-2024,20:00:00,34,4,23,59,63,20,9
04-03-2024,21:00:00,76,6,35,15,82,32,8
04-03-2024,22:00:00,102,7,38,1,100,41,8
04-03-2024,23:00:00,96,7,40,0,109,61,8
05-03-2024,00:00:00,102,7,41,0,125,78,10
05-03-2024,01:00:00,84,6,35,,130,85,9
05-03-2024,02:00:00,60,6,32,0,131,82,9
05-03-2024,03:00:00,46,5,30,0,129,95,10
05-03-2024,04:00:00,42,5,28,0,128,90,10
05-03-2024,05:00:00,49,5,25,2,125,96,9
05-03-2024,06:00:00,52,5,25,0,124,96,8
05-03-2024,07:00:00,56,4,24,,126,95,8
05-03-2024,08:00:00,68,4,23,,129,115,7
05-03-2024,09:00:00,52,5,25,20,134,114,7
05-03-2024,10:00:00,42,5,25,78,128,125,11
05-03-2024,11:00:00,32,4,23,130,123,120,12
05-03-2024,12:00:00,24,4,19,146,111,95,10
05-03-2024,13:00:00,20,3,17,143,95,84,7
05-03-2024,14:00:00,22,3,14,201,81,74,6
05-03-2024,15:00:00,22,2,12,224,74,73,6
05-03-2024,16:00:00,18,2,12,141,74,69,5
05-03-2024,17:00:00,14,2,10,77,67,60,3
05-03-2024,18:00:00,14,2,11,84,54,49,3
05-03-2024,19:00:00,32,3,17,193,52,37,9
05-03-2024,20:00:00,38,4,20,139,74,47,10
05-03-2024,21:00:00,38,4,21,92,101,60,10
05-03-2024,22:00:00,35,3,16,68,105,60,9
05-03-2024,23:00:00,42,0,1,33,95,68,9
06-03-2024,00:00:00,62,5,25,1,101,70,7
06-03-2024,01:00:00,57,7,37,0,107,74,6
06-03-2024,02:00:00,47,7,36,0,108,74,6
06-03-2024,03:00:00,42,6,33,0,111,89,5
06-03-2024,04:00:00,36,6,31,0,111,92,4
06-03-2024,05:00:00,38,5,28,0,124,97,4
06-03-2024,06:00:00,42,5,27,0,132,103,4
06-03-2024,07:00:00,50,5,27,0,127,102,4
06-03-2024,08:00:00,58,5,25,1,129,132,5
06-03-2024,09:00:00,48,5,25,18,135,159,6
06-03-2024,10:00:00,44,4,23,79,125,152,9
06-03-2024,11:00:00,38,4,23,144,116,133,14
06-03-2024,12:00:00,24,3,18,135,107,106,10
06-03-2024,13:00:00,23,3,15,173,89,83,8
06-03-2024,14:00:00,16,2,12,86,81,76,6
06-03-2024,15:00:00,12,2,10,71,79,63,4
06-03-2024,16:00:00,16,2,10,94,71,52,5
06-03-2024,17:00:00,18,2,11,175,64,47,8
06-03-2024,18:00:00,21,2,13,258,71,45,11
06-03-2024,19:00:00,24,0,2,224,83,43,11
06-03-2024,20:00:00,34,0,1,157,91,55,14
06-03-2024,21:00:00,50,0,1,57,93,65,10
06-03-2024,22:00:00,71,0,1,3,102,70,11
06-03-2024,23:00:00,78,0,1,1,108,80,13
07-03-2024,00:00:00,72,5,27,0,115,91,11
07-03-2024,01:00:00,78,8,45,0,122,99,8
07-03-2024,02:00:00,60,7,40,0,122,103,6
07-03-2024,03:00:00,48,7,36,0,123,105,4
07-03-2024,04:00:00,48,7,36,0,124,102,4
07-03-2024,05:00:00,44,6,33,0,120,86,3
07-03-2024,06:00:00,52,4,20,0,116,89,3
07-03-2024,07:00:00,64,6,33,0,125,113,3
07-03-2024,08:00:00,66,2,11,0,140,138,3
07-03-2024,09:00:00,50,4,24,24,143,160,4
07-03-2024,10:00:00,35,5,25,89,134,146,8
07-03-2024,11:00:00,33,5,25,,,,7
07-03-2024,12:00:00,17,3,18,,,,
07-03-2024,13:00:00,14,3,13,166,,,
07-03-2024,14:00:00,15,2,8,184,,,2
07-03-2024,15:00:00,13,0,1,186,,,4
07-03-2024,16:00:00,12,0,1,230,64,2,4
07-03-2024,17:00:00,15,,,129,71,2,5
07-03-2024,18:00:00,,0,1,111,69,29,6
07-03-2024,19:00:00,,0,2,78,69,35,7
07-03-2024,20:00:00,53,1,2,22,74,40,7
07-03-2024,21:00:00,52,1,2,34,75,47,8
07-03-2024,22:00:00,52,0,2,70,94,55,12
07-03-2024,23:00:00,76,0,1,13,119,65,13
08-03-2024,00:00:00,86,0,1,0,127,74,13
08-03-2024,01:00:00,80,0,1,0,136,88,13
08-03-2024,02:00:00,56,0,1,,148,105,12
08-03-2024,03:00:00,45,0,1,,147,124,11
08-03-2024,04:00:00,41,0,1,0,146,102,9
08-03-2024,05:00:00,,,,,142,98,8
08-03-2024,06:00:00,44,0,1,,142,110,8
08-03-2024,07:00:00,66,0,1,,147,123,8
08-03-2024,08:00:00,92,0,1,,151,147,9
08-03-2024,09:00:00,56,5,25,28,167,170,10
08-03-2024,10:00:00,42,15,84,114,146,161,14
08-03-2024,11:00:00,32,12,65,195,140,136,15
08-03-2024,12:00:00,26,9,51,263,119,124,15
08-03-2024,13:00:00,22,8,42,232,115,102,12
08-03-2024,15:00:00,16,5,28,227,97,64,8
08-03-2024,16:00:00,14,5,26,250,92,60,8
08-03-2024,17:00:00,16,5,29,231,90,49,8
08-03-2024,18:00:00,18,5,29,171,88,43,8
08-03-2024,19:00:00,20,6,35,87,78,42,8
08-03-2024,20:00:00,28,8,47,85,75,37,9
08-03-2024,21:00:00,34,9,51,100,94,48,12
08-03-2024,22:00:00,46,13,71,29,112,56,11
08-03-2024,23:00:00,72,23,122,5,112,58,11
09-03-2024,00:00:00,54,12,65,21,115,66,11
09-03-2024,01:00:00,66,0,1,2,112,78,12
09-03-2024,02:00:00,61,0,1,0,113,82,12
09-03-2024,03:00:00,55,0,1,,120,77,12
09-03-2024,04:00:00,46,0,1,,121,84,11
09-03-2024,05:00:00,51,0,1,0,123,95,11
09-03-2024,06:00:00,52,0,1,,130,108,10
09-03-2024,07:00:00,64,0,1,,148,129,11
09-03-2024,08:00:00,89,0,1,,176,147,12
09-03-2024,09:00:00,62,5,27,32,181,156,14
09-03-2024,10:00:00,41,16,88,96,161,168,19
09-03-2024,11:00:00,28,11,61,148,143,149,18
09-03-2024,12:00:00,22,9,49,160,119,141,16
09-03-2024,13:00:00,18,7,37,171,91,119,12
09-03-2024,14:00:00,16,5,28,181,82,87,10
09-03-2024,15:00:00,14,4,24,178,74,72,9
09-03-2024,16:00:00,14,4,22,190,69,58,9
09-03-2024,17:00:00,16,4,23,157,61,55,8
09-03-2024,18:00:00,17,5,26,131,63,58,8
09-03-2024,19:00:00,23,6,33,138,66,50,10
09-03-2024,20:00:00,30,7,37,220,87,53,15
09-03-2024,21:00:00,29,8,43,94,108,64,14
09-03-2024,22:00:00,57,15,82,28,128,61,12
09-03-2024,23:00:00,74,22,118,0,121,78,12
10-03-2024,00:00:00,74,25,135,0,117,92,12
10-03-2024,01:00:00,76,31,160,0,121,93,12
10-03-2024,02:00:00,57,27,142,0,125,94,11
10-03-2024,03:00:00,48,25,131,,128,89,10
10-03-2024,04:00:00,37,20,113,0,125,81,9
10-03-2024,05:00:00,40,22,117,,121,85,9
10-03-2024,06:00:00,44,23,125,,115,88,10
10-03-2024,07:00:00,68,37,189,0,125,96,11
10-03-2024,08:00:00,47,23,122,2,151,105,10
10-03-2024,09:00:00,43,18,99,26,133,102,11
10-03-2024,10:00:00,38,14,78,101,126,121,15
10-03-2024,11:00:00,28,11,61,175,125,109,18
10-03-2024,12:00:00,20,8,46,182,112,91,16
10-03-2024,13:00:00,16,7,37,174,91,79,11
10-03-2024,14:00:00,16,6,31,226,81,60,9
10-03-2024,15:00:00,14,5,27,204,70,57,9
10-03-2024,16:00:00,11,5,25,124,61,60,7
10-03-2024,17:00:00,15,5,25,152,58,49,7
10-03-2024,18:00:00,15,5,27,172,55,39,9
10-03-2024,19:00:00,24,6,34,218,59,41,13
10-03-2024,20:00:00,44,11,59,87,71,47,12
10-03-2024,21:00:00,84,21,117,7,82,58,11
10-03-2024,22:00:00,58,15,84,100,96,76,18
10-03-2024,23:00:00,54,13,74,76,117,88,19
11-03-2024,00:00:00,79,21,114,2,117,107,17
11-03-2024,01:00:00,54,17,96,37,127,127,16
11-03-2024,02:00:00,50,17,95,22,130,128,15
11-03-2024,03:00:00,34,11,63,56,122,100,15
11-03-2024,04:00:00,43,19,107,2,136,98,13
11-03-2024,05:00:00,46,18,100,0,156,99,11
11-03-2024,06:00:00,56,29,153,0,118,132,11
11-03-2024,07:00:00,80,37,188,0,139,159,11
11-03-2024,08:00:00,99,46,230,0,145,175,11
11-03-2024,09:00:00,75,26,138,13,167,177,13
11-03-2024,10:00:00,58,20,111,74,163,188,20
11-03-2024,11:00:00,34,13,74,171,152,181,19
11-03-2024,12:00:00,26,10,58,196,139,172,18
11-03-2024,13:00:00,17,8,43,148,127,128,13
11-03-2024,14:00:00,18,7,36,154,102,92,10
11-03-2024,15:00:00,16,6,31,178,71,75,9
11-03-2024,16:00:00,16,6,31,204,61,64,8
11-03-2024,17:00:00,16,5,29,235,64,55,9
11-03-2024,18:00:00,18,6,31,182,70,50,9
11-03-2024,19:00:00,29,8,45,88,69,48,9
11-03-2024,20:00:00,36,9,51,110,78,49,12
11-03-2024,21:00:00,42,10,54,155,104,59,17
11-03-2024,22:00:00,58,,,49,117,88,17
11-03-2024,23:00:00,60,,,24,135,112,18
12-03-2024,00:00:00,56,,,22,135,125,17
12-03-2024,01:00:00,40,,,73,131,128,19
12-03-2024,02:00:00,57,,,3,131,126,17
12-03-2024,03:00:00,46,,,6,134,127,17
12-03-2024,05:00:00,42,,,0,137,120,15
12-03-2024,06:00:00,50,,,,162,132,14
12-03-2024,07:00:00,76,,,,164,153,14
12-03-2024,08:00:00,102,,,,169,176,15
12-03-2024,09:00:00,68,26,138,24,184,193,17
12-03-2024,10:00:00,50,21,113,93,223,208,21
12-03-2024,11:00:00,34,14,78,152,178,169,24
12-03-2024,12:00:00,24,10,56,144,131,123,22
12-03-2024,13:00:00,19,7,37,170,111,97,18
12-03-2024,14:00:00,18,5,28,208,94,83,16
12-03-2024,15:00:00,17,4,23,263,86,75,15
12-03-2024,16:00:00,15,4,20,228,79,78,14
12-03-2024,17:00:00,14,4,20,131,84,66,13
12-03-2024,18:00:00,19,5,26,126,88,57,13
12-03-2024,19:00:00,26,5,29,214,99,48,16
12-03-2024,20:00:00,32,6,35,281,112,56,22
12-03-2024,21:00:00,46,8,43,155,121,67,22
12-03-2024,22:00:00,54,11,64,60,128,85,20
12-03-2024,23:00:00,51,14,77,33,125,100,20
13-03-2024,00:00:00,42,11,63,41,126,113,21
13-03-2024,01:00:00,41,13,73,43,126,103,21
13-03-2024,02:00:00,32,12,65,46,132,97,20
13-03-2024,03:00:00,32,13,75,18,129,88,18
13-03-2024,04:00:00,32,16,91,1,120,88,16
13-03-2024,05:00:00,28,16,92,,121,93,14
13-03-2024,06:00:00,34,20,112,,116,96,11
13-03-2024,07:00:00,51,26,136,,116,99,10
13-03-2024,08:00:00,64,30,154,0,119,94,10
13-03-2024,09:00:00,38,14,79,51,123,96,13
13-03-2024,10:00:00,25,11,62,96,122,80,17
13-03-2024,11:00:00,20,9,50,131,103,72,18
13-03-2024,12:00:00,16,8,43,142,97,73,16
13-03-2024,13:00:00,18,7,37,143,93,62,14
13-03-2024,14:00:00,14,6,31,116,84,52,11
13-03-2024,15:00:00,13,5,29,109,80,59,9
13-03-2024,16:00:00,12,5,26,113,80,53,8
13-03-2024,17:00:00,12,5,26,115,62,39,8
13-03-2024,18:00:00,12,5,29,115,68,43,9
13-03-2024,19:00:00,23,8,42,100,68,42,11
13-03-2024,20:00:00,32,9,49,130,83,42,15
13-03-2024,21:00:00,28,8,42,158,92,56,20
13-03-2024,22:00:00,30,8,45,110,110,69,21
13-03-2024,23:00:00,38,11,60,52,109,77,20
14-03-2024,00:00:00,42,13,72,24,107,78,19
14-03-2024,01:00:00,50,16,90,1,115,87,17
14-03-2024,02:00:00,37,13,75,23,115,90,16
14-03-2024,03:00:00,29,11,63,25,110,83,16
14-03-2024,04:00:00,27,14,78,7,107,78,15
14-03-2024,05:00:00,31,19,105,0,104,80,13
14-03-2024,06:00:00,36,19,107,,107,83,12
14-03-2024,07:00:00,52,25,133,,111,92,11
14-03-2024,08:00:00,70,27,143,0,116,91,12
14-03-2024,09:00:00,48,17,94,37,130,97,15
14-03-2024,10:00:00,39,13,71,100,124,100,18
14-03-2024,11:00:00,32,11,62,139,117,95,18
14-03-2024,12:00:00,22,8,47,176,114,73,16
14-03-2024,13:00:00,19,7,41,178,111,70,13
14-03-2024,14:00:00,14,6,32,163,107,75,10
14-03-2024,15:00:00,11,5,28,140,103,63,10
14-03-2024,16:00:00,10,5,27,136,71,57,11
14-03-2024,17:00:00,12,5,28,119,75,49,10
14-03-2024,18:00:00,17,5,30,163,95,49,12
14-03-2024,19:00:00,25,7,38,195,100,53,17
14-03-2024,20:00:00,29,7,40,228,109,64,20
14-03-2024,21:00:00,30,8,42,167,120,76,23
14-03-2024,22:00:00,36,9,49,91,125,79,22
14-03-2024,23:00:00,44,12,67,34,127,76,20
15-03-2024,00:00:00,30,10,55,56,128,82,21
15-03-2024,01:00:00,22,8,46,55,124,81,21
15-03-2024,02:00:00,21,8,47,38,125,74,18
15-03-2024,03:00:00,24,11,59,9,117,66,16
15-03-2024,04:00:00,22,12,65,4,110,61,14
15-03-2024,05:00:00,26,15,87,,109,57,12
15-03-2024,06:00:00,30,18,100,,111,51,10
15-03-2024,07:00:00,40,22,117,,111,63,9
15-03-2024,08:00:00,82,39,198,,119,70,10
15-03-2024,09:00:00,38,18,99,26,131,82,11
15-03-2024,10:00:00,29,13,73,68,125,90,14
15-03-2024,11:00:00,18,10,53,92,115,86,12
15-03-2024,12:00:00,19,9,49,138,103,79,10
15-03-2024,13:00:00,20,7,41,199,94,81,9
15-03-2024,14:00:00,16,6,32,157,92,78,8
15-03-2024,15:00:00,14,5,27,168,90,71,8
15-03-2024,16:00:00,12,0,1,97,85,71,7
15-03-2024,17:00:00,12,0,1,101,81,76,7
15-03-2024,18:00:00,18,0,1,124,80,68,8
15-03-2024,19:00:00,24,0,1,134,84,67,10
15-03-2024,20:00:00,30,0,1,97,97,67,11
15-03-2024,21:00:00,43,0,1,53,101,70,12
15-03-2024,22:00:00,54,0,1,30,104,76,12
15-03-2024,23:00:00,74,0,1,4,112,74,12
16-03-2024,00:00:00,86,0,1,,119,71,12
16-03-2024,01:00:00,72,,1,,127,81,12
16-03-2024,02:00:00,64,,1,,129,86,12
16-03-2024,03:00:00,52,,1,,126,83,12
16-03-2024,04:00:00,50,,1,,129,85,12
16-03-2024,05:00:00,47,,1,,129,84,12
16-03-2024,06:00:00,43,,1,,129,81,11
16-03-2024,07:00:00,72,,1,,128,86,11
16-03-2024,08:00:00,67,,1,0,136,92,11
16-03-2024,09:00:00,48,,1,13,135,103,12
16-03-2024,10:00:00,50,,1,78,134,109,17
16-03-2024,11:00:00,30,,1,163,132,110,17
16-03-2024,12:00:00,22,,1,140,127,99,12
16-03-2024,13:00:00,20,,1,179,116,89,9
16-03-2024,14:00:00,15,,1,131,100,77,7
16-03-2024,15:00:00,14,,1,104,86,64,7
16-03-2024,16:00:00,14,,1,135,89,59,8
16-03-2024,17:00:00,16,,1,168,93,64,9
16-03-2024,18:00:00,20,,1,154,88,61,10
16-03-2024,19:00:00,22,,1,141,84,63,11
16-03-2024,20:00:00,29,,1,122,85,65,13
16-03-2024,21:00:00,48,,1,58,99,66,14
16-03-2024,22:00:00,42,,1,52,106,74,12
16-03-2024,23:00:00,48,,1,20,105,79,12
17-03-2024,00:00:00,64,,1,10,105,79,13
17-03-2024,01:00:00,76,,1,,116,88,13
17-03-2024,02:00:00,76,,1,,124,93,12
17-03-2024,03:00:00,60,,1,,125,92,12
17-03-2024,04:00:00,56,,1,,126,93,12
17-03-2024,05:00:00,50,,1,,130,92,12
17-03-2024,06:00:00,50,,1,,133,84,12
17-03-2024,07:00:00,62,,1,,135,101,12
17-03-2024,08:00:00,50,,1,3,139,117,12
17-03-2024,09:00:00,48,,1,21,136,118,12
17-03-2024,10:00:00,36,,1,96,126,98,17
17-03-2024,11:00:00,35,,1,198,126,92,21
17-03-2024,12:00:00,25,,1,240,126,91,18
17-03-2024,13:00:00,20,,1,237,120,87,14
17-03-2024,14:00:00,19,,1,246,105,77,12
17-03-2024,15:00:00,14,,1,158,96,72,10
17-03-2024,16:00:00,16,,1,136,88,71,10
17-03-2024,17:00:00,16,,1,176,82,66,12
17-03-2024,18:00:00,17,,1,185,76,63,13
17-03-2024,19:00:00,21,,1,157,73,67,13
17-03-2024,20:00:00,20,,1,98,173,62,12
17-03-2024,21:00:00,36,,1,41,135,50,12
17-03-2024,22:00:00,44,,1,9,78,49,10
17-03-2024,23:00:00,31,,1,20,77,45,10
18-03-2024,00:00:00,38,,1,19,64,46,10
18-03-2024,01:00:00,65,0,1,0,106,52,10
18-03-2024,02:00:00,42,0,1,1,122,51,8
18-03-2024,03:00:00,38,0,1,,94,58,8
18-03-2024,04:00:00,30,0,1,1,80,52,7
18-03-2024,05:00:00,34,0,1,0,88,46,6
18-03-2024,06:00:00,32,0,1,,80,54,5
18-03-2024,07:00:00,40,0,1,,69,56,5
18-03-2024,08:00:00,46,0,1,1,77,61,5
18-03-2024,09:00:00,43,0,1,17,96,63,7
18-03-2024,10:00:00,32,0,1,82,100,72,9
18-03-2024,11:00:00,26,0,1,147,93,77,12
18-03-2024,12:00:00,25,1,1,220,90,69,12
18-03-2024,13:00:00,21,2,1,272,87,69,10
18-03-2024,14:00:00,18,1,1,264,84,70,9
18-03-2024,15:00:00,14,1,1,181,90,61,8
18-03-2024,16:00:00,13,1,1,129,86,57,7
18-03-2024,17:00:00,17,1,1,181,67,49,10
18-03-2024,18:00:00,14,1,1,144,71,48,9
18-03-2024,19:00:00,19,1,1,102,78,45,8
18-03-2024,20:00:00,46,2,1,24,79,44,9
18-03-2024,21:00:00,50,2,1,9,71,47,8
18-03-2024,22:00:00,50,2,1,3,72,55,8
18-03-2024,23:00:00,65,2,1,,71,59,8
19-03-2024,00:00:00,42,2,1,10,82,58,9
19-03-2024,01:00:00,35,2,1,32,90,65,10
19-03-2024,02:00:00,26,1,1,68,90,74,12
19-03-2024,03:00:00,25,1,1,49,92,79,14
19-03-2024,04:00:00,26,1,1,16,93,81,12
19-03-2024,05:00:00,30,1,1,3,102,76,10
19-03-2024,06:00:00,30,2,1,3,104,73,9
19-03-2024,07:00:00,46,2,1,0,109,76,9
19-03-2024,08:00:00,60,2,1,5,115,79,8
19-03-2024,09:00:00,41,2,8,84,119,84,12
19-03-2024,10:00:00,36,2,18,168,120,85,18
19-03-2024,11:00:00,28,2,23,229,122,82,20
19-03-2024,12:00:00,18,1,18,195,122,73,15
19-03-2024,13:00:00,14,1,14,169,109,68,11
19-03-2024,14:00:00,14,1,12,148,95,61,9
19-03-2024,15:00:00,12,1,10,144,81,57,8
19-03-2024,16:00:00,12,1,10,148,71,55,8
19-03-2024,17:00:00,12,1,11,149,72,51,7
19-03-2024,18:00:00,14,1,11,142,70,48,7
19-03-2024,19:00:00,26,1,15,90,61,38,7
19-03-2024,20:00:00,46,2,23,40,66,39,10
19-03-2024,21:00:00,40,2,24,89,73,52,12
19-03-2024,22:00:00,47,2,26,54,99,62,14
19-03-2024,23:00:00,48,2,29,30,111,71,17
20-03-2024,00:00:00,60,2,32,2,115,82,15
20-03-2024,01:00:00,57,2,33,1,126,93,14
20-03-2024,02:00:00,50,2,31,1,134,95,13
20-03-2024,03:00:00,44,2,30,0,132,100,12
20-03-2024,04:00:00,36,2,29,0,135,105,11
20-03-2024,05:00:00,50,,28,1,,,
20-03-2024,06:00:00,46,2,27,0,132,122,9
20-03-2024,07:00:00,63,2,28,0,132,89,9
20-03-2024,08:00:00,76,2,28,0,137,105,10
20-03-2024,09:00:00,50,2,27,35,142,165,12
20-03-2024,10:00:00,34,2,25,135,136,153,15
20-03-2024,11:00:00,24,2,25,167,119,117,14
20-03-2024,12:00:00,19,2,20,180,108,96,12
20-03-2024,13:00:00,15,1,13,169,104,86,9
20-03-2024,14:00:00,14,1,9,179,93,69,7
20-03-2024,15:00:00,11,1,7,182,82,51,7
20-03-2024,16:00:00,11,1,7,187,74,53,7
20-03-2024,17:00:00,10,1,6,190,69,57,6
20-03-2024,18:00:00,10,1,7,190,67,47,6
20-03-2024,19:00:00,28,1,12,92,61,43,7
20-03-2024,20:00:00,38,1,17,55,62,35,7
20-03-2024,21:00:00,66,2,29,10,65,37,8
20-03-2024,22:00:00,110,3,35,1,78,50,10
20-03-2024,23:00:00,111,3,34,0,112,71,13
21-03-2024,00:00:00,110,2,34,0,136,88,16
21-03-2024,03:00:00,77,2,28,0,179,154,22
21-03-2024,04:00:00,77,2,27,0,173,146,22
21-03-2024,05:00:00,80,2,28,0,171,146,22
21-03-2024,06:00:00,76,2,27,0,169,141,21
21-03-2024,07:00:00,82,2,26,0,169,151,20
21-03-2024,08:00:00,100,2,26,0,173,171,19
21-03-2024,09:00:00,73,1,13,24,172,193,22
21-03-2024,10:00:00,51,0,,95,170,192,26
21-03-2024,11:00:00,36,0,,158,160,175,25
21-03-2024,12:00:00,24,0,,148,148,150,21
21-03-2024,13:00:00,18,0,,163,129,114,17
21-03-2024,14:00:00,17,1,15,179,108,101,15
21-03-2024,15:00:00,16,1,17,197,96,80,14
21-03-2024,16:00:00,18,1,15,221,89,67,13
21-03-2024,17:00:00,19,1,15,232,83,75,13
21-03-2024,18:00:00,18,1,15,227,82,66,13
21-03-2024,19:00:00,40,1,19,204,79,60,15
21-03-2024,20:00:00,47,2,22,139,86,69,16
21-03-2024,21:00:00,60,2,26,81,96,75,16
21-03-2024,22:00:00,75,2,32,22,105,109,17
21-03-2024,23:00:00,63,2,34,40,119,155,16
22-03-2024,00:00:00,50,2,30,65,123,176,17
22-03-2024,01:00:00,44,2,2,86,125,192,19
22-03-2024,02:00:00,41,2,1,84,125,172,19
22-03-2024,03:00:00,40,2,20,49,123,172,19
22-03-2024,04:00:00,40,2,32,18,122,185,18
22-03-2024,05:00:00,42,2,33,8,124,183,16
22-03-2024,06:00:00,54,2,37,,127,180,15
22-03-2024,07:00:00,60,2,33,2,131,189,14
22-03-2024,08:00:00,98,2,34,0,145,194,16
22-03-2024,09:00:00,44,2,28,54,152,214,19
22-03-2024,10:00:00,32,2,21,151,140,181,24
22-03-2024,11:00:00,32,2,21,244,122,153,23
22-03-2024,12:00:00,24,2,20,281,110,131,20
22-03-2024,13:00:00,22,2,18,303,100,104,19
22-03-2024,14:00:00,22,1,16,305,94,101,17
22-03-2024,15:00:00,22,1,14,308,92,93,16
22-03-2024,16:00:00,22,1,14,307,91,87,16
22-03-2024,17:00:00,22,1,14,275,91,85,16
22-03-2024,18:00:00,22,1,16,179,91,75,16
22-03-2024,19:00:00,34,1,16,179,95,71,20
22-03-2024,20:00:00,30,2,19,120,101,70,19
22-03-2024,21:00:00,33,2,21,92,101,63,20
22-03-2024,22:00:00,32,2,21,76,100,68,22
22-03-2024,23:00:00,40,2,27,30,99,64,21
23-03-2024,00:00:00,48,2,32,5,100,65,20
23-03-2024,01:00:00,40,2,26,38,97,77,20
23-03-2024,02:00:00,31,2,23,53,102,87,20
23-03-2024,03:00:00,32,2,24,44,99,84,20
23-03-2024,04:00:00,35,2,32,4,96,77,19
23-03-2024,05:00:00,34,2,34,9,102,80,18
23-03-2024,06:00:00,42,2,37,0,110,87,17
23-03-2024,07:00:00,64,2,38,,123,101,17
23-03-2024,08:00:00,76,2,35,1,147,125,16
23-03-2024,09:00:00,40,2,29,52,150,130,17
23-03-2024,10:00:00,30,2,22,173,133,110,22
23-03-2024,11:00:00,30,2,22,240,114,104,22
23-03-2024,12:00:00,24,2,20,294,106,100,21
23-03-2024,13:00:00,18,1,16,264,101,86,19
23-03-2024,14:00:00,20,1,14,274,92,75,17
23-03-2024,15:00:00,19,1,14,302,89,70,16
23-03-2024,16:00:00,18,1,13,305,87,72,16
23-03-2024,17:00:00,18,1,14,286,90,72,16
23-03-2024,18:00:00,22,1,16,247,89,68,18
23-03-2024,19:00:00,22,1,17,263,92,74,22
23-03-2024,20:00:00,27,2,20,169,104,81,22
23-03-2024,21:00:00,41,2,26,71,103,77,18
23-03-2024,22:00:00,44,2,12,51,96,77,19
23-03-2024,23:00:00,40,2,1,61,94,73,20
24-03-2024,00:00:00,36,2,1,59,91,78,20
24-03-2024,01:00:00,30,2,9,64,92,80,20
24-03-2024,02:00:00,30,2,34,15,93,75,18
24-03-2024,03:00:00,36,2,36,0,93,76,17
24-03-2024,04:00:00,30,2,34,,104,80,15
24-03-2024,05:00:00,30,2,32,2,114,81,14
24-03-2024,06:00:00,32,2,32,,112,85,13
24-03-2024,07:00:00,43,2,32,,113,88,13
24-03-2024,08:00:00,40,2,30,1,116,80,12
24-03-2024,09:00:00,31,2,24,54,113,77,15
24-03-2024,10:00:00,26,2,20,118,108,77,18
24-03-2024,11:00:00,20,2,18,180,101,77,19
24-03-2024,12:00:00,20,1,16,237,93,79,19
24-03-2024,13:00:00,18,1,14,228,90,76,16
24-03-2024,14:00:00,18,1,10,250,85,63,14
24-03-2024,15:00:00,16,1,1,273,85,64,15
24-03-2024,16:00:00,16,1,7,266,85,68,15
24-03-2024,17:00:00,16,1,12,226,84,70,15
24-03-2024,18:00:00,18,1,13,169,81,72,15
24-03-2024,19:00:00,23,1,16,177,83,64,18
24-03-2024,20:00:00,30,2,18,169,86,63,24
24-03-2024,21:00:00,42,2,25,67,98,78,23
24-03-2024,22:00:00,38,2,25,47,99,81,19
24-03-2024,23:00:00,68,2,34,4,96,91,19
25-03-2024,00:00:00,76,2,35,1,97,92,19
25-03-2024,01:00:00,42,2,31,21,97,90,19
25-03-2024,02:00:00,64,2,31,9,92,90,20
25-03-2024,03:00:00,50,2,29,10,93,99,20
25-03-2024,04:00:00,44,2,28,7,98,98,20
25-03-2024,05:00:00,48,2,30,1,103,92,20
25-03-2024,06:00:00,41,2,25,15,106,94,20
25-03-2024,07:00:00,46,2,23,8,105,89,20
25-03-2024,08:00:00,75,2,27,2,104,86,21
25-03-2024,09:00:00,40,2,22,59,108,91,25
25-03-2024,10:00:00,28,2,18,107,108,93,30
25-03-2024,11:00:00,26,2,17,186,101,91,29
25-03-2024,12:00:00,24,1,16,231,98,91,25
25-03-2024,13:00:00,17,1,13,172,97,89,22
25-03-2024,14:00:00,15,1,12,179,87,78,20
25-03-2024,15:00:00,14,1,12,192,81,68,19
25-03-2024,16:00:00,15,1,12,213,78,66,18
25-03-2024,17:00:00,16,1,13,222,72,70,17
25-03-2024,18:00:00,19,1,14,183,69,61,16
25-03-2024,19:00:00,22,1,16,129,73,47,15
25-03-2024,20:00:00,,2,18,155,75,52,21
25-03-2024,21:00:00,,2,19,143,79,62,24
25-03-2024,22:00:00,30,2,25,69,84,72,20
25-03-2024,23:00:00,46,2,31,32,85,90,19
26-03-2024,00:00:00,64,3,37,2,87,87,20
26-03-2024,01:00:00,46,2,10,6,85,86,20
26-03-2024,02:00:00,40,2,29,15,83,82,20
26-03-2024,03:00:00,39,2,30,1,82,82,20
26-03-2024,04:00:00,32,2,30,1,79,83,20
26-03-2024,05:00:00,31,2,29,2,78,81,19
26-03-2024,06:00:00,30,2,27,6,80,79,18
26-03-2024,07:00:00,36,2,24,3,82,76,18
26-03-2024,08:00:00,66,2,27,0,89,82,21
26-03-2024,09:00:00,43,2,25,44,95,86,25
26-03-2024,10:00:00,41,2,23,133,101,87,30
26-03-2024,11:00:00,32,2,22,227,105,98,32
26-03-2024,12:00:00,26,2,19,289,103,93,28
26-03-2024,13:00:00,17,1,15,217,98,76,24
26-03-2024,14:00:00,18,1,13,208,93,74,21
26-03-2024,15:00:00,19,1,13,246,92,74,20
26-03-2024,16:00:00,18,1,13,270,85,70,19
26-03-2024,17:00:00,20,1,13,273,82,63,6
26-03-2024,18:00:00,24,1,16,281,82,63,4
26-03-2024,19:00:00,24,1,17,202,86,63,6
26-03-2024,20:00:00,27,2,20,116,92,64,4
26-03-2024,21:00:00,32,2,22,104,88,66,6
26-03-2024,22:00:00,32,2,23,116,84,62,9
26-03-2024,23:00:00,32,2,24,85,84,56,11
27-03-2024,00:00:00,36,2,1,56,82,55,11
27-03-2024,01:00:00,36,2,1,32,80,61,10
27-03-2024,02:00:00,32,2,1,33,78,70,10
27-03-2024,03:00:00,30,2,1,16,78,74,9
27-03-2024,04:00:00,24,2,1,25,84,72,8
27-03-2024,05:00:00,26,2,1,13,83,73,8
27-03-2024,06:00:00,37,2,1,,93,75,8
27-03-2024,07:00:00,36,2,1,0,103,83,8
27-03-2024,08:00:00,52,2,1,0,106,80,9
27-03-2024,09:00:00,44,2,5,22,107,81,9
27-03-2024,10:00:00,34,2,12,92,103,89,11
27-03-2024,11:00:00,25,2,11,144,99,89,12
27-03-2024,12:00:00,20,2,10,226,94,81,12
27-03-2024,13:00:00,14,2,8,208,94,71,11
27-03-2024,14:00:00,18,1,7,226,92,70,9
27-03-2024,15:00:00,16,1,7,240,86,66,8
27-03-2024,16:00:00,16,1,7,281,90,67,8
27-03-2024,17:00:00,19,1,8,288,92,70,10
27-03-2024,18:00:00,24,2,9,303,102,65,15
27-03-2024,19:00:00,28,2,10,230,109,76,19
27-03-2024,20:00:00,25,2,11,150,109,87,16
27-03-2024,21:00:00,26,2,12,97,105,83,15
27-03-2024,22:00:00,26,2,13,84,98,72,15
27-03-2024,23:00:00,26,2,13,55,96,60,14
28-03-2024,00:00:00,30,3,14,38,86,57,13
28-03-2024,01:00:00,38,3,15,13,81,55,12
28-03-2024,02:00:00,34,3,14,8,81,63,11
28-03-2024,03:00:00,30,3,14,1,81,66,10
28-03-2024,04:00:00,29,3,14,,84,70,8
28-03-2024,05:00:00,32,3,14,,83,75,8
28-03-2024,06:00:00,36,3,14,,88,75,8
28-03-2024,07:00:00,46,2,14,,102,77,8
28-03-2024,08:00:00,50,2,13,0,107,80,8
28-03-2024,09:00:00,52,2,11,14,113,95,9
28-03-2024,10:00:00,40,1,5,74,115,98,12
28-03-2024,11:00:00,28,0,1,117,110,95,12
28-03-2024,12:00:00,26,0,,223,106,90,12
28-03-2024,13:00:00,24,0,,301,103,82,12
28-03-2024,14:00:00,22,1,7,302,102,74,10
28-03-2024,15:00:00,18,2,8,270,101,71,10
28-03-2024,16:00:00,16,1,8,214,96,72,9
28-03-2024,17:00:00,16,2,8,180,97,73,10
28-03-2024,18:00:00,26,2,9,181,91,71,11
28-03-2024,19:00:00,30,2,10,168,88,68,13
28-03-2024,20:00:00,28,2,12,102,88,67,14
28-03-2024,21:00:00,29,2,13,75,96,68,14
28-03-2024,22:00:00,34,3,14,45,93,72,14
28-03-2024,23:00:00,32,3,14,49,84,65,15
29-03-2024,00:00:00,34,3,15,34,81,68,15
29-03-2024,01:00:00,33,3,15,28,85,71,14
29-03-2024,02:00:00,31,3,15,16,84,65,13
29-03-2024,03:00:00,26,2,13,33,84,60,13
29-03-2024,04:00:00,28,2,13,8,81,63,12
29-03-2024,05:00:00,24,2,13,11,77,73,11
29-03-2024,06:00:00,26,2,12,22,79,71,12
29-03-2024,07:00:00,38,2,13,3,82,67,11
29-03-2024,08:00:00,46,2,12,5,88,77,9
29-03-2024,09:00:00,36,2,11,43,99,85,11
29-03-2024,10:00:00,22,2,9,95,95,78,12
29-03-2024,12:00:00,26,2,9,170,87,71,10
29-03-2024,13:00:00,20,1,7,219,84,69,9
29-03-2024,14:00:00,16,1,8,198,83,69,10
29-03-2024,15:00:00,16,1,7,223,89,73,10
29-03-2024,16:00:00,18,1,7,266,90,62,10
29-03-2024,17:00:00,20,1,8,248,95,77,14
29-03-2024,18:00:00,22,2,8,274,103,93,19
29-03-2024,19:00:00,31,2,9,286,107,93,21
29-03-2024,20:00:00,33,2,10,272,109,90,25
29-03-2024,21:00:00,34,2,11,152,114,93,24
29-03-2024,22:00:00,31,2,11,121,114,91,25
29-03-2024,23:00:00,31,2,12,102,109,88,26
30-03-2024,00:00:00,28,2,11,106,107,87,25
30-03-2024,01:00:00,26,2,10,103,105,81,24
30-03-2024,02:00:00,26,2,10,106,107,82,24
30-03-2024,03:00:00,26,2,10,67,108,85,22
30-03-2024,04:00:00,26,2,11,23,108,84,18
30-03-2024,05:00:00,26,2,10,24,110,90,17
30-03-2024,06:00:00,30,2,11,8,107,87,16
30-03-2024,07:00:00,42,2,11,0,110,85,14
30-03-2024,08:00:00,46,2,11,11,117,94,14
30-03-2024,09:00:00,26,1,8,75,118,101,18
30-03-2024,10:00:00,22,1,5,119,109,92,21
30-03-2024,11:00:00,22,1,4,171,102,87,22
30-03-2024,12:00:00,21,1,4,185,98,80,20
30-03-2024,13:00:00,17,0,1,180,92,88,16
30-03-2024,14:00:00,12,1,4,192,105,86,16
30-03-2024,15:00:00,12,1,5,200,108,78,16
30-03-2024,16:00:00,18,1,4,234,105,74,15
30-03-2024,17:00:00,22,1,5,174,102,62,16
30-03-2024,18:00:00,22,1,6,176,110,66,18
30-03-2024,19:00:00,22,1,6,183,117,71,19
30-03-2024,20:00:00,26,1,7,227,119,74,22
30-03-2024,21:00:00,24,1,7,153,124,88,21
30-03-2024,22:00:00,25,1,7,103,121,82,20
30-03-2024,23:00:00,27,1,7,78,116,73,19
31-03-2024,00:00:00,24,1,7,83,112,71,19
31-03-2024,01:00:00,20,1,7,70,114,70,17
31-03-2024,02:00:00,16,1,6,67,103,57,15
31-03-2024,03:00:00,22,2,8,24,86,53,13
31-03-2024,04:00:00,26,2,8,9,85,61,12
31-03-2024,05:00:00,30,2,9,0,90,64,10
31-03-2024,06:00:00,34,2,8,,93,63,10
31-03-2024,07:00:00,43,1,8,,98,66,10
31-03-2024,08:00:00,60,1,8,0,112,73,11
31-03-2024,09:00:00,32,2,9,40,120,80,15
31-03-2024,10:00:00,26,1,5,124,111,82,20
31-03-2024,11:00:00,22,0,2,182,108,84,21
31-03-2024,12:00:00,16,0,,158,103,83,18
31-03-2024,13:00:00,17,0,,182,90,86,16
31-03-2024,14:00:00,17,1,5,192,90,84,14
31-03-2024,15:00:00,16,1,5,194,93,77,14
31-03-2024,16:00:00,16,1,5,208,90,71,14
31-03-2024,17:00:00,16,1,5,199,83,73,13
31-03-2024,18:00:00,18,1,5,156,80,79,13
31-03-2024,19:00:00,24,1,14,138,88,66,13
31-03-2024,20:00:00,24,1,25,156,98,62,14
31-03-2024,21:00:00,27,1,24,112,104,72,15
31-03-2024,22:00:00,29,1,29,77,105,76,15
31-03-2024,23:00:00,45,2,49,9,105,72,13
01-04-2024,00:00:00,50,2,54,1,105,70,12
01-04-2024,01:00:00,41,2,52,2,102,71,10
01-04-2024,02:00:00,32,2,49,7,98,78,8
01-04-2024,03:00:00,29,2,48,4,91,70,7
01-04-2024,04:00:00,24,2,49,3,85,64,5
01-04-2024,05:00:00,34,2,54,2,83,59,5
01-04-2024,06:00:00,38,2,55,,82,62,5
01-04-2024,07:00:00,50,2,56,0,90,70,5
01-04-2024,08:00:00,74,2,54,0,106,77,6
01-04-2024,09:00:00,48,2,48,36,118,92,7
01-04-2024,10:00:00,40,1,66,92,124,106,11
01-04-2024,11:00:00,24,1,24,160,116,96,13
01-04-2024,12:00:00,20,1,,227,97,81,11
01-04-2024,13:00:00,19,1,,234,81,71,9
01-04-2024,14:00:00,16,1,,254,78,66,7
01-04-2024,15:00:00,15,1,,248,75,68,7
01-04-2024,16:00:00,16,1,,165,71,68,6
01-04-2024,17:00:00,15,1,11,167,67,70,6
01-04-2024,18:00:00,16,1,11,188,69,69,9
01-04-2024,19:00:00,24,1,14,187,78,69,11
01-04-2024,20:00:00,26,1,16,274,89,67,19
01-04-2024,21:00:00,40,2,20,131,106,72,19
01-04-2024,22:00:00,42,2,26,67,112,81,16
01-04-2024,23:00:00,38,2,26,55,113,89,14
02-04-2024,00:00:00,38,2,26,56,113,92,13
02-04-2024,01:00:00,30,2,23,64,112,88,13
02-04-2024,02:00:00,22,2,18,75,111,82,13
02-04-2024,03:00:00,19,2,17,63,108,76,13
02-04-2024,04:00:00,16,2,16,59,103,69,12
02-04-2024,05:00:00,20,2,23,24,101,68,11
02-04-2024,06:00:00,26,2,28,1,98,77,7
02-04-2024,07:00:00,50,2,33,,106,75,6
02-04-2024,08:00:00,67,2,33,0,118,85,6
02-04-2024,09:00:00,29,2,24,51,126,91,6
02-04-2024,10:00:00,28,1,21,99,118,83,8
02-04-2024,11:00:00,28,1,19,175,114,78,10
02-04-2024,12:00:00,22,0,10,277,115,75,10
02-04-2024,13:00:00,18,0,13,300,111,72,8
02-04-2024,14:00:00,16,1,12,286,104,71,7
02-04-2024,15:00:00,15,1,10,300,100,75,7
02-04-2024,16:00:00,16,1,10,203,94,73,7
02-04-2024,17:00:00,16,1,10,199,90,68,8
02-04-2024,18:00:00,18,1,11,225,89,66,10
02-04-2024,19:00:00,20,1,13,204,103,77,12
02-04-2024,20:00:00,20,1,13,123,107,69,10
02-04-2024,21:00:00,33,2,20,66,104,61,9
02-04-2024,22:00:00,39,2,27,34,102,61,9
02-04-2024,23:00:00,46,2,30,10,103,74,8
03-04-2024,00:00:00,42,2,30,6,105,75,8
03-04-2024,01:00:00,27,2,19,45,105,64,8
03-04-2024,02:00:00,22,2,16,60,107,80,10
03-04-2024,03:00:00,18,2,16,60,108,75,10
03-04-2024,04:00:00,18,2,19,38,106,63,9
03-04-2024,05:00:00,18,2,20,37,103,66,8
03-04-2024,06:00:00,21,2,25,15,103,69,7
03-04-2024,07:00:00,50,2,26,9,109,72,8
03-04-2024,08:00:00,64,2,30,2,126,85,9
03-04-2024,09:00:00,32,2,22,68,134,94,14
03-04-2024,10:00:00,28,1,18,134,132,92,16
03-04-2024,11:00:00,25,1,16,188,126,98,16
03-04-2024,12:00:00,22,1,12,283,119,87,13
03-04-2024,13:00:00,20,0,13,302,113,82,12
03-04-2024,14:00:00,20,1,12,300,107,70,10
03-04-2024,15:00:00,18,1,10,283,104,68,9
03-04-2024,16:00:00,16,1,9,202,95,70,9
03-04-2024,17:00:00,17,1,10,191,85,76,10
03-04-2024,18:00:00,22,1,11,246,94,76,14
03-04-2024,19:00:00,22,1,13,158,103,70,14
03-04-2024,20:00:00,28,1,13,109,108,81,15
03-04-2024,21:00:00,32,1,14,74,114,76,16
03-04-2024,22:00:00,30,2,16,63,117,71,16
03-04-2024,23:00:00,27,2,17,61,119,72,16
04-04-2024,00:00:00,20,2,15,71,117,66,16
04-04-2024,01:00:00,29,2,23,28,113,65,15
04-04-2024,02:00:00,28,2,24,27,109,64,12
04-04-2024,03:00:00,23,2,24,26,106,62,11
04-04-2024,04:00:00,22,2,24,27,104,59,11
04-04-2024,05:00:00,20,2,24,40,109,60,10
04-04-2024,06:00:00,20,2,21,53,110,65,10
04-04-2024,07:00:00,50,2,30,6,111,66,10
04-04-2024,08:00:00,76,2,31,3,128,85,11
04-04-2024,09:00:00,29,2,19,76,135,90,14
04-04-2024,10:00:00,28,1,18,108,128,85,16
04-04-2024,11:00:00,22,1,16,137,114,84,14
04-04-2024,12:00:00,22,0,14,258,97,77,13
04-04-2024,13:00:00,20,0,14,301,86,68,13
04-04-2024,14:00:00,14,1,12,194,80,68,11
04-04-2024,15:00:00,12,1,10,157,73,68,9
04-04-2024,16:00:00,12,1,10,136,70,63,8
04-04-2024,17:00:00,14,1,10,138,66,64,9
04-04-2024,18:00:00,14,1,10,149,65,56,10
04-04-2024,19:00:00,21,1,13,129,62,56,11
04-04-2024,20:00:00,38,2,22,82,78,56,12
04-04-2024,21:00:00,80,2,36,7,88,69,13
04-04-2024,22:00:00,59,2,33,37,103,77,14
04-04-2024,23:00:00,36,2,22,75,121,90,17
05-04-2024,00:00:00,34,2,21,58,131,88,19
05-04-2024,01:00:00,37,2,23,45,131,89,18
05-04-2024,02:00:00,28,2,20,50,130,88,18
05-04-2024,03:00:00,26,2,22,29,124,76,18
05-04-2024,04:00:00,24,2,23,24,118,77,16
05-04-2024,05:00:00,24,2,24,14,119,78,14
05-04-2024,06:00:00,36,2,30,1,119,78,12
05-04-2024,07:00:00,62,2,32,0,122,76,12
05-04-2024,08:00:00,77,2,32,0,140,97,12
05-04-2024,09:00:00,48,2,26,51,155,117,14
05-04-2024,10:00:00,30,1,19,120,137,108,19
05-04-2024,11:00:00,23,0,12,181,116,101,19
05-04-2024,12:00:00,20,0,6,256,104,90,17
05-04-2024,13:00:00,19,0,13,288,104,80,15
05-04-2024,14:00:00,19,1,13,302,103,72,13
05-04-2024,15:00:00,16,1,11,213,97,62,12
05-04-2024,16:00:00,14,1,10,150,90,68,11
05-04-2024,17:00:00,14,1,10,131,80,68,10
05-04-2024,18:00:00,16,1,11,127,72,66,11
05-04-2024,19:00:00,20,1,13,120,70,65,11
05-04-2024,20:00:00,27,1,15,165,76,61,14
05-04-2024,21:00:00,28,1,14,163,100,67,19
05-04-2024,22:00:00,28,1,15,103,115,69,23
05-04-2024,23:00:00,32,2,19,65,119,77,23
06-04-2024,00:00:00,37,2,24,27,123,87,20
06-04-2024,01:00:00,41,2,26,12,125,81,18
06-04-2024,02:00:00,51,2,32,0,122,77,17
06-04-2024,03:00:00,42,2,32,0,123,81,16
06-04-2024,04:00:00,35,2,29,0,118,83,14
06-04-2024,05:00:00,33,2,32,0,113,82,13
06-04-2024,06:00:00,36,2,30,0,121,82,12
06-04-2024,07:00:00,52,2,27,0,126,83,13
06-04-2024,08:00:00,60,2,27,0,126,89,15
06-04-2024,09:00:00,35,1,11,61,126,93,20
06-04-2024,10:00:00,26,1,2,135,120,94,24
06-04-2024,11:00:00,14,0,,144,112,86,21
06-04-2024,12:00:00,12,0,,143,100,74,16
06-04-2024,13:00:00,10,0,9,142,84,63,13
06-04-2024,14:00:00,9,1,9,147,73,58,11
06-04-2024,15:00:00,10,1,8,171,67,48,10
06-04-2024,16:00:00,12,1,9,203,62,43,10
06-04-2024,17:00:00,13,1,8,206,57,51,10
06-04-2024,18:00:00,16,1,10,145,55,46,10
06-04-2024,19:00:00,18,1,12,120,61,43,12
06-04-2024,20:00:00,26,1,15,95,78,49,14
06-04-2024,21:00:00,28,1,17,83,85,46,13
06-04-2024,22:00:00,21,1,15,98,87,48,14
06-04-2024,23:00:00,32,2,22,64,92,75,16
07-04-2024,00:00:00,60,2,33,4,97,83,14
07-04-2024,01:00:00,52,2,29,15,106,83,14
07-04-2024,02:00:00,28,2,15,58,109,89,16
07-04-2024,03:00:00,34,2,23,18,110,88,15
07-04-2024,04:00:00,32,2,20,27,108,75,13
07-04-2024,05:00:00,34,2,31,0,110,67,12
07-04-2024,06:00:00,38,2,30,0,108,75,11
07-04-2024,07:00:00,40,2,30,0,107,73,11
07-04-2024,08:00:00,42,2,26,7,110,76,11
07-04-2024,09:00:00,26,2,12,65,107,75,17
07-04-2024,10:00:00,28,1,6,131,105,84,18
07-04-2024,11:00:00,24,1,1,194,106,87,18
07-04-2024,12:00:00,20,0,,263,104,87,17
07-04-2024,13:00:00,15,0,9,195,95,82,12
07-04-2024,14:00:00,13,1,9,181,83,70,10
07-04-2024,15:00:00,15,1,9,181,71,62,10
07-04-2024,16:00:00,10,1,9,140,68,58,10
07-04-2024,17:00:00,10,1,9,143,68,53,10
07-04-2024,18:00:00,14,1,9,234,71,48,14
07-04-2024,19:00:00,17,1,11,219,80,61,18
07-04-2024,20:00:00,18,1,13,118,97,60,17
07-04-2024,21:00:00,24,1,16,70,98,54,15
07-04-2024,22:00:00,26,2,19,43,88,55,12
07-04-2024,23:00:00,28,2,22,17,82,52,10
08-04-2024,00:00:00,33,2,26,5,73,51,8
08-04-2024,01:00:00,27,2,24,14,65,49,6
08-04-2024,02:00:00,24,2,25,10,55,41,5
08-04-2024,03:00:00,24,2,26,5,52,39,3
08-04-2024,04:00:00,16,2,21,22,53,33,2
08-04-2024,05:00:00,22,2,26,1,58,32,2
08-04-2024,06:00:00,28,2,25,,56,35,2
08-04-2024,07:00:00,24,2,21,10,57,40,2
08-04-2024,08:00:00,21,1,9,17,57,38,4
08-04-2024,09:00:00,24,1,8,62,54,42,10
08-04-2024,10:00:00,16,1,1,122,56,47,7
08-04-2024,11:00:00,16,0,0,162,57,56,7
08-04-2024,12:00:00,12,0,,168,56,64,5
08-04-2024,13:00:00,10,0,8,175,55,53,4
08-04-2024,14:00:00,13,1,9,199,57,44,4
08-04-2024,15:00:00,12,1,9,201,53,45,4
08-04-2024,16:00:00,12,1,9,176,51,46,4
08-04-2024,17:00:00,12,1,8,151,55,45,5
08-04-2024,18:00:00,14,1,10,160,55,42,6
08-04-2024,19:00:00,20,1,13,150,56,41,8
08-04-2024,20:00:00,35,2,19,87,61,54,10
08-04-2024,21:00:00,50,2,29,45,71,56,10
08-04-2024,22:00:00,41,2,28,44,80,54,10
08-04-2024,23:00:00,53,2,33,11,88,57,9
09-04-2024,00:00:00,68,2,35,0,90,64,8
09-04-2024,01:00:00,48,2,27,3,87,64,7
09-04-2024,02:00:00,45,2,29,2,88,63,7
09-04-2024,03:00:00,41,2,29,0,95,65,8
09-04-2024,04:00:00,32,2,23,1,92,76,7
09-04-2024,05:00:00,28,2,23,2,89,86,8
09-04-2024,06:00:00,26,2,20,2,84,82,7
09-04-2024,07:00:00,23,2,12,30,77,82,6
09-04-2024,08:00:00,25,1,5,36,78,76,7
09-04-2024,09:00:00,29,1,5,68,79,76,12
09-04-2024,10:00:00,24,1,0,136,93,81,14
09-04-2024,11:00:00,24,1,1,239,91,69,14
09-04-2024,12:00:00,20,1,,273,94,69,11
09-04-2024,13:00:00,16,0,8,243,82,66,8
09-04-2024,14:00:00,12,1,9,244,69,69,8
09-04-2024,15:00:00,14,1,8,187,74,67,8
09-04-2024,16:00:00,14,1,8,162,71,55,8
09-04-2024,17:00:00,14,1,9,170,67,56,9
09-04-2024,18:00:00,18,1,10,253,70,55,12
09-04-2024,19:00:00,24,1,13,299,79,51,16
09-04-2024,20:00:00,24,1,13,198,84,59,17
09-04-2024,21:00:00,28,1,15,132,83,69,16
09-04-2024,22:00:00,36,2,21,62,89,80,15
09-04-2024,23:00:00,34,2,22,54,98,87,14
10-04-2024,00:00:00,40,2,25,22,99,84,14
10-04-2024,01:00:00,28,2,21,56,94,80,13
10-04-2024,02:00:00,24,2,18,49,87,69,13
10-04-2024,03:00:00,26,2,24,19,84,70,13
10-04-2024,04:00:00,28,2,26,14,85,76,11
10-04-2024,05:00:00,25,2,19,27,84,74,12
10-04-2024,06:00:00,35,2,24,8,90,69,13
10-04-2024,07:00:00,52,2,26,0,100,88,13
10-04-2024,08:00:00,56,2,26,3,114,104,13
10-04-2024,09:00:00,40,2,21,63,122,108,17
10-04-2024,10:00:00,35,1,13,152,117,104,21
10-04-2024,11:00:00,34,1,9,269,112,109,23
10-04-2024,12:00:00,22,0,1,21,,,19
10-04-2024,13:00:00,,0,10,,,,16
10-04-2024,14:00:00,,1,9,226,,,9
10-04-2024,15:00:00,,1,9,189,,,10
10-04-2024,16:00:00,14,1,8,156,,,10
10-04-2024,19:00:00,20,,,146,125,95,0
10-04-2024,22:00:00,30,4,,67,108,84,3
10-04-2024,23:00:00,26,4,18,65,96,79,3
11-04-2024,00:00:00,28,4,25,58,85,73,2
11-04-2024,01:00:00,34,5,30,38,86,69,1
11-04-2024,02:00:00,28,5,29,46,89,68,1
11-04-2024,03:00:00,29,6,33,16,93,69,0
11-04-2024,04:00:00,26,6,36,4,91,70,
11-04-2024,05:00:00,26,6,34,13,89,65,
11-04-2024,06:00:00,26,5,30,21,93,63,
11-04-2024,08:00:00,42,6,32,19,118,98,3
11-04-2024,09:00:00,36,5,30,66,115,95,5
11-04-2024,10:00:00,30,5,28,128,109,91,8
11-04-2024,11:00:00,26,5,27,199,112,93,8
11-04-2024,12:00:00,14,4,21,141,109,90,4
11-04-2024,13:00:00,14,3,18,140,95,75,1
11-04-2024,14:00:00,16,3,15,177,78,63,0
11-04-2024,15:00:00,14,3,14,202,65,71,
11-04-2024,16:00:00,14,2,13,219,55,65,
11-04-2024,17:00:00,14,2,13,150,54,62,0
11-04-2024,18:00:00,18,2,13,157,60,71,1
11-04-2024,19:00:00,29,3,15,192,72,66,5
11-04-2024,20:00:00,34,3,17,137,87,78,8
11-04-2024,21:00:00,36,4,20,85,96,76,8
11-04-2024,22:00:00,29,4,20,70,94,83,8
11-04-2024,23:00:00,32,4,24,41,81,63,7
12-04-2024,00:00:00,32,4,24,46,82,77,6
12-04-2024,01:00:00,52,5,29,5,86,74,5
12-04-2024,02:00:00,51,6,31,2,89,69,4
12-04-2024,03:00:00,37,5,29,12,96,78,5
12-04-2024,04:00:00,28,5,25,26,102,81,6
12-04-2024,05:00:00,18,4,21,35,103,73,6
12-04-2024,06:00:00,18,4,21,24,101,67,6
12-04-2024,07:00:00,20,4,23,12,92,75,5
12-04-2024,08:00:00,24,4,22,14,93,66,4
12-04-2024,09:00:00,22,4,20,44,100,72,4
12-04-2024,10:00:00,28,3,19,75,75,78,6
12-04-2024,11:00:00,32,3,19,128,66,76,6
12-04-2024,12:00:00,26,3,18,156,74,89,6
12-04-2024,13:00:00,20,3,16,154,64,76,5
12-04-2024,14:00:00,16,3,14,129,59,64,4
12-04-2024,15:00:00,16,3,14,113,57,71,3
12-04-2024,16:00:00,16,2,14,120,61,69,3
12-04-2024,17:00:00,16,2,13,123,64,68,4
12-04-2024,18:00:00,20,3,14,139,72,72,5
12-04-2024,19:00:00,17,3,18,90,81,70,4
12-04-2024,20:00:00,18,3,16,75,78,55,1
12-04-2024,21:00:00,22,3,17,58,59,58,3
12-04-2024,22:00:00,22,3,18,49,62,63,4
12-04-2024,23:00:00,20,3,18,39,58,51,3
13-04-2024,00:00:00,18,3,19,35,58,55,3
13-04-2024,01:00:00,19,4,20,23,56,44,2
13-04-2024,02:00:00,18,4,20,21,55,38,0
13-04-2024,03:00:00,18,4,20,20,57,45,0
13-04-2024,04:00:00,26,4,25,0,59,51,
13-04-2024,05:00:00,32,4,25,,70,52,
13-04-2024,06:00:00,39,4,24,,80,46,0
13-04-2024,07:00:00,48,4,23,,94,51,0
13-04-2024,08:00:00,40,4,23,6,103,74,1
13-04-2024,09:00:00,33,4,24,42,98,81,3
13-04-2024,10:00:00,30,5,27,89,93,86,6
13-04-2024,11:00:00,24,5,26,150,88,80,7
13-04-2024,12:00:00,23,5,26,205,81,80,6
13-04-2024,13:00:00,19,4,21,203,76,75,3
13-04-2024,14:00:00,14,3,16,161,74,64,4
13-04-2024,15:00:00,10,3,14,89,63,55,2
13-04-2024,16:00:00,12,2,13,107,57,50,3
13-04-2024,17:00:00,16,2,12,152,54,50,5
13-04-2024,18:00:00,18,2,12,176,56,66,7
13-04-2024,19:00:00,22,2,14,131,58,63,8
13-04-2024,20:00:00,20,3,15,91,68,64,9
13-04-2024,21:00:00,21,3,15,79,73,59,10
13-04-2024,22:00:00,25,3,18,52,73,58,10
13-04-2024,23:00:00,21,3,18,39,79,57,9
14-04-2024,00:00:00,20,3,19,26,81,56,8
14-04-2024,01:00:00,18,3,18,25,78,61,8
14-04-2024,02:00:00,20,3,19,13,78,51,6
14-04-2024,03:00:00,30,4,22,1,75,42,4
14-04-2024,04:00:00,28,4,22,0,77,50,3
14-04-2024,05:00:00,20,4,21,3,79,51,3
14-04-2024,06:00:00,29,4,22,,76,51,3
14-04-2024,07:00:00,40,4,22,0,85,60,3
14-04-2024,08:00:00,30,4,20,16,89,61,4
14-04-2024,09:00:00,18,4,20,49,84,64,5
14-04-2024,10:00:00,16,4,20,89,59,60,6
14-04-2024,11:00:00,15,4,20,109,40,59,5
14-04-2024,12:00:00,12,3,17,100,29,43,3
14-04-2024,13:00:00,12,3,15,128,29,37,2
14-04-2024,14:00:00,12,3,14,157,33,40,4
14-04-2024,15:00:00,12,2,13,162,37,33,5
14-04-2024,16:00:00,11,2,12,148,37,40,4
14-04-2024,17:00:00,12,2,11,136,30,39,5
14-04-2024,18:00:00,14,2,12,119,40,37,7
14-04-2024,19:00:00,18,2,13,203,46,41,11
14-04-2024,20:00:00,29,3,17,164,66,52,20
14-04-2024,21:00:00,36,3,19,141,81,65,20
14-04-2024,22:00:00,44,4,22,84,91,90,16
14-04-2024,23:00:00,50,5,25,52,95,89,15
15-04-2024,00:00:00,55,5,30,30,102,108,14
15-04-2024,01:00:00,44,5,28,36,105,108,14
15-04-2024,02:00:00,46,6,32,12,105,93,8
15-04-2024,03:00:00,46,5,31,10,105,73,6
15-04-2024,04:00:00,39,5,31,6,103,94,5
15-04-2024,05:00:00,34,5,29,9,106,92,5
15-04-2024,06:00:00,36,5,29,0,107,97,5
15-04-2024,07:00:00,42,5,29,0,102,90,4
15-04-2024,08:00:00,50,5,28,13,105,92,4
15-04-2024,09:00:00,34,4,24,68,103,97,6
15-04-2024,10:00:00,28,4,23,97,92,92,9
15-04-2024,11:00:00,24,4,20,125,94,95,10
15-04-2024,12:00:00,22,3,17,152,90,87,9
15-04-2024,13:00:00,20,3,15,161,89,78,8
15-04-2024,14:00:00,18,2,13,163,81,74,6
15-04-2024,15:00:00,20,2,12,172,80,70,7
15-04-2024,16:00:00,18,2,12,169,66,79,7
15-04-2024,17:00:00,16,2,11,153,61,62,6
15-04-2024,18:00:00,22,3,14,94,65,79,6
15-04-2024,19:00:00,24,3,15,93,103,76,5
15-04-2024,20:00:00,26,3,15,88,113,67,7
15-04-2024,21:00:00,28,3,16,71,116,78,8
15-04-2024,22:00:00,36,4,21,42,107,69,8
15-04-2024,23:00:00,32,4,21,48,92,64,7
16-04-2024,00:00:00,28,4,20,54,90,71,8
16-04-2024,01:00:00,27,3,18,44,85,74,8
16-04-2024,02:00:00,28,3,18,38,80,66,6
16-04-2024,03:00:00,32,4,21,10,78,64,5
16-04-2024,04:00:00,34,4,25,3,78,74,4
16-04-2024,05:00:00,36,5,26,0,84,77,4
16-04-2024,06:00:00,44,5,27,0,98,83,5
16-04-2024,07:00:00,52,5,26,0,105,85,5
16-04-2024,08:00:00,57,5,27,1,117,103,5
16-04-2024,09:00:00,28,4,22,65,115,90,7
16-04-2024,10:00:00,22,4,19,90,91,79,9
16-04-2024,11:00:00,20,3,18,109,65,90,9
16-04-2024,12:00:00,20,3,16,131,75,98,7
16-04-2024,13:00:00,16,3,14,153,75,92,6
16-04-2024,14:00:00,18,2,12,179,74,83,6
16-04-2024,15:00:00,18,2,12,185,76,67,7
16-04-2024,16:00:00,18,2,12,182,76,69,7
16-04-2024,17:00:00,18,2,12,191,75,75,7
16-04-2024,18:00:00,21,2,12,177,78,77,8
16-04-2024,19:00:00,17,2,11,144,87,84,9
16-04-2024,21:00:00,38,4,21,30,224,90,30
16-04-2024,22:00:00,40,4,22,13,300,106,14
16-04-2024,23:00:00,58,4,25,2,152,94,10
17-04-2024,00:00:00,52,4,25,1,127,93,9
17-04-2024,01:00:00,47,4,23,15,125,89,10
17-04-2024,02:00:00,46,4,23,13,115,84,6
17-04-2024,03:00:00,50,4,22,2,143,97,5
17-04-2024,04:00:00,46,4,22,2,161,102,6
17-04-2024,05:00:00,43,4,22,1,103,107,7
17-04-2024,06:00:00,42,4,21,1,145,116,7
17-04-2024,07:00:00,52,4,20,0,138,118,6
17-04-2024,08:00:00,62,4,21,0,149,129,6
17-04-2024,09:00:00,38,4,20,45,141,139,6
17-04-2024,10:00:00,28,4,20,97,,,7
17-04-2024,11:00:00,28,4,19,152,57,82,8
17-04-2024,12:00:00,24,3,16,177,58,83,7
17-04-2024,13:00:00,22,3,14,190,69,94,5
17-04-2024,14:00:00,21,2,12,,69,84,5
17-04-2024,15:00:00,16,2,11,,76,79,7
17-04-2024,16:00:00,,2,12,,79,82,7
17-04-2024,17:00:00,,2,11,,106,97,7
17-04-2024,18:00:00,,2,11,,113,99,7
17-04-2024,19:00:00,,2,11,,118,99,7
17-04-2024,20:00:00,,2,12,,119,94,7
17-04-2024,21:00:00,,2,12,,123,86,7
17-04-2024,22:00:00,,2,12,,129,84,6
17-04-2024,23:00:00,,2,13,,130,78,6
18-04-2024,00:00:00,,2,13,,130,76,5
18-04-2024,01:00:00,,2,12,,143,66,5
18-04-2024,02:00:00,,2,13,,98,64,5
18-04-2024,03:00:00,,3,17,,110,72,4
18-04-2024,04:00:00,,3,16,,129,86,4
18-04-2024,05:00:00,,3,16,,116,88,5
18-04-2024,06:00:00,,3,17,,105,80,4
18-04-2024,07:00:00,,3,16,,119,75,4
18-04-2024,08:00:00,,3,15,,126,81,3
18-04-2024,09:00:00,26,3,15,36,90,82,3
18-04-2024,10:00:00,24,3,14,86,53,70,3
18-04-2024,11:00:00,20,2,14,122,,,3
18-04-2024,12:00:00,12,2,11,103,46,53,3
18-04-2024,13:00:00,10,2,9,106,45,53,2
18-04-2024,14:00:00,10,2,9,111,36,50,5
18-04-2024,15:00:00,12,2,8,116,42,50,6
18-04-2024,16:00:00,14,2,8,118,38,44,6
18-04-2024,17:00:00,14,2,9,116,39,58,6
18-04-2024,18:00:00,14,2,12,116,39,55,7
19-04-2024,13:00:00,15,2,13,127,52,84,7
19-04-2024,14:00:00,14,2,9,136,54,70,5
19-04-2024,15:00:00,16,2,10,159,55,62,7
19-04-2024,16:00:00,14,2,10,162,57,66,7
19-04-2024,17:00:00,14,,,,53,48,8
19-04-2024,18:00:00,22,2,10,98,85,51,9
19-04-2024,19:00:00,24,2,11,81,96,73,9
19-04-2024,20:00:00,27,2,12,82,98,61,10
19-04-2024,21:00:00,24,2,12,80,97,66,10
19-04-2024,22:00:00,23,2,12,70,101,68,11
19-04-2024,23:00:00,23,2,13,66,97,65,11
20-04-2024,00:00:00,22,2,13,63,102,65,11
20-04-2024,01:00:00,20,2,13,51,98,69,11
20-04-2024,02:00:00,18,2,13,41,89,54,8
20-04-2024,03:00:00,18,2,13,34,82,53,6
20-04-2024,04:00:00,18,3,14,27,76,53,4
20-04-2024,05:00:00,15,2,13,28,68,56,3
20-04-2024,06:00:00,16,2,13,26,70,58,3
20-04-2024,07:00:00,28,3,18,3,66,62,2
20-04-2024,08:00:00,34,3,18,6,69,53,1
20-04-2024,09:00:00,22,2,14,57,85,58,2
20-04-2024,10:00:00,17,2,13,86,76,60,3
20-04-2024,11:00:00,20,2,13,137,63,62,4
20-04-2024,12:00:00,15,2,11,117,75,64,4
20-04-2024,13:00:00,13,2,10,120,75,64,3
20-04-2024,14:00:00,12,2,8,119,80,60,3
20-04-2024,15:00:00,12,2,8,137,79,75,6
27-04-2024,16:00:00,17,1,8,186,80,86,7
27-04-2024,17:00:00,16,1,8,198,70,70,7
27-04-2024,18:00:00,16,1,7,214,56,71,7
27-04-2024,19:00:00,19,1,8,137,70,53,7
27-04-2024,20:00:00,42,3,19,95,71,62,9
27-04-2024,21:00:00,28,2,15,130,92,78,14
27-04-2024,22:00:00,36,2,18,79,115,76,13
27-04-2024,23:00:00,39,3,21,48,111,80,12
28-04-2024,00:00:00,36,3,21,43,114,79,11
28-04-2024,01:00:00,28,3,19,60,110,81,12
28-04-2024,02:00:00,28,3,19,51,107,89,9
28-04-2024,03:00:00,30,3,24,15,111,73,7
28-04-2024,04:00:00,32,3,26,2,105,82,5
28-04-2024,05:00:00,30,3,26,3,103,80,4
28-04-2024,06:00:00,36,3,26,6,105,89,4
28-04-2024,07:00:00,62,4,27,0,115,82,4
28-04-2024,08:00:00,56,3,25,2,134,123,5
28-04-2024,09:00:00,26,3,19,91,147,122,11
28-04-2024,10:00:00,16,3,19,124,102,106,12
28-04-2024,11:00:00,14,2,16,126,88,93,9
28-04-2024,12:00:00,13,2,12,137,75,88,7
28-04-2024,13:00:00,14,1,9,145,70,86,6
28-04-2024,14:00:00,15,1,8,154,73,82,6
28-04-2024,15:00:00,14,1,7,158,72,59,7
28-04-2024,16:00:00,12,1,7,160,73,64,7
28-04-2024,17:00:00,10,1,7,167,75,72,7
28-04-2024,18:00:00,14,1,6,167,75,74,7
28-04-2024,19:00:00,18,1,8,135,71,76,8
28-04-2024,20:00:00,26,2,11,191,104,56,17
28-04-2024,21:00:00,24,2,11,160,276,79,19
28-04-2024,22:00:00,24,2,13,121,149,94,19
28-04-2024,23:00:00,34,3,21,51,140,95,15
29-04-2024,00:00:00,36,4,27,28,135,116,13
29-04-2024,01:00:00,28,3,22,46,116,101,12
29-04-2024,02:00:00,26,3,22,37,98,93,9
29-04-2024,03:00:00,28,3,23,21,90,94,8
29-04-2024,04:00:00,26,3,22,26,104,82,7
29-04-2024,05:00:00,32,4,28,1,87,87,6
29-04-2024,06:00:00,36,4,27,,138,89,5
29-04-2024,07:00:00,50,4,27,0,128,104,5
29-04-2024,08:00:00,76,4,28,0,136,112,6
29-04-2024,09:00:00,34,3,24,67,169,139,9
29-04-2024,10:00:00,33,3,26,146,118,123,12
29-04-2024,11:00:00,28,3,25,251,108,102,15
29-04-2024,12:00:00,14,2,17,143,114,130,10
29-04-2024,13:00:00,12,2,12,144,87,100,8
29-04-2024,14:00:00,12,1,10,172,58,80,6
29-04-2024,15:00:00,16,1,10,174,89,81,7
29-04-2024,16:00:00,16,1,10,160,75,69,7
29-04-2024,17:00:00,16,2,11,160,72,71,7
29-04-2024,18:00:00,18,2,11,158,68,83,8
29-04-2024,19:00:00,22,2,12,145,93,73,10
29-04-2024,20:00:00,26,2,16,153,93,67,12
29-04-2024,21:00:00,29,2,16,166,113,77,17
29-04-2024,22:00:00,28,2,17,121,129,82,17
29-04-2024,23:00:00,34,3,20,67,130,89,16
30-04-2024,00:00:00,34,3,24,39,124,92,15
30-04-2024,01:00:00,27,3,24,50,125,82,13
30-04-2024,02:00:00,23,3,20,63,116,77,10
30-04-2024,03:00:00,22,3,20,50,109,82,10
30-04-2024,04:00:00,25,4,28,7,104,81,6
30-04-2024,05:00:00,26,4,30,2,97,70,5
30-04-2024,06:00:00,34,4,32,0,101,74,4
30-04-2024,07:00:00,44,4,32,0,101,80,3
30-04-2024,08:00:00,46,4,30,1,110,82,3
30-04-2024,09:00:00,24,3,24,82,125,99,6
30-04-2024,10:00:00,23,3,25,116,103,94,8
30-04-2024,11:00:00,21,3,22,187,91,78,8
30-04-2024,12:00:00,21,3,20,300,74,82,8
30-04-2024,13:00:00,17,2,16,237,82,80,6
30-04-2024,14:00:00,14,2,14,158,85,77,5
30-04-2024,15:00:00,12,2,12,136,68,71,5
30-04-2024,16:00:00,14,2,12,143,67,75,6
30-04-2024,17:00:00,13,2,12,155,71,64,6
30-04-2024,18:00:00,16,2,12,166,77,67,8
30-04-2024,19:00:00,22,2,15,193,75,62,11
30-04-2024,20:00:00,30,2,18,261,102,72,20
30-04-2024,21:00:00,30,3,19,135,121,77,21
30-04-2024,22:00:00,31,3,22,70,125,89,21
30-04-2024,23:00:00,34,3,26,31,125,96,19
01-05-2024,00:00:00,23,3,24,40,121,97,17
01-05-2024,01:00:00,20,3,21,46,115,88,15
01-05-2024,02:00:00,15,2,18,51,109,93,10
01-05-2024,03:00:00,14,2,17,40,102,64,8
01-05-2024,04:00:00,15,2,17,34,99,57,7
01-05-2024,05:00:00,14,2,17,34,88,47,7
01-05-2024,06:00:00,17,2,17,31,86,35,7
01-05-2024,07:00:00,19,3,19,25,85,48,6
01-05-2024,08:00:00,20,3,19,38,88,61,5
01-05-2024,09:00:00,13,2,15,79,90,59,4
01-05-2024,10:00:00,14,2,13,89,69,44,3
01-05-2024,11:00:00,9,2,11,104,68,42,2
01-05-2024,12:00:00,12,2,10,113,70,39,3
01-05-2024,13:00:00,14,2,10,146,66,52,5
01-05-2024,14:00:00,12,2,10,155,73,53,6
01-05-2024,15:00:00,10,1,10,148,81,47,7
01-05-2024,16:00:00,9,1,9,130,76,51,6
01-05-2024,17:00:00,9,2,10,123,73,55,6
01-05-2024,18:00:00,10,2,10,120,68,47,7
01-05-2024,19:00:00,14,2,11,113,75,54,9
01-05-2024,20:00:00,20,2,15,79,75,41,8
01-05-2024,21:00:00,22,2,15,82,78,44,9
01-05-2024,22:00:00,22,2,15,66,77,36,10
01-05-2024,23:00:00,31,3,22,27,81,52,10
02-05-2024,00:00:00,34,4,25,12,88,67,8
02-05-2024,01:00:00,33,4,25,14,88,59,6
02-05-2024,02:00:00,23,3,22,25,84,57,5
02-05-2024,03:00:00,18,3,18,30,76,47,6
02-05-2024,04:00:00,12,3,15,41,74,55,7
02-05-2024,05:00:00,18,3,17,26,73,55,7
02-05-2024,06:00:00,21,3,23,4,77,57,5
02-05-2024,07:00:00,29,3,25,4,73,52,4
02-05-2024,08:00:00,39,3,25,11,71,62,4
02-05-2024,09:00:00,13,3,15,79,83,67,3
02-05-2024,10:00:00,20,3,16,99,71,54,3
02-05-2024,11:00:00,22,3,15,119,68,45,4
02-05-2024,12:00:00,18,2,14,163,79,35,4
02-05-2024,13:00:00,14,2,13,163,85,48,5
02-05-2024,14:00:00,14,2,11,175,86,53,6
02-05-2024,15:00:00,12,2,11,154,92,51,7
02-05-2024,16:00:00,13,2,12,155,84,65,7
02-05-2024,17:00:00,16,2,8,174,81,56,10
02-05-2024,18:00:00,20,2,,185,78,63,12
02-05-2024,19:00:00,22,2,,125,82,63,12
02-05-2024,20:00:00,23,2,,93,86,55,13
02-05-2024,21:00:00,22,2,12,82,102,55,14
02-05-2024,22:00:00,22,2,13,73,102,51,13
02-05-2024,23:00:00,22,3,2,55,104,62,13
03-05-2024,00:00:00,22,3,15,46,112,58,13
03-05-2024,01:00:00,20,3,15,37,103,63,13
03-05-2024,02:00:00,18,3,18,42,104,61,7
03-05-2024,03:00:00,14,3,15,57,107,60,5
03-05-2024,04:00:00,18,3,22,19,102,51,4
03-05-2024,05:00:00,20,4,26,5,96,46,1
03-05-2024,06:00:00,22,3,24,8,98,44,0
03-05-2024,07:00:00,26,4,25,9,92,52,1
03-05-2024,08:00:00,22,3,19,36,98,64,4
03-05-2024,09:00:00,18,3,15,57,100,69,5
03-05-2024,10:00:00,17,2,13,76,101,58,2
03-05-2024,11:00:00,20,2,14,118,99,53,2
03-05-2024,12:00:00,16,2,12,178,106,67,2
03-05-2024,13:00:00,14,2,12,198,103,69,1
03-05-2024,14:00:00,12,2,11,175,101,60,4
03-05-2024,15:00:00,11,2,11,174,88,65,5
03-05-2024,16:00:00,10,2,11,152,86,57,4
03-05-2024,17:00:00,13,2,11,161,91,46,5
03-05-2024,18:00:00,15,2,12,165,78,46,6
03-05-2024,19:00:00,18,2,15,156,84,58,8
03-05-2024,20:00:00,28,3,15,210,89,64,14
03-05-2024,21:00:00,30,3,14,150,114,72,16
03-05-2024,22:00:00,29,3,14,106,132,94,17
03-05-2024,23:00:00,28,3,15,81,134,86,18
04-05-2024,00:00:00,26,3,14,82,143,103,18
04-05-2024,01:00:00,25,3,14,79,135,95,18
04-05-2024,02:00:00,22,3,13,86,128,85,9
04-05-2024,03:00:00,22,3,13,70,121,77,6
04-05-2024,04:00:00,20,3,14,63,117,65,6
04-05-2024,05:00:00,22,3,20,26,112,74,5
04-05-2024,06:00:00,27,4,23,7,114,67,3
04-05-2024,07:00:00,25,3,20,19,118,67,2
04-05-2024,08:00:00,24,3,16,43,117,80,3
04-05-2024,09:00:00,19,2,10,85,104,66,5
04-05-2024,10:00:00,18,2,10,103,85,66,5
04-05-2024,11:00:00,18,2,9,134,92,62,7
04-05-2024,12:00:00,16,2,8,165,101,69,7
04-05-2024,13:00:00,14,2,9,181,102,76,7
04-05-2024,14:00:00,12,2,8,180,109,75,7
04-05-2024,15:00:00,12,4,16,16,,,6
04-05-2024,16:00:00,,6,26,,85,56,4
04-05-2024,17:00:00,,,,77,85,60,4
04-05-2024,18:00:00,16,1,,177,77,66,4
04-05-2024,19:00:00,20,,,170,86,67,6
04-05-2024,20:00:00,23,5,40,175,103,67,8
04-05-2024,21:00:00,23,8,28,161,113,76,11
04-05-2024,22:00:00,26,8,25,105,125,83,11
04-05-2024,23:00:00,30,9,35,64,128,82,11
05-05-2024,00:00:00,28,9,34,58,121,87,10
05-05-2024,01:00:00,28,9,33,47,115,68,9
05-05-2024,02:00:00,32,10,42,25,110,66,4
05-05-2024,03:00:00,26,10,42,25,103,63,1
05-05-2024,04:00:00,20,9,36,29,103,70,1
05-05-2024,05:00:00,22,9,40,13,103,61,0
05-05-2024,06:00:00,22,10,41,7,99,66,
05-05-2024,07:00:00,21,10,42,8,97,65,
05-05-2024,08:00:00,20,9,35,30,93,59,
05-05-2024,09:00:00,14,7,22,83,83,55,
05-05-2024,10:00:00,14,6,19,99,64,66,
05-05-2024,11:00:00,12,5,17,114,60,62,
05-05-2024,12:00:00,10,5,18,104,66,52,
05-05-2024,13:00:00,12,4,15,111,74,59,
05-05-2024,14:00:00,12,4,17,108,68,51,4
05-05-2024,15:00:00,13,4,17,125,69,58,6
05-05-2024,16:00:00,13,4,21,125,62,68,7
05-05-2024,17:00:00,14,4,21,155,61,64,9
05-05-2024,18:00:00,14,5,22,227,71,60,12
05-05-2024,19:00:00,16,5,13,182,83,60,15
05-05-2024,20:00:00,18,5,,111,93,73,17
05-05-2024,21:00:00,18,6,15,78,91,70,18
05-05-2024,22:00:00,20,6,26,51,90,57,17
05-05-2024,23:00:00,24,7,34,22,84,62,14
06-05-2024,00:00:00,24,8,35,22,76,57,13
06-05-2024,01:00:00,20,7,31,28,66,62,12
06-05-2024,02:00:00,18,7,31,25,61,52,4
06-05-2024,03:00:00,15,7,29,24,56,40,1
06-05-2024,04:00:00,12,7,30,22,55,42,
06-05-2024,05:00:00,12,7,27,27,51,37,
06-05-2024,06:00:00,14,6,27,27,44,28,
06-05-2024,07:00:00,18,8,36,11,43,33,0
06-05-2024,08:00:00,16,7,29,32,49,43,1
06-05-2024,09:00:00,15,4,14,50,49,35,3
06-05-2024,10:00:00,15,2,8,58,43,37,2
06-05-2024,11:00:00,16,2,8,71,41,42,2
06-05-2024,12:00:00,10,2,7,65,40,34,2
06-05-2024,13:00:00,10,2,7,83,42,35,3
06-05-2024,14:00:00,10,2,7,100,46,32,4
06-05-2024,15:00:00,10,2,7,96,45,38,8
06-05-2024,16:00:00,10,2,7,104,46,41,9
06-05-2024,17:00:00,10,2,7,99,51,35,9
06-05-2024,18:00:00,10,2,8,95,56,46,9
06-05-2024,19:00:00,12,2,9,99,59,41,10
06-05-2024,20:00:00,18,3,10,111,60,44,12
06-05-2024,21:00:00,24,3,12,71,64,39,14
06-05-2024,22:00:00,20,3,11,64,71,37,12
06-05-2024,23:00:00,20,3,12,47,80,43,12
07-05-2024,00:00:00,18,3,11,48,78,39,12
07-05-2024,01:00:00,17,3,4,42,71,33,11
07-05-2024,02:00:00,12,3,,34,70,34,7
07-05-2024,03:00:00,12,3,,32,66,35,6
07-05-2024,04:00:00,13,3,,28,68,34,5
07-05-2024,05:00:00,12,3,,13,68,35,3
07-05-2024,06:00:00,12,3,,13,69,34,1
07-05-2024,07:00:00,15,3,,9,64,34,0
07-05-2024,08:00:00,14,3,,34,64,35,1
07-05-2024,09:00:00,12,3,5,60,56,33,1
07-05-2024,10:00:00,16,3,9,73,69,33,1
07-05-2024,11:00:00,11,2,8,92,68,36,0
07-05-2024,12:00:00,10,2,7,117,64,34,0
07-05-2024,13:00:00,10,2,7,127,61,30,0
07-05-2024,14:00:00,9,2,7,117,63,41,3
07-05-2024,15:00:00,10,2,7,104,57,38,5
07-05-2024,16:00:00,10,2,7,111,50,34,7
07-05-2024,17:00:00,14,2,7,147,54,28,8
07-05-2024,18:00:00,16,2,7,113,67,44,9
07-05-2024,20:00:00,16,2,7,58,74,52,10
07-05-2024,21:00:00,16,2,7,45,91,46,10
07-05-2024,22:00:00,14,2,7,44,101,50,10
07-05-2024,23:00:00,14,2,7,37,99,45,10
08-05-2024,00:00:00,12,2,6,36,91,41,9
08-05-2024,01:00:00,11,2,6,38,78,34,9
08-05-2024,02:00:00,16,2,7,33,75,36,5
08-05-2024,03:00:00,20,2,7,26,82,39,3
08-05-2024,04:00:00,18,2,7,24,108,51,4
08-05-2024,05:00:00,19,2,8,16,105,44,4
08-05-2024,06:00:00,20,3,9,12,99,46,4
08-05-2024,07:00:00,22,3,10,7,98,45,3
08-05-2024,08:00:00,16,3,8,24,89,45,3
08-05-2024,09:00:00,13,2,7,45,69,47,4
08-05-2024,10:00:00,13,2,7,73,60,51,4
08-05-2024,11:00:00,17,2,7,123,50,41,5
08-05-2024,12:00:00,17,2,7,186,46,50,5
08-05-2024,13:00:00,16,2,7,186,56,44,5
08-05-2024,14:00:00,16,2,7,194,57,48,5
08-05-2024,15:00:00,12,3,8,212,73,48,4
08-05-2024,16:00:00,10,2,7,216,61,40,3
08-05-2024,17:00:00,14,2,8,234,60,43,4
08-05-2024,18:00:00,15,2,7,172,59,38,5
08-05-2024,19:00:00,8,2,7,91,101,84,14
08-05-2024,20:00:00,17,2,6,73,106,73,10
08-05-2024,21:00:00,18,2,7,57,105,58,10
08-05-2024,22:00:00,16,2,6,48,106,49,10
08-05-2024,23:00:00,16,2,7,41,101,47,9
09-05-2024,00:00:00,16,2,7,37,103,46,9
09-05-2024,01:00:00,14,2,7,35,98,42,9
09-05-2024,02:00:00,14,2,7,30,84,41,5
09-05-2024,03:00:00,14,2,6,29,76,36,4
09-05-2024,04:00:00,11,2,6,29,84,38,3
09-05-2024,05:00:00,8,2,6,23,85,30,3
09-05-2024,06:00:00,12,2,8,13,77,44,2
09-05-2024,07:00:00,17,3,9,12,77,37,1
09-05-2024,08:00:00,14,2,6,26,74,39,1
09-05-2024,09:00:00,15,2,6,40,63,35,2
09-05-2024,10:00:00,17,2,6,67,55,35,3
09-05-2024,11:00:00,21,2,7,113,51,35,4
09-05-2024,12:00:00,19,2,7,156,72,52,5
09-05-2024,13:00:00,16,2,6,175,58,51,4
09-05-2024,14:00:00,16,2,5,193,58,48,4
09-05-2024,15:00:00,16,2,5,192,62,50,5
09-05-2024,16:00:00,16,2,6,172,72,57,6
09-05-2024,17:00:00,14,2,6,129,211,65,4
09-05-2024,18:00:00,18,2,8,111,112,53,5
09-05-2024,19:00:00,18,3,8,127,91,65,7
09-05-2024,20:00:00,18,3,7,91,129,72,8
09-05-2024,21:00:00,20,2,7,69,104,70,9
09-05-2024,22:00:00,20,3,8,58,77,65,8
09-05-2024,23:00:00,22,3,9,42,69,60,7
10-05-2024,00:00:00,18,3,8,40,73,47,7
10-05-2024,01:00:00,14,3,8,38,75,39,7
10-05-2024,02:00:00,14,2,8,31,50,37,5
10-05-2024,03:00:00,14,3,8,27,51,41,4
10-05-2024,04:00:00,18,3,11,13,73,49,3
10-05-2024,05:00:00,16,3,10,14,68,48,2
10-05-2024,06:00:00,18,3,11,8,59,42,2
10-05-2024,07:00:00,17,3,11,13,63,37,1
10-05-2024,08:00:00,15,3,8,33,77,48,1
10-05-2024,09:00:00,18,3,7,49,68,44,2
10-05-2024,10:00:00,24,3,10,66,86,41,3
10-05-2024,11:00:00,16,3,7,89,82,43,4
10-05-2024,12:00:00,15,2,5,117,69,49,4
10-05-2024,13:00:00,16,2,5,155,70,48,5
16-05-2024,10:00:00,32,3,10,79,78,56,3
16-05-2024,11:00:00,28,3,10,134,47,55,4
16-05-2024,12:00:00,22,3,6,185,40,51,4
16-05-2024,13:00:00,18,3,6,181,39,52,3
16-05-2024,14:00:00,21,3,8,138,38,44,3
16-05-2024,15:00:00,18,3,7,177,40,44,4
16-05-2024,16:00:00,22,3,8,130,38,53,4
16-05-2024,17:00:00,20,3,9,125,49,50,4
16-05-2024,18:00:00,26,3,11,72,68,53,5
16-05-2024,19:00:00,26,3,10,85,74,53,6
16-05-2024,20:00:00,24,3,10,82,63,48,6
16-05-2024,21:00:00,36,4,5,38,60,42,6
16-05-2024,22:00:00,34,4,14,39,61,40,5
16-05-2024,23:00:00,57,5,22,3,65,48,5
17-05-2024,00:00:00,57,5,20,4,86,57,6
17-05-2024,01:00:00,42,4,5,16,99,62,7
17-05-2024,02:00:00,47,5,10,1,98,56,5
17-05-2024,03:00:00,40,4,16,2,100,52,3
17-05-2024,04:00:00,23,3,1,22,91,58,3
17-05-2024,05:00:00,24,3,8,23,85,70,5
17-05-2024,06:00:00,28,3,12,4,94,82,4
17-05-2024,07:00:00,31,3,12,0,98,82,2
17-05-2024,08:00:00,32,3,11,15,92,84,0
17-05-2024,09:00:00,26,3,9,49,86,90,1
17-05-2024,10:00:00,34,3,10,89,67,88,3
17-05-2024,11:00:00,28,3,9,144,55,87,4
17-05-2024,12:00:00,23,3,7,186,,,3
17-05-2024,13:00:00,19,2,5,191,54,78,1
17-05-2024,14:00:00,18,2,5,221,51,65,3
17-05-2024,15:00:00,16,2,5,195,49,61,4
17-05-2024,16:00:00,16,2,5,217,47,60,5
17-05-2024,17:00:00,22,2,6,194,48,65,5
17-05-2024,18:00:00,22,2,6,178,57,66,6
17-05-2024,19:00:00,14,2,6,150,59,63,6
17-05-2024,20:00:00,26,3,10,112,60,61,6
17-05-2024,21:00:00,26,3,10,96,67,61,6
17-05-2024,22:00:00,32,4,13,69,72,67,6
17-05-2024,23:00:00,30,3,11,56,78,70,6
18-05-2024,00:00:00,26,3,11,47,89,76,6
18-05-2024,01:00:00,28,3,11,35,96,83,7
18-05-2024,02:00:00,28,3,11,29,96,79,4
18-05-2024,03:00:00,22,3,8,38,97,73,4
18-05-2024,04:00:00,22,3,9,25,100,70,4
18-05-2024,05:00:00,20,3,11,15,102,69,4
18-05-2024,06:00:00,23,3,12,4,104,72,3
18-05-2024,07:00:00,32,3,11,0,106,77,2
18-05-2024,08:00:00,30,3,12,19,108,78,1
18-05-2024,09:00:00,28,3,9,62,94,77,2
18-05-2024,10:00:00,32,3,9,105,66,78,4
18-05-2024,11:00:00,28,3,7,160,,,5
18-05-2024,12:00:00,29,3,7,191,,,5
18-05-2024,13:00:00,23,2,6,227,56,87,5
18-05-2024,14:00:00,20,2,5,249,55,84,4
18-05-2024,15:00:00,17,2,5,218,52,75,4
18-05-2024,16:00:00,24,2,6,204,53,75,4
18-05-2024,17:00:00,22,2,6,176,61,82,5
18-05-2024,18:00:00,23,2,7,140,66,82,5
18-05-2024,19:00:00,29,3,11,112,67,73,4
18-05-2024,20:00:00,38,4,5,52,74,74,4
18-05-2024,21:00:00,31,4,2,77,88,81,4
18-05-2024,22:00:00,23,3,8,91,98,86,5
18-05-2024,23:00:00,26,3,9,73,95,86,5
19-05-2024,00:00:00,24,3,6,59,98,87,5
19-05-2024,01:00:00,24,3,0,48,103,87,5
19-05-2024,02:00:00,24,3,0,35,103,82,4
19-05-2024,03:00:00,16,3,0,55,99,77,4
19-05-2024,04:00:00,13,3,5,50,98,75,3
19-05-2024,05:00:00,16,2,6,39,109,75,3
19-05-2024,06:00:00,18,2,7,22,112,68,2
19-05-2024,07:00:00,20,3,8,14,111,66,1
19-05-2024,08:00:00,18,2,1,32,111,64,0
19-05-2024,09:00:00,18,2,0,48,95,60,1
19-05-2024,10:00:00,20,2,0,77,60,59,1
19-05-2024,11:00:00,23,2,0,118,46,59,1
19-05-2024,12:00:00,24,2,0,173,57,74,3
19-05-2024,13:00:00,24,2,0,223,69,76,4
19-05-2024,14:00:00,19,2,0,249,73,85,5
19-05-2024,15:00:00,20,2,0,240,75,93,6
19-05-2024,16:00:00,19,2,0,185,75,89,6
19-05-2024,17:00:00,19,2,0,166,81,91,6
19-05-2024,18:00:00,18,2,0,154,92,94,6
19-05-2024,19:00:00,20,2,0,105,106,91,7
19-05-2024,20:00:00,19,2,0,114,105,71,6
19-05-2024,21:00:00,23,3,0,81,82,65,7
19-05-2024,22:00:00,27,3,0,54,76,67,6
19-05-2024,23:00:00,36,4,0,29,85,60,6
20-05-2024,00:00:00,32,4,0,35,89,64,5
20-05-2024,01:00:00,33,3,0,34,93,78,5
20-05-2024,02:00:00,24,3,0,39,94,81,4
20-05-2024,03:00:00,17,2,0,36,97,71,4
20-05-2024,04:00:00,17,2,0,20,115,65,3
20-05-2024,16:00:00,118,,10,193,,40,93
20-05-2024,17:00:00,20,3,8,173,,49,21
20-05-2024,18:00:00,20,3,10,171,88,68,7
20-05-2024,19:00:00,20,3,15,96,118,76,4
20-05-2024,20:00:00,20,3,11,94,91,66,2
20-05-2024,21:00:00,18,3,0,62,128,61,2
20-05-2024,22:00:00,15,3,0,63,139,65,2
20-05-2024,23:00:00,16,3,0,55,106,58,2
21-05-2024,00:00:00,16,3,0,51,124,53,1
21-05-2024,01:00:00,19,3,0,63,70,47,0
21-05-2024,02:00:00,12,3,0,57,59,41,2
21-05-2024,03:00:00,13,3,0,57,71,49,3
21-05-2024,04:00:00,14,2,0,51,89,49,2
21-05-2024,05:00:00,12,3,0,49,94,50,2
21-05-2024,06:00:00,14,3,0,34,101,60,1
21-05-2024,07:00:00,23,4,0,14,102,61,0
21-05-2024,08:00:00,20,4,0,32,71,51,
21-05-2024,09:00:00,17,3,4,69,44,45,2
21-05-2024,10:00:00,18,3,14,104,,,4
21-05-2024,11:00:00,20,3,14,159,,,5
21-05-2024,12:00:00,20,3,14,196,63,79,6
21-05-2024,13:00:00,15,3,11,179,62,79,8
21-05-2024,14:00:00,15,2,9,156,61,69,6
21-05-2024,15:00:00,14,2,9,162,61,64,6
21-05-2024,16:00:00,11,2,10,159,57,68,6
21-05-2024,17:00:00,13,3,14,154,58,66,6
21-05-2024,18:00:00,18,3,14,171,64,70,7
21-05-2024,19:00:00,20,3,14,147,88,81,8
21-05-2024,20:00:00,21,3,14,101,106,83,9
21-05-2024,21:00:00,20,3,15,80,128,81,9
21-05-2024,22:00:00,21,3,15,61,138,75,9
21-05-2024,23:00:00,18,3,14,52,134,63,8
22-05-2024,00:00:00,14,3,12,53,132,62,8
22-05-2024,01:00:00,13,3,10,54,134,62,8
22-05-2024,02:00:00,14,2,9,60,120,62,8
22-05-2024,03:00:00,14,2,10,52,111,55,7
22-05-2024,04:00:00,12,2,9,51,109,51,7
22-05-2024,05:00:00,11,2,9,53,98,50,7
22-05-2024,06:00:00,12,3,11,45,92,46,7
22-05-2024,07:00:00,14,3,15,40,99,53,6
22-05-2024,08:00:00,16,3,15,42,94,56,4
22-05-2024,09:00:00,17,3,12,68,69,58,5
22-05-2024,10:00:00,22,3,14,83,43,54,5
22-05-2024,11:00:00,20,3,20,101,,,6
22-05-2024,13:00:00,20,3,14,196,,,2
22-05-2024,14:00:00,20,3,14,224,,,
22-05-2024,15:00:00,19,3,12,251,,,5
22-05-2024,16:00:00,16,3,12,206,,,9
22-05-2024,17:00:00,20,3,15,188,,,9
22-05-2024,18:00:00,23,3,16,155,,,9
22-05-2024,19:00:00,21,4,17,127,,,9
22-05-2024,20:00:00,18,4,17,131,,,9
22-05-2024,22:00:00,25,4,22,77,44,65,8
24-05-2024,13:00:00,14,3,12,97,69,62,4
24-05-2024,14:00:00,13,3,12,114,49,55,3
24-05-2024,15:00:00,12,3,12,123,59,56,4
24-05-2024,16:00:00,12,3,12,139,63,56,5
24-05-2024,17:00:00,15,3,12,145,68,58,6
24-05-2024,18:00:00,14,3,13,135,66,55,7
24-05-2024,19:00:00,17,3,14,100,67,51,7
24-05-2024,20:00:00,18,3,15,72,78,55,8
24-05-2024,21:00:00,18,4,17,58,78,56,7
24-05-2024,22:00:00,16,4,16,52,77,57,7
24-05-2024,23:00:00,16,4,16,43,79,63,7
25-05-2024,00:00:00,14,4,15,42,81,70,7
25-05-2024,01:00:00,16,3,14,42,80,61,8
25-05-2024,02:00:00,14,3,12,42,75,47,7
25-05-2024,03:00:00,14,3,13,37,70,51,7
25-05-2024,04:00:00,16,3,13,31,68,59,7
25-05-2024,05:00:00,17,3,13,28,69,50,7
25-05-2024,06:00:00,16,3,12,25,81,48,8
25-05-2024,07:00:00,13,3,12,27,92,54,9
25-05-2024,08:00:00,12,3,12,26,90,54,5
25-05-2024,09:00:00,14,3,13,26,82,47,2
25-05-2024,10:00:00,14,5,29,31,74,47,1
25-05-2024,11:00:00,16,5,34,32,70,43,0
25-05-2024,12:00:00,12,5,27,56,67,49,0
25-05-2024,13:00:00,13,4,27,77,53,54,0
25-05-2024,14:00:00,10,4,27,94,53,49,1
25-05-2024,15:00:00,8,4,25,101,54,50,1
25-05-2024,16:00:00,12,4,26,104,58,53,1
25-05-2024,17:00:00,14,4,29,103,64,44,1
25-05-2024,18:00:00,14,4,28,85,68,47,2
25-05-2024,19:00:00,16,5,31,72,77,51,2
25-05-2024,20:00:00,17,5,31,53,83,56,3
25-05-2024,21:00:00,16,5,28,44,88,62,3
25-05-2024,22:00:00,12,5,27,40,91,51,2
25-05-2024,23:00:00,11,5,29,36,92,54,2
26-05-2024,00:00:00,10,4,25,35,94,55,2
26-05-2024,01:00:00,8,4,22,34,96,52,2
26-05-2024,02:00:00,10,4,20,33,91,50,2
26-05-2024,03:00:00,9,4,19,32,84,40,2
26-05-2024,04:00:00,10,4,19,33,81,45,1
26-05-2024,05:00:00,10,4,19,34,82,51,1
26-05-2024,06:00:00,10,4,20,30,86,46,1
26-05-2024,07:00:00,12,4,23,26,85,49,1
26-05-2024,08:00:00,12,4,24,27,84,54,2
26-05-2024,09:00:00,12,4,21,35,74,53,3
26-05-2024,10:00:00,11,4,21,43,49,39,3
26-05-2024,11:00:00,11,4,21,50,36,38,3
26-05-2024,12:00:00,12,4,21,61,40,43,3
26-05-2024,13:00:00,8,4,21,65,53,44,3
26-05-2024,14:00:00,11,4,21,72,64,51,3
26-05-2024,15:00:00,12,4,21,81,68,55,4
26-05-2024,16:00:00,12,4,21,79,64,48,4
26-05-2024,17:00:00,12,4,23,83,54,45,5
26-05-2024,18:00:00,12,4,23,76,52,48,5
26-05-2024,19:00:00,12,4,25,60,56,52,5
26-05-2024,20:00:00,13,4,25,55,56,46,5
26-05-2024,21:00:00,14,4,24,42,56,45,5
26-05-2024,22:00:00,16,4,27,32,84,49,5
26-05-2024,23:00:00,16,4,28,30,92,52,5
27-05-2024,00:00:00,15,4,25,30,92,52,5
27-05-2024,01:00:00,14,4,27,28,93,50,5
27-05-2024,02:00:00,12,4,23,33,87,43,5
27-05-2024,03:00:00,9,4,21,33,86,48,5
27-05-2024,04:00:00,10,4,19,34,92,47,5
27-05-2024,05:00:00,10,4,18,35,86,37,5
27-05-2024,06:00:00,10,4,18,31,91,40,4
27-05-2024,07:00:00,11,4,20,30,90,48,4
27-05-2024,08:00:00,10,4,23,27,83,38,3
27-05-2024,09:00:00,14,4,23,29,80,36,3
27-05-2024,10:00:00,18,4,26,32,71,43,3
27-05-2024,11:00:00,14,5,27,35,66,45,3
27-05-2024,12:00:00,13,4,25,38,76,48,3
27-05-2024,13:00:00,13,4,23,43,73,54,3
27-05-2024,14:00:00,14,4,23,44,71,55,3
27-05-2024,15:00:00,15,4,23,46,79,53,3
27-05-2024,16:00:00,16,4,24,48,79,54,4
27-05-2024,17:00:00,16,4,27,46,76,54,4
27-05-2024,18:00:00,14,5,28,40,76,64,4
27-05-2024,19:00:00,14,5,28,35,78,67,4
27-05-2024,20:00:00,14,5,31,30,84,59,4
27-05-2024,21:00:00,16,5,29,29,93,55,4
27-05-2024,22:00:00,13,5,28,28,99,54,3
27-05-2024,23:00:00,12,5,30,26,95,58,3
28-05-2024,00:00:00,10,5,29,27,93,51,3
28-05-2024,01:00:00,10,4,24,30,92,41,3
28-05-2024,02:00:00,8,4,23,30,86,43,3
28-05-2024,03:00:00,8,4,20,36,82,46,2
28-05-2024,04:00:00,8,4,20,36,77,42,2
28-05-2024,05:00:00,7,4,18,37,76,45,2
28-05-2024,06:00:00,8,4,19,38,77,44,2
28-05-2024,07:00:00,8,4,22,35,72,37,2
28-05-2024,08:00:00,10,4,23,33,72,41,3
28-05-2024,09:00:00,8,4,20,39,69,43,3
28-05-2024,10:00:00,12,4,22,43,60,42,4
28-05-2024,11:00:00,14,4,24,52,56,45,4
28-05-2024,12:00:00,14,4,27,60,72,48,4
28-05-2024,13:00:00,14,5,30,70,75,49,4
28-05-2024,14:00:00,12,4,25,80,80,46,5
28-05-2024,15:00:00,12,4,23,81,79,50,5
28-05-2024,16:00:00,14,4,24,79,71,56,6
28-05-2024,17:00:00,12,4,24,73,66,58,6
28-05-2024,18:00:00,14,4,26,72,63,53,6
28-05-2024,19:00:00,10,4,27,61,69,53,7
28-05-2024,20:00:00,12,5,31,48,83,58,7
28-05-2024,21:00:00,16,5,33,38,87,57,7
28-05-2024,22:00:00,14,5,27,34,85,52,6
28-05-2024,23:00:00,14,5,27,28,91,53,6
29-05-2024,00:00:00,14,5,29,24,100,54,6
29-05-2024,01:00:00,9,4,22,31,100,51,6
29-05-2024,02:00:00,8,4,21,32,95,48,6
29-05-2024,03:00:00,8,4,21,32,89,45,6
29-05-2024,04:00:00,8,4,19,36,82,48,5
29-05-2024,05:00:00,8,4,20,34,84,46,5
29-05-2024,06:00:00,8,4,21,33,87,43,5
29-05-2024,07:00:00,10,4,27,29,81,45,4
29-05-2024,08:00:00,9,4,24,35,80,47,3
29-05-2024,09:00:00,9,4,20,40,76,39,4
29-05-2024,10:00:00,10,4,20,43,58,34,4
29-05-2024,11:00:00,12,4,22,46,47,35,4
29-05-2024,12:00:00,10,4,20,54,52,34,4
29-05-2024,13:00:00,10,4,21,59,55,39,4
29-05-2024,14:00:00,10,4,19,58,60,36,4
29-05-2024,15:00:00,9,4,19,56,58,39,4
29-05-2024,16:00:00,6,4,19,58,55,48,5
29-05-2024,17:00:00,12,4,21,56,53,39,5
29-05-2024,18:00:00,7,4,20,54,54,33,6
29-05-2024,19:00:00,11,4,25,47,52,38,6
29-05-2024,20:00:00,15,4,28,33,66,46,7
29-05-2024,21:00:00,12,5,28,30,84,48,6
29-05-2024,22:00:00,12,5,29,28,91,50,6
29-05-2024,23:00:00,12,5,26,28,94,49,6
30-05-2024,00:00:00,10,5,29,26,98,51,6
30-05-2024,01:00:00,8,4,25,30,97,53,5
30-05-2024,02:00:00,8,4,18,34,94,48,5
30-05-2024,03:00:00,8,4,19,33,99,53,5
30-05-2024,04:00:00,8,4,19,35,102,61,5
30-05-2024,05:00:00,5,4,19,35,87,51,5
30-05-2024,06:00:00,6,4,21,33,86,58,5
30-05-2024,07:00:00,8,4,27,26,88,52,5
30-05-2024,08:00:00,8,4,25,30,94,54,4
30-05-2024,09:00:00,11,4,22,38,97,63,4
30-05-2024,10:00:00,14,4,22,44,81,48,4
30-05-2024,11:00:00,14,4,23,55,58,54,4
30-05-2024,12:00:00,9,4,22,66,67,63,4
30-05-2024,13:00:00,13,4,22,77,70,62,4
30-05-2024,14:00:00,16,4,22,96,69,56,5
30-05-2024,15:00:00,14,4,25,98,71,60,6
30-05-2024,16:00:00,10,4,28,85,67,73,6
30-05-2024,17:00:00,11,4,26,79,59,70,7
30-05-2024,19:00:00,7,4,24,58,48,80,30
30-05-2024,20:00:00,11,4,27,46,54,66,11
30-05-2024,21:00:00,10,4,27,37,70,50,9
30-05-2024,22:00:00,10,4,25,31,68,50,8
30-05-2024,23:00:00,12,4,25,28,73,42,7
31-05-2024,00:00:00,10,4,23,28,82,33,7
31-05-2024,01:00:00,9,4,20,30,90,32,6
31-05-2024,02:00:00,8,4,20,29,86,28,6
31-05-2024,03:00:00,7,4,20,28,84,29,6
31-05-2024,04:00:00,7,4,22,26,87,29,5
31-05-2024,05:00:00,9,4,25,18,87,32,5
31-05-2024,06:00:00,11,4,29,17,89,34,4
31-05-2024,07:00:00,14,5,37,10,91,31,4
31-05-2024,08:00:00,13,5,29,23,82,39,4
31-05-2024,09:00:00,10,5,25,34,77,34,4
31-05-2024,10:00:00,10,4,21,46,63,31,4
31-05-2024,11:00:00,11,4,28,53,43,26,4
31-05-2024,12:00:00,8,4,21,65,41,27,3
31-05-2024,13:00:00,12,4,20,73,49,28,4
31-05-2024,14:00:00,10,4,22,79,47,30,4
31-05-2024,15:00:00,12,5,27,84,46,33,4
31-05-2024,16:00:00,12,4,20,95,,27,3
31-05-2024,17:00:00,14,4,24,95,57,34,6
31-05-2024,18:00:00,14,4,24,75,105,60,6
31-05-2024,19:00:00,17,4,12,61,98,48,6
31-05-2024,20:00:00,18,4,,48,91,50,6
31-05-2024,21:00:00,18,4,0,38,93,53,6
31-05-2024,22:00:00,16,4,0,34,97,45,6
31-05-2024,23:00:00,14,4,0,30,103,48,6
01-06-2024,00:00:00,14,5,0,25,109,45,5
01-06-2024,01:00:00,14,5,0,24,112,38,5
01-06-2024,02:00:00,13,4,0,24,107,43,6
01-06-2024,03:00:00,12,4,0,24,106,40,5
01-06-2024,04:00:00,10,4,0,25,102,46,5
01-06-2024,05:00:00,9,4,0,27,99,52,6
01-06-2024,06:00:00,10,4,0,24,94,53,5
01-06-2024,07:00:00,12,5,0,15,79,46,4
01-06-2024,08:00:00,12,4,0,24,79,39,3
01-06-2024,09:00:00,10,4,0,33,64,42,3
01-06-2024,18:00:00,107,5,13,63,25,32,70
01-06-2024,19:00:00,10,4,26,55,21,27,17
01-06-2024,20:00:00,16,4,14,43,34,22,6
01-06-2024,21:00:00,12,4,0,36,49,27,5
01-06-2024,22:00:00,13,3,0,26,53,28,4
01-06-2024,23:00:00,11,3,0,23,55,32,3
02-06-2024,00:00:00,10,3,,20,68,32,3
02-06-2024,01:00:00,8,3,,25,69,29,3
02-06-2024,02:00:00,6,3,,30,61,44,3
02-06-2024,03:00:00,9,3,,30,66,49,2
02-06-2024,04:00:00,8,3,,30,60,41,2
02-06-2024,05:00:00,9,3,,27,61,34,2
02-06-2024,06:00:00,9,3,,27,65,37,2
02-06-2024,07:00:00,10,3,,22,59,38,2
02-06-2024,08:00:00,10,3,,29,53,30,3
02-06-2024,09:00:00,10,2,,38,41,26,3
02-06-2024,10:00:00,10,2,,46,30,33,3
02-06-2024,11:00:00,9,2,,54,26,38,3
02-06-2024,12:00:00,10,2,,61,30,49,4
02-06-2024,13:00:00,9,2,,66,32,44,4
02-06-2024,14:00:00,9,2,,73,33,41,3
02-06-2024,15:00:00,13,2,,79,39,40,4
02-06-2024,16:00:00,12,2,,79,43,32,6
02-06-2024,17:00:00,14,2,,76,45,33,5
02-06-2024,18:00:00,14,2,,74,53,45,6
02-06-2024,19:00:00,15,3,,69,56,38,7
02-06-2024,20:00:00,16,3,,55,51,37,7
03-06-2024,18:00:00,14,4,,56,79,41,11
03-06-2024,19:00:00,14,4,2,43,77,34,10
03-06-2024,20:00:00,16,4,5,37,80,42,9
03-06-2024,21:00:00,18,4,4,30,96,46,9
03-06-2024,22:00:00,18,4,5,29,100,43,8
03-06-2024,23:00:00,20,4,4,27,90,49,8
04-06-2024,00:00:00,15,3,4,26,91,47,8
04-06-2024,01:00:00,12,3,5,26,94,46,8
04-06-2024,02:00:00,10,3,4,24,89,49,7
04-06-2024,03:00:00,10,3,4,18,88,39,6
04-06-2024,04:00:00,9,3,4,16,94,44,6
04-06-2024,05:00:00,11,3,4,12,97,46,5
04-06-2024,06:00:00,14,3,4,8,93,41,4
04-06-2024,07:00:00,23,3,4,2,99,48,4
04-06-2024,08:00:00,21,3,4,6,106,54,3
04-06-2024,09:00:00,18,3,38,24,97,57,4
04-06-2024,10:00:00,19,4,37,55,75,59,5
04-06-2024,11:00:00,13,4,32,64,62,66,7
04-06-2024,12:00:00,,3,27,,59,70,6
04-06-2024,13:00:00,,3,26,,,,5
04-06-2024,14:00:00,,3,25,78,,,
04-06-2024,15:00:00,11,3,26,82,,,137
04-06-2024,16:00:00,14,3,25,84,32,50,
04-06-2024,17:00:00,20,,,66,44,53,
04-06-2024,18:00:00,14,,,69,77,49,3
04-06-2024,20:00:00,30,4,,30,40,46,24
04-06-2024,21:00:00,32,4,,15,53,53,9
04-06-2024,22:00:00,29,4,,8,84,53,8
04-06-2024,23:00:00,32,5,,3,110,39,8
05-06-2024,00:00:00,24,4,,2,125,33,8
05-06-2024,01:00:00,20,3,,1,136,35,7
05-06-2024,02:00:00,16,3,,0,147,39,7
05-06-2024,03:00:00,14,3,,0,154,41,6
05-06-2024,04:00:00,14,3,,1,153,35,5
05-06-2024,05:00:00,12,3,,0,145,34,4
05-06-2024,06:00:00,19,2,,,129,34,4
05-06-2024,07:00:00,22,2,,,123,29,3
05-06-2024,08:00:00,21,3,,1,154,39,2
05-06-2024,09:00:00,13,3,,7,172,36,0
05-06-2024,10:00:00,14,2,,14,,,1
05-06-2024,11:00:00,18,3,,22,,,2
05-06-2024,12:00:00,15,2,,38,,,2
05-06-2024,13:00:00,16,1,,53,,,2
05-06-2024,14:00:00,16,2,,68,,,2
05-06-2024,15:00:00,16,3,,67,,,3
05-06-2024,16:00:00,18,3,16,48,,,4
05-06-2024,17:00:00,14,3,15,41,23,16,4
05-06-2024,18:00:00,12,3,16,31,65,22,4
05-06-2024,19:00:00,34,4,28,6,117,27,4
05-06-2024,20:00:00,30,4,24,3,120,22,3
05-06-2024,21:00:00,37,4,23,0,110,17,3
05-06-2024,22:00:00,41,3,18,,122,21,3
05-06-2024,23:00:00,34,3,18,,150,29,3
06-06-2024,00:00:00,25,3,14,0,146,31,3
06-06-2024,01:00:00,28,3,12,,153,36,2
06-06-2024,02:00:00,21,3,10,0,166,30,2
06-06-2024,03:00:00,18,2,3,,135,23,1
06-06-2024,04:00:00,14,2,,0,137,30,1
06-06-2024,05:00:00,14,2,1,,,34,0
06-06-2024,06:00:00,17,2,6,,,26,0
06-06-2024,07:00:00,18,2,5,0,,28,
06-06-2024,08:00:00,20,3,4,1,,29,1
06-06-2024,09:00:00,16,2,,4,,31,2
06-06-2024,10:00:00,25,3,6,7,49,25,1
06-06-2024,11:00:00,20,2,4,17,70,40,2
06-06-2024,12:00:00,16,2,13,31,76,44,2
06-06-2024,13:00:00,16,3,15,47,69,39,3
06-06-2024,14:00:00,15,3,12,62,56,30,3
06-06-2024,15:00:00,16,3,11,70,70,40,4
06-06-2024,16:00:00,17,3,15,56,81,46,5
06-06-2024,17:00:00,17,3,19,45,89,52,5
06-06-2024,18:00:00,22,4,22,26,91,53,5
06-06-2024,19:00:00,22,4,24,29,77,44,5
06-06-2024,20:00:00,20,3,23,25,80,46,5
06-06-2024,21:00:00,20,3,22,19,74,42,5
06-06-2024,22:00:00,20,3,23,12,71,40,4
06-06-2024,23:00:00,16,3,20,11,68,38,4
07-06-2024,00:00:00,14,3,19,11,79,45,4
07-06-2024,01:00:00,12,2,17,12,69,39,3
07-06-2024,02:00:00,12,2,17,10,60,33,3
07-06-2024,03:00:00,13,2,17,20,61,34,3
07-06-2024,04:00:00,14,3,19,20,52,27,3
07-06-2024,05:00:00,14,3,20,6,40,20,3
07-06-2024,06:00:00,11,3,19,3,47,24,2
07-06-2024,07:00:00,16,3,19,0,41,20,2
07-06-2024,08:00:00,19,3,21,0,57,31,1
07-06-2024,09:00:00,23,3,26,1,73,41,1
07-06-2024,10:00:00,40,4,25,3,69,39,2
07-06-2024,11:00:00,32,4,24,10,64,36,3
07-06-2024,12:00:00,31,4,26,19,78,45,4
07-06-2024,13:00:00,21,3,21,40,88,52,4
07-06-2024,15:00:00,30,3,11,70,95,56,21
07-06-2024,16:00:00,23,2,18,75,100,60,7
07-06-2024,17:00:00,20,1,17,78,77,44,6
07-06-2024,18:00:00,26,,28,55,81,46,6
07-06-2024,19:00:00,18,,25,50,88,52,5
07-06-2024,20:00:00,21,2,29,42,77,44,5
07-06-2024,21:00:00,18,2,26,41,81,47,5
07-06-2024,22:00:00,18,3,25,24,75,43,4
07-06-2024,23:00:00,17,3,25,21,89,52,4
08-06-2024,00:00:00,16,3,27,18,94,55,3
08-06-2024,01:00:00,14,3,24,15,85,50,3
08-06-2024,02:00:00,13,3,21,17,66,37,3
08-06-2024,03:00:00,12,3,19,22,57,31,3
08-06-2024,04:00:00,15,3,21,14,66,37,3
08-06-2024,05:00:00,11,3,20,24,54,29,3
08-06-2024,06:00:00,13,4,24,12,51,27,3
08-06-2024,07:00:00,16,5,27,6,40,20,3
08-06-2024,08:00:00,16,4,25,14,60,33,2
08-06-2024,09:00:00,16,4,23,22,67,37,3
08-06-2024,10:00:00,14,3,21,35,69,39,4
08-06-2024,11:00:00,14,3,21,59,62,34,5
08-06-2024,12:00:00,14,2,22,78,71,40,6
08-06-2024,13:00:00,13,2,21,89,65,36,6
08-06-2024,14:00:00,14,3,21,91,51,27,6
08-06-2024,15:00:00,14,5,22,99,63,35,6
08-06-2024,16:00:00,16,5,27,82,75,43,7
08-06-2024,17:00:00,16,5,30,53,83,48,8
08-06-2024,18:00:00,14,5,24,76,73,42,8
08-06-2024,19:00:00,25,6,35,46,78,45,9
08-06-2024,20:00:00,30,8,48,35,65,36,9
08-06-2024,21:00:00,26,7,40,35,82,48,9
08-06-2024,22:00:00,27,7,44,27,76,44,10
08-06-2024,23:00:00,23,6,36,24,74,42,9
09-06-2024,00:00:00,16,5,26,67,62,34,9
09-06-2024,01:00:00,15,5,26,65,54,29,10
09-06-2024,02:00:00,15,5,27,60,42,21,10
09-06-2024,03:00:00,14,5,28,46,41,20,10
09-06-2024,04:00:00,14,5,25,51,55,30,9
09-06-2024,05:00:00,14,5,28,44,51,27,9
09-06-2024,06:00:00,14,6,32,24,48,25,9
09-06-2024,07:00:00,19,7,41,13,62,34,9
09-06-2024,08:00:00,22,7,40,14,54,29,4
09-06-2024,09:00:00,18,6,33,20,66,37,2
09-06-2024,10:00:00,16,6,28,22,60,33,2
09-06-2024,15:00:00,,,,45,50,26,
09-06-2024,16:00:00,1,3,22,40,58,32,13
09-06-2024,17:00:00,,2,22,39,62,34,5
09-06-2024,18:00:00,14,2,24,50,53,28,3
09-06-2024,19:00:00,22,2,27,52,76,44,3
09-06-2024,20:00:00,16,4,26,44,79,46,3
09-06-2024,21:00:00,22,5,32,17,94,55,3
09-06-2024,22:00:00,12,5,21,61,89,52,4
09-06-2024,23:00:00,22,6,38,37,91,54,4
10-06-2024,00:00:00,22,7,38,25,74,42,4
10-06-2024,01:00:00,22,6,38,21,82,48,3
10-06-2024,02:00:00,20,6,32,17,78,45,3
10-06-2024,03:00:00,18,6,29,28,69,39,3
10-06-2024,04:00:00,12,5,22,33,63,35,4
10-06-2024,05:00:00,11,5,25,38,57,31,4
10-06-2024,06:00:00,14,6,37,15,49,25,3
10-06-2024,07:00:00,22,7,43,2,52,28,2
10-06-2024,08:00:00,20,6,39,14,55,29,2
10-06-2024,09:00:00,26,7,40,16,56,30,2
10-06-2024,10:00:00,27,6,34,39,74,42,2
10-06-2024,11:00:00,27,6,33,41,60,33,3
10-06-2024,12:00:00,19,5,28,64,64,36,3
10-06-2024,13:00:00,16,4,24,70,75,43,3
10-06-2024,14:00:00,15,4,22,67,62,34,3
10-06-2024,15:00:00,14,4,20,77,51,27,3
10-06-2024,16:00:00,16,4,21,87,66,37,4
10-06-2024,17:00:00,15,4,20,78,84,49,4
10-06-2024,18:00:00,13,4,21,69,67,37,5
10-06-2024,19:00:00,23,5,31,51,51,27,5
10-06-2024,20:00:00,21,6,31,59,59,32,5
10-06-2024,21:00:00,18,6,29,37,62,34,5
10-06-2024,22:00:00,16,5,28,27,70,40,5
10-06-2024,23:00:00,13,5,24,29,75,43,4
11-06-2024,00:00:00,12,5,22,34,79,46,4
11-06-2024,01:00:00,10,5,20,39,66,37,4
11-06-2024,02:00:00,10,4,20,44,55,30,4
11-06-2024,03:00:00,10,5,20,38,47,24,4
11-06-2024,04:00:00,10,5,23,34,53,28,4
11-06-2024,05:00:00,10,5,23,28,46,23,4
11-06-2024,06:00:00,8,5,22,25,40,20,4
11-06-2024,07:00:00,12,5,24,17,48,25,3
11-06-2024,08:00:00,14,5,26,26,53,28,1
11-06-2024,09:00:00,12,4,21,29,51,27,2
11-06-2024,10:00:00,22,5,24,22,42,21,2
11-06-2024,11:00:00,16,4,22,31,44,22,2
11-06-2024,12:00:00,14,4,23,44,54,29,2
11-06-2024,13:00:00,12,4,21,46,48,25,2
11-06-2024,14:00:00,12,4,20,43,67,38,2
11-06-2024,15:00:00,13,5,21,46,63,35,2
11-06-2024,16:00:00,12,5,20,55,73,41,3
11-06-2024,17:00:00,12,5,21,51,84,49,3
11-06-2024,18:00:00,12,5,21,43,67,38,3
11-06-2024,19:00:00,14,5,24,31,67,37,3
11-06-2024,20:00:00,15,6,26,20,61,33,3
11-06-2024,21:00:00,14,5,25,24,49,25,3
11-06-2024,22:00:00,14,5,24,22,47,24,3
11-06-2024,23:00:00,16,5,27,18,56,30,3
12-06-2024,00:00:00,13,5,23,19,47,24,3
12-06-2024,01:00:00,12,5,24,18,52,27,2
12-06-2024,02:00:00,10,4,21,17,46,23,3
12-06-2024,03:00:00,10,4,20,21,37,18,2
12-06-2024,04:00:00,9,4,19,25,29,12,2
12-06-2024,05:00:00,,,,,26,10,
12-06-2024,06:00:00,9,4,21,24,22,8,2
12-06-2024,07:00:00,12,5,25,15,35,16,1
12-06-2024,08:00:00,16,5,26,16,33,15,1
12-06-2024,09:00:00,12,4,20,29,49,25,2
12-06-2024,10:00:00,18,4,21,27,55,30,2
12-06-2024,11:00:00,14,4,20,33,66,37,2
12-06-2024,12:00:00,10,4,19,37,61,34,2
12-06-2024,13:00:00,10,4,20,40,61,34,2
12-06-2024,14:00:00,11,5,21,42,51,27,2
12-06-2024,15:00:00,12,5,22,40,52,28,2
12-06-2024,16:00:00,11,5,20,47,45,23,3
12-06-2024,17:00:00,11,5,21,33,70,39,3
12-06-2024,18:00:00,12,5,21,30,60,33,3
12-06-2024,19:00:00,14,5,24,27,45,23,4
12-06-2024,20:00:00,16,5,25,22,37,18,4
12-06-2024,21:00:00,20,5,28,10,38,18,3
12-06-2024,22:00:00,26,5,27,4,36,17,3
12-06-2024,23:00:00,18,5,29,3,51,27,3
13-06-2024,00:00:00,12,5,24,13,46,24,2
13-06-2024,01:00:00,10,5,21,17,38,18,2
13-06-2024,02:00:00,10,4,21,19,36,17,2
13-06-2024,03:00:00,9,4,23,14,37,17,1
13-06-2024,04:00:00,8,4,20,18,35,16,1
13-06-2024,05:00:00,9,4,22,16,53,28,1
13-06-2024,06:00:00,9,4,22,17,45,23,0
13-06-2024,07:00:00,12,5,24,13,35,16,0
13-06-2024,08:00:00,13,5,23,17,30,13,1
13-06-2024,09:00:00,11,4,20,26,36,17,3
13-06-2024,10:00:00,16,4,21,29,32,14,3
13-06-2024,11:00:00,16,4,22,25,40,20,3
13-06-2024,13:00:00,24,4,18,46,51,27,24
13-06-2024,14:00:00,18,4,20,41,47,24,6
13-06-2024,15:00:00,20,5,20,43,63,35,5
13-06-2024,16:00:00,19,5,24,31,52,28,4
13-06-2024,17:00:00,20,5,23,36,67,37,5
13-06-2024,18:00:00,10,5,21,39,74,42,5
13-06-2024,19:00:00,10,5,21,36,60,33,5
13-06-2024,20:00:00,12,5,22,29,46,23,5
13-06-2024,21:00:00,14,6,27,14,37,17,5
13-06-2024,22:00:00,12,5,25,18,32,14,4
13-06-2024,23:00:00,12,5,27,14,34,15,4
14-06-2024,00:00:00,9,5,5,17,39,19,4
14-06-2024,01:00:00,9,5,5,15,46,23,4
14-06-2024,02:00:00,9,5,5,9,38,18,3
14-06-2024,03:00:00,6,5,5,14,35,16,3
14-06-2024,04:00:00,8,5,5,6,30,13,3
14-06-2024,05:00:00,9,5,5,2,29,12,2
14-06-2024,06:00:00,10,5,5,1,37,18,1
14-06-2024,07:00:00,12,5,5,1,42,21,1
14-06-2024,08:00:00,12,5,5,16,36,17,1
14-06-2024,09:00:00,10,4,5,26,54,29,3
14-06-2024,10:00:00,12,3,5,37,46,23,4
14-06-2024,11:00:00,10,2,5,40,38,18,4
14-06-2024,12:00:00,9,2,5,39,31,13,4
14-06-2024,13:00:00,9,1,5,37,30,13,4
14-06-2024,14:00:00,10,3,5,35,27,11,5
14-06-2024,15:00:00,10,4,5,33,36,17,5
14-06-2024,16:00:00,9,4,5,38,40,20,6
14-06-2024,17:00:00,10,4,5,35,35,16,6
14-06-2024,18:00:00,9,4,5,31,29,12,6
14-06-2024,19:00:00,12,4,5,26,47,24,6
14-06-2024,20:00:00,14,4,5,20,42,21,6
14-06-2024,21:00:00,14,4,5,20,34,16,5
14-06-2024,22:00:00,18,5,5,12,37,17,5
14-06-2024,23:00:00,18,5,5,5,38,18,4
15-06-2024,00:00:00,14,4,5,10,41,20,4
15-06-2024,01:00:00,13,4,5,10,39,19,4
15-06-2024,02:00:00,12,4,5,9,47,24,3
15-06-2024,03:00:00,10,3,5,6,48,25,3
15-06-2024,04:00:00,12,3,5,1,39,19,2
15-06-2024,05:00:00,9,3,5,5,32,14,2
15-06-2024,06:00:00,8,3,5,14,34,15,2
15-06-2024,07:00:00,12,4,5,6,31,13,2
15-06-2024,08:00:00,12,3,5,18,27,11,2
15-06-2024,09:00:00,10,2,5,28,40,19,3
15-06-2024,10:00:00,11,2,14,29,30,18,3
15-06-2024,11:00:00,14,2,20,29,22,21,4
15-06-2024,12:00:00,10,2,17,35,22,20,3
15-06-2024,13:00:00,10,2,16,40,23,15,4
15-06-2024,14:00:00,14,3,21,27,31,18,4
15-06-2024,15:00:00,11,3,19,33,28,15,5
15-06-2024,16:00:00,12,4,20,33,21,11,5
15-06-2024,17:00:00,11,3,18,32,17,9,5
15-06-2024,18:00:00,13,4,19,23,41,26,6
15-06-2024,19:00:00,14,4,21,22,41,21,6
15-06-2024,20:00:00,16,4,22,19,36,15,6
15-06-2024,21:00:00,20,4,24,9,45,11,5
15-06-2024,22:00:00,15,4,22,15,46,20,5
15-06-2024,23:00:00,18,4,25,8,42,16,5
16-06-2024,00:00:00,13,4,22,13,55,16,4
16-06-2024,01:00:00,14,4,22,6,52,18,4
16-06-2024,02:00:00,12,3,20,7,51,13,3
16-06-2024,03:00:00,8,3,17,12,55,20,3
16-06-2024,04:00:00,9,3,17,10,50,16,3
16-06-2024,05:00:00,8,3,16,13,39,21,3
16-06-2024,06:00:00,12,3,20,3,36,18,2
16-06-2024,07:00:00,18,3,21,1,43,22,2
16-06-2024,08:00:00,16,3,20,12,56,23,2
16-06-2024,09:00:00,12,2,15,25,47,19,3
16-06-2024,10:00:00,13,2,16,38,33,19,4
16-06-2024,11:00:00,13,1,16,49,25,16,5
16-06-2024,12:00:00,12,1,15,57,22,18,5
16-06-2024,13:00:00,12,1,15,61,21,24,5
16-06-2024,14:00:00,12,2,15,54,25,19,5
16-06-2024,15:00:00,12,3,16,52,32,19,6
16-06-2024,16:00:00,12,3,15,53,30,19,6
16-06-2024,17:00:00,12,3,16,48,32,17,6
16-06-2024,18:00:00,10,3,17,45,34,21,7
16-06-2024,19:00:00,13,3,20,44,42,20,8
16-06-2024,20:00:00,12,3,18,30,69,28,8
16-06-2024,21:00:00,16,4,22,18,105,23,8
16-06-2024,22:00:00,21,4,26,6,113,18,7
16-06-2024,23:00:00,26,4,27,2,132,23,7
17-06-2024,00:00:00,26,4,26,0,134,17,6
17-06-2024,01:00:00,24,4,25,1,122,12,6
17-06-2024,02:00:00,14,3,20,3,114,26,5
17-06-2024,03:00:00,10,2,17,7,108,25,5
17-06-2024,04:00:00,12,2,17,1,84,19,5
17-06-2024,05:00:00,11,3,19,1,83,19,4
17-06-2024,06:00:00,14,3,16,,96,20,3
17-06-2024,07:00:00,17,3,14,0,102,21,3
17-06-2024,08:00:00,22,3,18,1,104,23,2
17-06-2024,09:00:00,14,2,18,8,123,29,1
17-06-2024,10:00:00,14,1,15,16,103,24,2
17-06-2024,11:00:00,12,0,16,26,62,30,3
17-06-2024,12:00:00,10,0,15,28,55,35,3
17-06-2024,13:00:00,10,0,16,30,51,40,3
17-06-2024,14:00:00,9,1,15,31,46,34,3
17-06-2024,15:00:00,8,3,14,38,34,34,3
17-06-2024,16:00:00,10,3,15,30,29,39,4
17-06-2024,17:00:00,10,3,14,27,60,35,4
17-06-2024,18:00:00,10,3,15,28,56,28,4
17-06-2024,19:00:00,12,3,17,23,52,41,4
17-06-2024,20:00:00,12,3,17,22,69,34,4
17-06-2024,21:00:00,11,3,17,23,65,36,4
17-06-2024,22:00:00,13,3,19,16,64,30,4
17-06-2024,23:00:00,14,3,19,11,69,21,4
18-06-2024,00:00:00,12,3,18,10,77,26,4
18-06-2024,01:00:00,10,3,18,10,79,21,4
18-06-2024,02:00:00,8,3,15,14,77,35,4
18-06-2024,03:00:00,8,2,14,16,82,28,4
18-06-2024,04:00:00,8,2,14,16,76,32,3
18-06-2024,05:00:00,8,2,15,7,73,32,3
18-06-2024,06:00:00,14,3,16,0,87,29,2
18-06-2024,07:00:00,18,3,16,0,93,32,2
18-06-2024,08:00:00,17,3,17,4,110,32,1
18-06-2024,09:00:00,12,2,14,19,89,32,2
18-06-2024,10:00:00,18,3,18,19,53,48,3
18-06-2024,11:00:00,16,2,17,24,41,53,2
18-06-2024,12:00:00,13,2,17,27,37,40,3
18-06-2024,13:00:00,12,1,16,30,33,39,3
18-06-2024,14:00:00,12,2,15,35,27,38,3
18-06-2024,15:00:00,12,3,15,38,38,36,3
18-06-2024,16:00:00,12,3,17,28,37,42,4
18-06-2024,17:00:00,12,3,16,32,41,52,4
18-06-2024,18:00:00,11,3,16,36,39,40,4
18-06-2024,19:00:00,12,3,16,33,46,29,5
18-06-2024,20:00:00,15,3,21,29,54,23,5
18-06-2024,21:00:00,15,3,20,26,57,21,5
18-06-2024,22:00:00,14,3,20,22,56,18,5
18-06-2024,23:00:00,14,3,20,18,54,24,5
19-06-2024,00:00:00,14,4,22,14,61,21,5
19-06-2024,01:00:00,12,3,18,21,55,15,5
19-06-2024,02:00:00,10,3,16,24,55,24,5
19-06-2024,03:00:00,10,3,16,26,47,20,5
19-06-2024,04:00:00,10,3,16,25,35,24,5
19-06-2024,05:00:00,10,3,17,25,40,33,5
19-06-2024,06:00:00,12,3,21,9,53,31,5
19-06-2024,07:00:00,16,4,22,0,57,23,4
19-06-2024,08:00:00,18,3,21,11,75,30,3
19-06-2024,09:00:00,15,3,17,23,73,34,3
19-06-2024,10:00:00,16,2,16,29,54,34,4
19-06-2024,11:00:00,18,2,17,29,38,44,4
19-06-2024,12:00:00,14,2,18,33,38,33,4
19-06-2024,13:00:00,12,2,16,32,37,27,4
19-06-2024,14:00:00,12,2,15,34,30,28,4
19-06-2024,15:00:00,12,3,15,33,32,28,4
19-06-2024,16:00:00,12,3,17,35,33,33,5
19-06-2024,17:00:00,11,3,15,32,34,26,5
19-06-2024,18:00:00,12,3,16,30,47,25,5
19-06-2024,19:00:00,14,3,19,25,48,22,5
19-06-2024,20:00:00,14,3,19,25,55,31,6
19-06-2024,21:00:00,16,4,21,20,58,28,5
19-06-2024,22:00:00,22,4,28,6,59,22,4
19-06-2024,23:00:00,22,4,28,1,65,27,4
20-06-2024,00:00:00,12,3,18,22,71,24,4
20-06-2024,01:00:00,12,3,19,16,70,18,4
20-06-2024,02:00:00,10,3,14,28,53,13,4
20-06-2024,03:00:00,10,2,14,31,46,14,5
20-06-2024,04:00:00,9,2,14,30,46,21,5
20-06-2024,05:00:00,9,2,15,31,48,19,5
20-06-2024,06:00:00,7,2,16,30,54,27,5
20-06-2024,07:00:00,8,3,18,27,54,22,5
20-06-2024,08:00:00,10,3,20,24,64,16,3
20-06-2024,09:00:00,9,3,16,28,58,28,3
20-06-2024,10:00:00,12,3,16,31,53,37,3
20-06-2024,11:00:00,14,3,17,33,44,29,3
20-06-2024,12:00:00,12,3,17,30,51,22,3
20-06-2024,13:00:00,10,3,16,30,47,29,4
20-06-2024,14:00:00,10,3,16,31,45,22,4
20-06-2024,15:00:00,10,3,16,35,42,21,4
20-06-2024,16:00:00,10,3,16,46,36,26,5
20-06-2024,17:00:00,11,3,19,45,55,29,5
20-06-2024,18:00:00,14,4,22,22,74,22,6
20-06-2024,19:00:00,22,4,26,10,83,18,6
20-06-2024,20:00:00,26,4,26,5,70,28,6
20-06-2024,21:00:00,41,4,27,1,71,22,5
20-06-2024,22:00:00,62,4,22,,91,20,5
20-06-2024,23:00:00,52,4,16,,126,31,6
21-06-2024,00:00:00,30,3,19,,152,24,6
21-06-2024,01:00:00,24,3,19,0,141,21,6
21-06-2024,02:00:00,14,2,16,5,126,40,6
21-06-2024,03:00:00,13,0,14,6,109,32,5
21-06-2024,04:00:00,12,0,15,5,69,28,5
21-06-2024,05:00:00,12,0,15,5,112,24,4
21-06-2024,06:00:00,12,0,16,5,132,25,3
21-06-2024,07:00:00,14,0,18,7,122,23,2
21-06-2024,08:00:00,14,2,17,17,83,32,2
21-06-2024,09:00:00,14,2,17,21,45,27,2
21-06-2024,10:00:00,16,2,16,31,26,22,3
21-06-2024,11:00:00,16,2,17,29,17,19,3
21-06-2024,12:00:00,14,1,16,28,21,15,3
21-06-2024,13:00:00,13,1,15,27,25,23,3
21-06-2024,14:00:00,12,2,14,32,29,19,3
21-06-2024,15:00:00,12,3,16,27,28,24,3
21-06-2024,16:00:00,13,3,15,23,43,35,4
21-06-2024,17:00:00,13,3,15,25,55,33,4
21-06-2024,18:00:00,12,3,15,29,57,35,4
21-06-2024,19:00:00,14,3,16,24,58,29,4
21-06-2024,20:00:00,20,4,23,16,60,21,4
21-06-2024,21:00:00,18,4,20,14,65,27,4
21-06-2024,22:00:00,16,4,20,12,79,31,3
21-06-2024,23:00:00,14,3,17,20,80,35,4
22-06-2024,00:00:00,13,3,19,25,72,27,4
22-06-2024,01:00:00,12,3,18,18,67,33,4
22-06-2024,02:00:00,12,3,17,11,68,25,3
22-06-2024,03:00:00,12,3,15,5,55,19,3
22-06-2024,04:00:00,13,3,16,1,56,15,2
22-06-2024,05:00:00,14,3,16,0,73,16,2
22-06-2024,06:00:00,11,3,20,1,83,14,1
22-06-2024,07:00:00,12,3,22,6,65,22,1
22-06-2024,08:00:00,14,3,22,7,63,32,2
22-06-2024,09:00:00,12,2,18,21,51,26,2
22-06-2024,10:00:00,16,2,18,22,36,25,2
22-06-2024,11:00:00,12,2,18,32,30,27,3
22-06-2024,12:00:00,10,2,17,42,35,27,4
22-06-2024,13:00:00,10,1,17,46,47,31,4
22-06-2024,14:00:00,11,3,18,47,57,41,4
22-06-2024,15:00:00,10,3,17,48,67,48,4
22-06-2024,16:00:00,10,3,17,62,63,57,5
22-06-2024,17:00:00,8,3,17,70,47,43,5
22-06-2024,18:00:00,8,3,16,45,47,39,5
22-06-2024,19:00:00,10,3,18,44,55,39,6
22-06-2024,20:00:00,10,4,19,45,62,42,6
22-06-2024,21:00:00,12,4,21,33,78,41,6
22-06-2024,22:00:00,13,4,22,27,91,46,6
22-06-2024,23:00:00,16,4,25,20,93,59,6
23-06-2024,00:00:00,14,4,25,15,95,56,6
23-06-2024,01:00:00,12,4,22,18,95,56,6
23-06-2024,02:00:00,13,4,22,13,92,48,6
23-06-2024,03:00:00,9,3,17,19,84,45,6
23-06-2024,04:00:00,8,3,17,16,70,45,6
23-06-2024,05:00:00,8,3,19,6,63,34,5
23-06-2024,06:00:00,10,3,20,0,63,26,4
23-06-2024,07:00:00,15,3,20,0,62,40,4
23-06-2024,08:00:00,14,3,20,3,69,40,2
23-06-2024,09:00:00,10,2,17,19,56,42,1
23-06-2024,10:00:00,10,1,16,29,48,36,2
23-06-2024,11:00:00,8,1,15,38,43,43,3
23-06-2024,12:00:00,8,0,15,45,57,35,3
23-06-2024,13:00:00,8,0,14,52,54,40,3
23-06-2024,14:00:00,8,2,15,58,52,36,3
23-06-2024,15:00:00,10,3,16,39,51,41,3
23-06-2024,16:00:00,10,3,16,34,61,50,4
23-06-2024,17:00:00,10,3,19,39,65,48,4
23-06-2024,18:00:00,12,4,21,36,69,35,5
23-06-2024,19:00:00,12,3,18,26,73,36,5
23-06-2024,20:00:00,19,4,23,26,68,37,6
23-06-2024,21:00:00,22,4,26,20,60,33,5
23-06-2024,22:00:00,16,4,24,19,56,33,5
23-06-2024,23:00:00,14,4,23,15,45,34,6
24-06-2024,00:00:00,11,3,19,19,44,25,5
24-06-2024,01:00:00,10,3,17,20,41,30,4
24-06-2024,02:00:00,8,3,16,18,44,25,4
24-06-2024,03:00:00,8,3,15,15,40,28,4
24-06-2024,04:00:00,7,3,15,17,35,21,4
24-06-2024,05:00:00,8,3,16,13,33,15,3
24-06-2024,06:00:00,8,3,18,10,41,16,3
24-06-2024,07:00:00,12,3,21,1,44,12,2
24-06-2024,08:00:00,14,3,20,10,50,11,1
24-06-2024,09:00:00,12,3,19,26,43,29,2
24-06-2024,10:00:00,16,3,19,31,32,24,2
24-06-2024,11:00:00,14,2,18,35,24,24,3
24-06-2024,12:00:00,10,2,16,39,21,29,3
24-06-2024,13:00:00,9,1,15,50,23,21,3
24-06-2024,14:00:00,11,2,16,44,21,16,4
24-06-2024,15:00:00,10,3,15,42,19,20,4
24-06-2024,16:00:00,9,3,15,42,17,16,4
24-06-2024,17:00:00,10,3,16,38,15,21,5
24-06-2024,18:00:00,10,3,16,34,21,20,5
24-06-2024,19:00:00,12,3,18,34,29,14,5
24-06-2024,20:00:00,14,4,20,28,39,11,6
24-06-2024,21:00:00,12,3,11,32,37,9,17
24-06-2024,22:00:00,9,3,19,24,36,23,6
24-06-2024,23:00:00,9,3,21,23,34,35,5
25-06-2024,00:00:00,9,3,24,16,28,26,5
25-06-2024,01:00:00,8,3,22,13,33,20,5
25-06-2024,02:00:00,6,3,20,11,35,15,4
25-06-2024,03:00:00,4,3,17,11,41,18,4
25-06-2024,04:00:00,5,3,20,10,35,17,4
25-06-2024,05:00:00,4,3,19,18,30,27,4
25-06-2024,06:00:00,9,3,17,27,35,47,4
25-06-2024,07:00:00,14,4,25,11,35,38,4
25-06-2024,08:00:00,14,4,22,18,29,33,2
25-06-2024,09:00:00,18,4,24,17,37,36,2
25-06-2024,10:00:00,22,4,23,31,35,28,3
25-06-2024,11:00:00,20,4,21,37,27,33,4
25-06-2024,12:00:00,16,3,20,41,21,30,4
25-06-2024,13:00:00,18,3,24,46,22,22,4
25-06-2024,14:00:00,14,3,19,51,21,23,4
25-06-2024,15:00:00,12,3,16,43,18,17,4
25-06-2024,16:00:00,14,3,17,37,16,23,5
25-06-2024,17:00:00,12,3,17,37,12,20,5
25-06-2024,18:00:00,13,3,18,34,29,17,5
25-06-2024,19:00:00,14,3,18,32,37,13,5
25-06-2024,20:00:00,16,4,20,30,31,11,5
25-06-2024,21:00:00,18,4,23,19,32,9,5
25-06-2024,22:00:00,20,4,26,20,33,8,4
25-06-2024,23:00:00,14,4,19,31,30,19,5
26-06-2024,00:00:00,16,4,22,22,31,16,5
26-06-2024,01:00:00,12,3,19,30,30,12,4
26-06-2024,02:00:00,12,3,17,30,31,10,5
26-06-2024,03:00:00,14,3,18,11,46,56,4
26-06-2024,04:00:00,14,3,20,12,45,47,4
26-06-2024,05:00:00,12,3,20,11,43,50,4
26-06-2024,06:00:00,13,3,20,2,51,39,4
26-06-2024,07:00:00,16,4,23,3,51,27,2
26-06-2024,08:00:00,16,3,22,9,52,21,1
26-06-2024,09:00:00,18,3,21,20,42,22,1
26-06-2024,10:00:00,25,3,21,27,32,17,2
26-06-2024,11:00:00,21,3,21,29,24,13,3
26-06-2024,12:00:00,18,3,20,33,30,10,3
26-06-2024,13:00:00,16,3,17,32,31,8,3
26-06-2024,14:00:00,14,3,16,37,25,11,3
26-06-2024,15:00:00,14,3,16,34,19,12,4
26-06-2024,16:00:00,14,3,17,33,15,10,4
26-06-2024,17:00:00,15,3,17,28,15,14,4
26-06-2024,18:00:00,14,3,16,32,15,12,4
26-06-2024,19:00:00,17,3,19,26,16,10,5
26-06-2024,20:00:00,18,4,22,24,18,7,4
26-06-2024,21:00:00,19,4,23,20,27,6,4
26-06-2024,22:00:00,19,4,24,16,25,5,3
26-06-2024,23:00:00,18,4,23,19,20,5,3
27-06-2024,00:00:00,16,4,22,17,20,15,3
27-06-2024,01:00:00,13,3,18,29,19,14,3
27-06-2024,02:00:00,11,3,15,33,18,11,3
27-06-2024,03:00:00,10,3,14,32,19,8,3
27-06-2024,04:00:00,10,3,18,18,22,6,3
27-06-2024,05:00:00,10,3,15,10,30,6,2
27-06-2024,06:00:00,8,3,18,12,40,6,2
27-06-2024,07:00:00,8,3,17,25,37,5,2
27-06-2024,08:00:00,8,3,17,33,29,5,1
27-06-2024,09:00:00,10,3,18,35,27,6,2
27-06-2024,10:00:00,15,3,18,34,31,10,2
27-06-2024,11:00:00,12,3,18,37,28,20,2
27-06-2024,12:00:00,11,3,17,36,28,28,3
27-06-2024,13:00:00,10,0,17,58,32,23,3
27-06-2024,14:00:00,9,0,15,77,27,17,4
27-06-2024,15:00:00,10,,16,81,27,18,5
27-06-2024,16:00:00,10,0,17,76,32,15,6
27-06-2024,17:00:00,10,0,16,83,32,18,6
27-06-2024,18:00:00,9,0,17,105,26,14,6
27-06-2024,19:00:00,12,0,18,103,25,10,7
27-06-2024,20:00:00,12,0,20,98,27,8,7
27-06-2024,21:00:00,10,0,18,111,25,7,7
27-06-2024,22:00:00,8,0,15,119,21,6,7
27-06-2024,23:00:00,10,0,19,89,26,6,7
28-06-2024,00:00:00,14,0,24,69,37,14,7
28-06-2024,01:00:00,10,0,18,80,48,17,7
28-06-2024,02:00:00,12,0,20,66,43,24,7
28-06-2024,03:00:00,10,0,20,69,47,19,7
28-06-2024,04:00:00,7,0,15,92,54,15,8
28-06-2024,05:00:00,8,0,18,89,44,11,8
28-06-2024,06:00:00,7,0,14,96,41,8,8
28-06-2024,07:00:00,9,0,20,86,51,16,8
28-06-2024,08:00:00,10,0,19,95,45,14,3
28-06-2024,09:00:00,11,0,19,96,40,22,2
28-06-2024,11:00:00,16,1,20,94,26,21,2
28-06-2024,12:00:00,10,1,15,39,30,22,2
28-06-2024,13:00:00,10,1,15,41,35,17,2
28-06-2024,14:00:00,8,1,15,55,30,15,2
28-06-2024,15:00:00,8,1,14,58,23,11,2
28-06-2024,16:00:00,9,1,15,68,18,9,3
28-06-2024,17:00:00,8,1,15,68,23,20,3
28-06-2024,18:00:00,12,1,15,64,32,27,3
28-06-2024,19:00:00,12,1,16,64,36,24,4
28-06-2024,20:00:00,16,1,19,58,42,19,4
28-06-2024,21:00:00,24,1,25,43,57,25,4
28-06-2024,22:00:00,31,1,26,35,74,20,3
28-06-2024,23:00:00,34,1,24,34,80,26,3
29-06-2024,00:00:00,27,1,24,35,84,22,3
29-06-2024,01:00:00,22,1,21,35,83,32,3
29-06-2024,02:00:00,24,1,21,36,74,26,4
29-06-2024,03:00:00,15,1,18,39,70,30,4
29-06-2024,04:00:00,18,1,21,36,71,24,4
29-06-2024,05:00:00,16,1,23,40,74,21,3
29-06-2024,06:00:00,10,1,17,42,74,22,2
29-06-2024,07:00:00,15,1,21,41,67,24,2
29-06-2024,08:00:00,20,1,22,39,70,19,1
29-06-2024,09:00:00,14,1,20,48,94,18,1
29-06-2024,10:00:00,14,1,17,57,75,15,2
29-06-2024,11:00:00,14,1,17,9,45,22,2
29-06-2024,12:00:00,12,1,14,26,44,19,1
29-06-2024,13:00:00,10,,13,25,35,31,1
29-06-2024,14:00:00,10,1,9,44,23,25,1
29-06-2024,15:00:00,10,1,5,50,24,23,1
29-06-2024,16:00:00,10,1,5,52,34,27,2
29-06-2024,17:00:00,10,1,5,38,36,26,2
29-06-2024,18:00:00,10,1,11,22,43,32,1
29-06-2024,19:00:00,13,1,18,15,54,26,1
29-06-2024,20:00:00,16,1,21,9,51,19,1
29-06-2024,21:00:00,17,1,21,10,50,25,0
29-06-2024,22:00:00,20,1,23,2,65,20,0
29-06-2024,23:00:00,21,1,22,2,73,17,
30-06-2024,00:00:00,16,1,20,2,74,21,
30-06-2024,01:00:00,16,1,19,5,73,29,
30-06-2024,02:00:00,16,1,20,2,69,29,
30-06-2024,03:00:00,15,1,19,2,71,28,
30-06-2024,04:00:00,10,1,15,2,67,25,
30-06-2024,05:00:00,13,1,16,1,208,19,
30-06-2024,06:00:00,10,1,16,2,141,24,
30-06-2024,07:00:00,14,1,15,0,51,21,
30-06-2024,08:00:00,11,1,17,7,45,22,1
30-06-2024,09:00:00,10,1,16,12,43,21,1
30-06-2024,10:00:00,11,1,15,16,,,2
30-06-2024,11:00:00,11,1,14,17,39,26,2
30-06-2024,12:00:00,12,1,15,15,44,25,2
30-06-2024,13:00:00,11,1,15,15,56,20,2
30-06-2024,14:00:00,10,1,13,16,34,23,2
30-06-2024,15:00:00,9,1,12,20,21,20,2
30-06-2024,16:00:00,9,1,13,20,,,3
30-06-2024,17:00:00,10,1,14,18,38,28,3
30-06-2024,18:00:00,12,1,14,19,49,21,3
30-06-2024,19:00:00,12,1,15,20,48,18,4
30-06-2024,20:00:00,12,1,15,17,68,20,4
30-06-2024,21:00:00,18,1,18,5,97,25,3
30-06-2024,22:00:00,17,1,18,6,90,27,3
30-06-2024,23:00:00,12,1,15,18,48,34,3
01-07-2024,00:00:00,10,1,13,21,48,34,3
01-07-2024,01:00:00,10,1,12,23,59,31,3
01-07-2024,02:00:00,9,1,12,23,61,32,3
01-07-2024,03:00:00,8,1,11,27,48,28,3
01-07-2024,04:00:00,8,1,11,25,65,22,3
01-07-2024,05:00:00,8,1,14,10,100,25,3
01-07-2024,06:00:00,6,1,15,9,105,19,3
01-07-2024,07:00:00,8,1,17,8,86,14,3
01-07-2024,08:00:00,10,1,18,11,67,21,2
01-07-2024,09:00:00,10,1,17,15,63,21,1
01-07-2024,10:00:00,12,1,15,21,55,31,2
01-07-2024,11:00:00,10,1,14,24,49,39,2
01-07-2024,12:00:00,10,1,14,22,59,42,2
01-07-2024,13:00:00,9,1,14,22,56,38,3
01-07-2024,14:00:00,8,1,13,22,60,38,3
01-07-2024,15:00:00,8,1,12,24,53,28,3
01-07-2024,16:00:00,8,1,13,22,50,29,3
01-07-2024,17:00:00,10,1,14,17,59,26,4
01-07-2024,18:00:00,9,1,15,17,68,30,4
01-07-2024,19:00:00,10,1,15,18,66,34,4
01-07-2024,20:00:00,11,1,16,18,60,27,4
01-07-2024,21:00:00,9,1,15,20,58,19,4
01-07-2024,22:00:00,8,1,13,22,62,25,4
01-07-2024,23:00:00,8,1,7,17,68,32,4
02-07-2024,00:00:00,7,1,5,20,74,37,3
02-07-2024,01:00:00,6,1,5,23,69,28,4
02-07-2024,02:00:00,5,1,5,29,64,21,4
02-07-2024,03:00:00,5,1,5,24,60,25,4
02-07-2024,04:00:00,5,1,5,21,58,19,4
02-07-2024,05:00:00,6,1,5,16,55,15,4
02-07-2024,06:00:00,5,1,5,22,57,13,4
02-07-2024,07:00:00,7,1,5,21,56,10,4
02-07-2024,08:00:00,10,1,5,16,86,22,2
02-07-2024,09:00:00,12,1,8,16,73,20,1
02-07-2024,10:00:00,14,1,15,20,53,26,2
02-07-2024,11:00:00,14,1,14,21,62,31,2
02-07-2024,12:00:00,12,1,15,,,,
02-07-2024,13:00:00,12,1,14,12,,,
02-07-2024,14:00:00,,1,,8,5,,0
02-07-2024,15:00:00,8,1,12,5,5,,3
02-07-2024,16:00:00,12,1,11,5,13,4,2
02-07-2024,17:00:00,10,1,13,7,19,8,3
02-07-2024,18:00:00,12,1,22,18,45,22,4
02-07-2024,19:00:00,16,1,25,16,40,19,4
02-07-2024,20:00:00,22,1,26,7,41,19,5
02-07-2024,21:00:00,24,1,29,3,59,29,5
02-07-2024,22:00:00,14,1,23,12,60,29,5
02-07-2024,23:00:00,17,1,18,3,58,28,5
03-07-2024,00:00:00,28,1,14,1,64,32,4
03-07-2024,01:00:00,14,1,15,3,83,42,4
03-07-2024,02:00:00,12,1,13,6,66,33,4
03-07-2024,03:00:00,13,1,17,4,55,27,3
03-07-2024,04:00:00,8,1,11,10,48,23,3
03-07-2024,05:00:00,8,1,9,16,53,26,3
03-07-2024,06:00:00,7,1,11,20,58,28,3
03-07-2024,07:00:00,10,1,15,11,69,35,3
03-07-2024,08:00:00,12,1,17,14,57,28,4
03-07-2024,09:00:00,12,1,18,15,97,50,5
03-07-2024,10:00:00,16,1,15,20,94,48,5
03-07-2024,11:00:00,16,1,16,20,86,43,5
03-07-2024,12:00:00,13,1,15,20,84,42,5
03-07-2024,13:00:00,10,1,13,23,101,52,6
03-07-2024,14:00:00,10,1,13,24,78,39,6
03-07-2024,15:00:00,9,1,11,25,89,45,6
03-07-2024,16:00:00,9,1,13,24,96,49,6
03-07-2024,17:00:00,9,1,13,24,77,38,7
03-07-2024,18:00:00,12,1,13,23,91,46,7
03-07-2024,19:00:00,14,1,15,20,72,36,7
03-07-2024,20:00:00,16,1,19,16,91,46,7
03-07-2024,21:00:00,18,1,23,11,81,41,7
03-07-2024,22:00:00,14,1,18,15,85,43,6
03-07-2024,23:00:00,12,1,15,16,80,40,7
04-07-2024,00:00:00,11,1,13,16,64,32,7
04-07-2024,01:00:00,10,1,11,18,54,26,7
04-07-2024,02:00:00,9,1,10,20,72,36,7
04-07-2024,03:00:00,8,1,9,18,57,28,7
04-07-2024,04:00:00,8,1,9,18,62,30,7
04-07-2024,05:00:00,8,1,11,15,50,24,6
04-07-2024,06:00:00,10,1,12,10,52,25,6
04-07-2024,07:00:00,14,1,15,2,53,26,6
04-07-2024,08:00:00,18,1,18,4,44,21,4
04-07-2024,09:00:00,18,1,15,8,58,28,4
04-07-2024,10:00:00,17,1,12,14,69,34,5
04-07-2024,11:00:00,15,1,11,18,60,30,5
04-07-2024,12:00:00,13,1,11,22,52,25,5
04-07-2024,13:00:00,13,1,12,22,48,23,5
04-07-2024,14:00:00,12,1,11,20,61,30,5
04-07-2024,15:00:00,12,1,10,20,64,32,5
04-07-2024,16:00:00,12,1,12,26,63,31,6
04-07-2024,17:00:00,12,1,14,21,55,27,6
04-07-2024,18:00:00,14,1,15,16,46,22,6
04-07-2024,19:00:00,17,1,19,12,39,18,6
04-07-2024,20:00:00,19,1,22,11,55,27,6
04-07-2024,21:00:00,29,1,23,1,63,31,6
04-07-2024,22:00:00,22,3,22,3,53,26,5
04-07-2024,23:00:00,16,3,20,7,54,26,5
05-07-2024,00:00:00,14,3,18,9,57,28,5
05-07-2024,01:00:00,16,3,18,4,54,26,4
05-07-2024,02:00:00,13,2,15,4,45,22,4
05-07-2024,03:00:00,10,2,12,7,42,20,4
05-07-2024,04:00:00,10,2,11,10,39,18,4
05-07-2024,05:00:00,10,2,13,5,47,22,3
05-07-2024,06:00:00,12,2,13,5,41,19,3
05-07-2024,07:00:00,18,1,5,0,37,17,2
05-07-2024,08:00:00,17,2,15,4,54,26,4
05-07-2024,09:00:00,16,2,13,10,47,23,5
05-07-2024,10:00:00,20,2,14,12,57,28,5
05-07-2024,11:00:00,16,2,14,16,59,29,5
05-07-2024,12:00:00,14,2,12,19,61,30,6
05-07-2024,13:00:00,13,1,9,20,74,37,6
05-07-2024,14:00:00,13,2,11,21,82,41,6
05-07-2024,15:00:00,13,2,12,23,98,50,6
05-07-2024,16:00:00,12,2,11,22,83,42,7
05-07-2024,17:00:00,12,2,11,22,76,38,7
05-07-2024,18:00:00,8,2,14,21,63,31,7
05-07-2024,19:00:00,10,2,16,19,90,46,7
05-07-2024,20:00:00,12,3,19,17,94,48,7
05-07-2024,21:00:00,11,3,19,16,81,41,8
05-07-2024,22:00:00,10,3,19,16,69,34,7
05-07-2024,23:00:00,10,3,18,16,97,49,7
06-07-2024,00:00:00,8,2,16,18,84,43,7
06-07-2024,01:00:00,7,2,13,20,91,46,7
06-07-2024,02:00:00,7,2,14,12,71,35,7
06-07-2024,03:00:00,7,2,13,6,107,56,7
06-07-2024,04:00:00,6,2,12,7,88,45,6
06-07-2024,05:00:00,6,2,15,9,69,34,6
06-07-2024,06:00:00,8,2,12,15,63,31,6
06-07-2024,07:00:00,10,2,16,14,67,33,6
06-07-2024,08:00:00,16,3,20,5,61,30,5
06-07-2024,09:00:00,11,2,16,18,52,25,5
06-07-2024,10:00:00,12,2,16,23,51,25,5
06-07-2024,11:00:00,11,2,13,28,78,39,5
06-07-2024,12:00:00,10,2,13,29,85,43,6
06-07-2024,13:00:00,10,2,12,32,69,34,6
06-07-2024,14:00:00,11,3,18,29,93,47,6
06-07-2024,15:00:00,10,2,12,33,109,58,6
06-07-2024,16:00:00,10,2,12,31,88,44,7
06-07-2024,17:00:00,10,2,13,30,94,48,8
06-07-2024,18:00:00,12,3,18,25,76,38,8
06-07-2024,19:00:00,14,3,20,19,79,40,8
06-07-2024,20:00:00,15,3,22,18,79,40,9
06-07-2024,21:00:00,21,5,33,8,64,32,8
06-07-2024,22:00:00,16,4,25,12,87,44,8
06-07-2024,23:00:00,19,3,23,4,76,38,7
07-07-2024,00:00:00,18,3,22,6,91,46,7
07-07-2024,01:00:00,12,2,17,16,89,45,7
07-07-2024,02:00:00,12,2,16,8,71,35,8
07-07-2024,03:00:00,13,3,21,8,83,42,7
07-07-2024,04:00:00,8,2,10,28,68,34,7
07-07-2024,05:00:00,8,2,12,29,55,27,7
07-07-2024,06:00:00,10,2,14,22,56,27,7
07-07-2024,07:00:00,12,2,16,21,47,23,7
07-07-2024,08:00:00,15,3,18,19,41,19,5
07-07-2024,09:00:00,16,3,17,20,72,36,5
07-07-2024,10:00:00,14,2,13,23,66,33,5
07-07-2024,11:00:00,12,2,11,29,76,38,6
07-07-2024,12:00:00,12,2,11,31,77,38,5
07-07-2024,13:00:00,12,2,12,31,96,49,6
07-07-2024,14:00:00,12,2,10,30,83,42,6
07-07-2024,15:00:00,12,2,11,32,84,42,6
07-07-2024,16:00:00,13,2,12,27,73,36,6
07-07-2024,17:00:00,13,2,13,22,64,31,6
07-07-2024,18:00:00,12,2,11,25,92,47,7
07-07-2024,19:00:00,14,2,14,24,74,37,7
07-07-2024,20:00:00,18,3,21,15,83,42,7
07-07-2024,21:00:00,20,4,29,10,83,42,7
07-07-2024,22:00:00,16,3,21,16,65,32,6
07-07-2024,23:00:00,16,3,20,16,90,46,6
08-07-2024,00:00:00,13,2,17,23,70,35,6
08-07-2024,01:00:00,12,2,14,27,57,28,6
08-07-2024,02:00:00,11,2,12,31,48,23,6
08-07-2024,03:00:00,10,2,11,34,42,20,7
08-07-2024,04:00:00,10,2,10,42,38,18,7
08-07-2024,05:00:00,10,2,10,38,35,16,7
08-07-2024,06:00:00,6,2,14,32,45,22,7
08-07-2024,07:00:00,8,3,22,27,43,20,7
08-07-2024,08:00:00,11,4,29,16,53,26,6
08-07-2024,09:00:00,12,3,21,18,47,23,5
08-07-2024,10:00:00,18,3,19,19,60,29,5
08-07-2024,11:00:00,14,2,14,26,66,32,6
08-07-2024,12:00:00,12,2,15,29,73,37,6
08-07-2024,13:00:00,12,2,16,26,181,133,6
08-07-2024,14:00:00,12,2,16,26,282,252,6
08-07-2024,15:00:00,10,2,13,29,417,325,6
08-07-2024,16:00:00,12,2,15,25,200,163,7
08-07-2024,17:00:00,12,3,18,19,116,64,7
08-07-2024,18:00:00,14,3,23,14,70,35,7
08-07-2024,19:00:00,17,3,24,14,45,21,6
08-07-2024,20:00:00,22,4,31,9,34,15,6
08-07-2024,21:00:00,20,5,33,9,33,15,6
08-07-2024,22:00:00,14,3,24,23,105,55,6
08-07-2024,23:00:00,13,4,27,19,257,224,5
09-07-2024,00:00:00,14,5,35,10,186,140,5
09-07-2024,01:00:00,10,3,20,25,135,79,5
09-07-2024,02:00:00,10,3,19,21,103,53,5
09-07-2024,03:00:00,11,3,19,10,135,79,5
09-07-2024,04:00:00,13,3,22,8,107,57,5
09-07-2024,05:00:00,10,3,24,6,89,45,5
09-07-2024,06:00:00,12,3,22,3,101,52,4
09-07-2024,07:00:00,15,3,20,0,115,63,4
09-07-2024,08:00:00,16,3,19,5,93,47,4
09-07-2024,09:00:00,17,3,19,14,107,57,5
09-07-2024,10:00:00,24,3,17,15,93,47,6
09-07-2024,11:00:00,16,2,14,21,99,50,7
09-07-2024,12:00:00,12,2,15,25,65,48,4
09-07-2024,13:00:00,12,2,14,26,50,36,4
09-07-2024,14:00:00,12,2,14,31,53,38,4
09-07-2024,15:00:00,11,2,12,32,43,30,4
09-07-2024,16:00:00,10,2,12,33,41,29,5
09-07-2024,17:00:00,10,2,12,33,39,27,5
09-07-2024,18:00:00,12,2,17,34,46,32,5
09-07-2024,19:00:00,12,3,18,36,35,23,5
09-07-2024,20:00:00,14,3,22,38,27,17,6
09-07-2024,21:00:00,13,3,20,34,40,27,6
09-07-2024,22:00:00,14,3,20,35,32,21,6
09-07-2024,23:00:00,12,3,22,31,47,33,7
10-07-2024,00:00:00,10,3,21,30,36,25,7
10-07-2024,01:00:00,10,3,19,25,39,27,7
10-07-2024,02:00:00,10,3,18,12,31,20,7
10-07-2024,03:00:00,10,3,20,4,57,41,6
10-07-2024,04:00:00,12,2,16,5,50,36,5
10-07-2024,05:00:00,8,2,12,10,50,35,5
10-07-2024,06:00:00,12,2,15,3,50,35,5
10-07-2024,07:00:00,20,1,7,0,46,33,4
10-07-2024,09:00:00,14,3,18,20,65,47,2
10-07-2024,10:00:00,16,2,16,30,48,34,2
10-07-2024,11:00:00,16,3,20,32,50,36,3
10-07-2024,12:00:00,12,2,16,31,50,36,4
10-07-2024,13:00:00,10,2,12,33,45,32,4
10-07-2024,14:00:00,10,2,11,31,39,27,4
10-07-2024,15:00:00,10,2,11,33,44,31,4
10-07-2024,16:00:00,10,2,14,29,48,34,5
10-07-2024,17:00:00,11,2,13,26,38,26,5
10-07-2024,18:00:00,10,2,16,35,38,26,5
10-07-2024,19:00:00,12,3,19,27,30,20,5
10-07-2024,20:00:00,16,3,24,18,37,25,5
10-07-2024,21:00:00,16,4,25,21,40,28,5
10-07-2024,22:00:00,12,3,21,20,32,21,5
10-07-2024,23:00:00,13,3,20,18,45,31,5
11-07-2024,00:00:00,12,3,18,15,35,24,5
11-07-2024,01:00:00,10,2,13,24,28,18,5
11-07-2024,02:00:00,8,2,12,30,22,14,5
11-07-2024,03:00:00,8,2,13,27,33,22,5
11-07-2024,04:00:00,9,3,18,13,54,38,5
11-07-2024,05:00:00,8,2,16,14,42,30,5
11-07-2024,06:00:00,10,2,15,4,38,26,4
11-07-2024,07:00:00,14,3,20,2,31,20,4
11-07-2024,08:00:00,11,3,20,16,44,31,3
11-07-2024,09:00:00,12,2,15,24,36,24,3
11-07-2024,10:00:00,16,2,17,23,42,30,3
11-07-2024,11:00:00,12,2,14,33,35,24,4
11-07-2024,12:00:00,10,2,13,45,27,17,4
11-07-2024,13:00:00,10,2,12,43,25,15,4
11-07-2024,14:00:00,10,2,10,34,45,32,5
11-07-2024,15:00:00,10,2,12,28,52,37,5
11-07-2024,16:00:00,10,2,12,29,47,33,6
11-07-2024,17:00:00,12,2,17,29,41,29,6
11-07-2024,18:00:00,13,3,18,22,34,22,6
11-07-2024,19:00:00,14,3,20,22,35,23,6
11-07-2024,20:00:00,17,4,29,16,27,17,6
11-07-2024,21:00:00,16,4,25,16,43,30,6
11-07-2024,22:00:00,14,3,23,16,48,34,6
11-07-2024,23:00:00,14,3,21,11,47,33,6
12-07-2024,00:00:00,10,2,15,26,39,27,6
12-07-2024,01:00:00,8,2,12,31,36,24,6
12-07-2024,02:00:00,8,2,13,25,29,19,6
12-07-2024,03:00:00,8,2,14,17,39,27,6
12-07-2024,04:00:00,8,2,13,14,36,25,6
12-07-2024,05:00:00,8,2,13,13,30,20,5
12-07-2024,06:00:00,10,2,14,6,25,16,5
12-07-2024,07:00:00,14,2,17,2,47,33,5
12-07-2024,08:00:00,18,2,16,4,42,29,3
12-07-2024,09:00:00,14,2,14,10,46,32,3
12-07-2024,10:00:00,16,2,13,16,36,25,3
12-07-2024,11:00:00,16,2,13,16,55,39,4
12-07-2024,12:00:00,14,2,15,21,47,34,4
12-07-2024,13:00:00,14,2,14,24,39,27,4
12-07-2024,14:00:00,12,2,13,28,30,20,4
12-07-2024,15:00:00,11,2,11,27,33,22,4
12-07-2024,16:00:00,11,2,11,27,31,21,4
12-07-2024,17:00:00,11,2,14,22,36,25,4
12-07-2024,18:00:00,13,3,20,13,33,22,5
12-07-2024,19:00:00,18,3,22,11,28,18,4
12-07-2024,20:00:00,18,3,23,10,23,14,4
12-07-2024,21:00:00,22,4,27,5,43,30,4
12-07-2024,22:00:00,12,3,19,22,34,23,3
12-07-2024,23:00:00,14,3,22,19,27,17,4
13-07-2024,00:00:00,11,3,19,21,21,13,4
13-07-2024,01:00:00,10,2,14,28,26,17,4
13-07-2024,02:00:00,10,2,13,19,25,16,4
13-07-2024,03:00:00,10,2,10,26,40,28,4
13-07-2024,04:00:00,10,2,13,21,31,21,4
13-07-2024,05:00:00,10,2,13,16,32,21,4
13-07-2024,06:00:00,8,2,14,9,32,21,4
13-07-2024,07:00:00,12,2,16,2,32,21,3
13-07-2024,08:00:00,13,3,20,8,32,21,2
13-07-2024,09:00:00,12,2,15,12,37,25,2
13-07-2024,10:00:00,11,2,11,18,39,27,3
13-07-2024,11:00:00,12,2,14,21,32,21,3
13-07-2024,12:00:00,12,2,14,21,25,16,3
13-07-2024,13:00:00,11,2,13,21,28,18,3
13-07-2024,14:00:00,10,2,11,22,25,16,3
13-07-2024,15:00:00,10,2,12,19,31,21,3
13-07-2024,16:00:00,10,2,15,15,27,17,4
13-07-2024,17:00:00,9,2,13,22,27,17,4
13-07-2024,18:00:00,12,2,15,21,32,22,4
13-07-2024,19:00:00,14,3,18,19,27,17,4
13-07-2024,20:00:00,14,3,19,20,23,14,4
13-07-2024,21:00:00,21,4,29,6,20,12,4
13-07-2024,22:00:00,22,4,31,4,26,16,3
13-07-2024,23:00:00,14,3,19,12,31,21,3
14-07-2024,00:00:00,12,3,22,12,27,18,3
14-07-2024,01:00:00,12,3,21,8,40,27,3
14-07-2024,02:00:00,12,3,22,5,32,21,2
14-07-2024,03:00:00,9,2,15,12,44,31,2
14-07-2024,04:00:00,9,2,13,27,50,35,2
14-07-2024,05:00:00,9,2,15,25,39,27,2
14-07-2024,06:00:00,9,2,16,25,30,20,2
14-07-2024,07:00:00,11,3,24,21,25,16,2
14-07-2024,08:00:00,12,3,23,16,22,13,2
14-07-2024,09:00:00,12,3,18,33,29,19,3
14-07-2024,10:00:00,12,3,18,30,24,15,3
14-07-2024,11:00:00,12,2,14,31,24,15,4
14-07-2024,12:00:00,11,2,13,22,33,22,4
14-07-2024,13:00:00,12,2,14,16,39,27,4
14-07-2024,14:00:00,11,2,11,19,30,19,4
14-07-2024,15:00:00,10,2,13,17,39,27,4
14-07-2024,16:00:00,14,2,16,16,30,20,4
14-07-2024,17:00:00,12,2,16,14,26,16,4
14-07-2024,18:00:00,12,3,22,17,23,14,4
14-07-2024,19:00:00,15,3,23,15,19,11,4
14-07-2024,20:00:00,19,4,28,8,17,9,4
14-07-2024,21:00:00,20,4,29,5,30,20,4
14-07-2024,22:00:00,22,4,27,2,39,27,3
14-07-2024,23:00:00,20,4,25,5,32,21,3
15-07-2024,00:00:00,26,3,18,0,34,23,2
15-07-2024,01:00:00,16,3,20,3,27,17,2
15-07-2024,02:00:00,14,2,15,4,26,16,2
15-07-2024,03:00:00,12,2,13,3,36,25,1
15-07-2024,04:00:00,11,2,10,2,32,21,1
15-07-2024,05:00:00,11,2,13,2,31,20,1
15-07-2024,06:00:00,10,2,13,2,27,17,0
15-07-2024,07:00:00,12,2,15,3,21,13,0
15-07-2024,08:00:00,18,2,14,2,34,23,1
15-07-2024,09:00:00,13,2,17,8,51,36,2
15-07-2024,10:00:00,20,3,19,12,40,28,2
15-07-2024,11:00:00,18,2,17,15,37,25,3
15-07-2024,12:00:00,12,2,12,23,32,21,3
15-07-2024,13:00:00,11,2,14,25,25,16,4
15-07-2024,14:00:00,11,2,13,27,41,28,4
15-07-2024,15:00:00,9,2,12,27,33,22,4
15-07-2024,16:00:00,10,2,13,31,36,24,5
15-07-2024,17:00:00,10,2,16,33,29,19,5
15-07-2024,18:00:00,14,3,18,28,30,20,6
15-07-2024,19:00:00,15,3,19,25,24,15,6
15-07-2024,20:00:00,18,4,25,21,41,28,6
15-07-2024,21:00:00,20,4,27,12,46,32,6
15-07-2024,22:00:00,23,4,31,5,52,37,5
15-07-2024,23:00:00,22,3,23,3,52,37,5
16-07-2024,00:00:00,28,2,15,0,48,34,5
16-07-2024,01:00:00,18,3,19,4,38,26,5
16-07-2024,02:00:00,16,3,19,5,43,30,4
16-07-2024,03:00:00,14,3,17,10,46,33,5
16-07-2024,04:00:00,13,2,15,8,39,27,5
16-07-2024,05:00:00,13,2,10,1,38,26,4
16-07-2024,06:00:00,14,2,13,1,48,34,4
16-07-2024,07:00:00,18,2,10,1,36,25,3
16-07-2024,08:00:00,20,3,18,3,33,22,3
16-07-2024,09:00:00,18,3,18,9,52,37,3
16-07-2024,10:00:00,22,2,16,14,44,31,4
16-07-2024,11:00:00,20,3,18,17,54,38,4
16-07-2024,12:00:00,15,2,15,25,41,29,4
16-07-2024,13:00:00,15,2,16,25,34,22,4
16-07-2024,14:00:00,13,2,14,25,44,31,5
16-07-2024,15:00:00,13,2,14,26,48,34,5
16-07-2024,16:00:00,12,3,17,25,37,25,5
16-07-2024,17:00:00,11,2,16,36,29,19,5
16-07-2024,18:00:00,11,2,16,37,23,14,6
16-07-2024,19:00:00,14,3,20,31,20,12,6
16-07-2024,20:00:00,12,3,18,36,25,16,6
16-07-2024,21:00:00,14,3,21,32,24,15,
16-07-2024,22:00:00,14,3,23,24,34,23,
16-07-2024,23:00:00,14,3,23,20,37,26,
17-07-2024,00:00:00,12,3,21,19,46,32,
17-07-2024,01:00:00,12,3,20,20,35,24,
17-07-2024,02:00:00,10,2,14,18,33,22,
17-07-2024,03:00:00,10,2,13,15,46,33,
17-07-2024,04:00:00,10,2,14,13,46,32,
17-07-2024,05:00:00,10,2,16,9,46,33,
17-07-2024,06:00:00,10,3,18,5,41,28,
17-07-2024,07:00:00,14,3,21,4,31,21,
17-07-2024,08:00:00,16,3,22,12,37,26,
17-07-2024,09:00:00,16,3,21,16,52,38,3
17-07-2024,10:00:00,13,2,13,28,52,37,3
17-07-2024,11:00:00,16,3,18,23,58,42,4
17-07-2024,12:00:00,13,2,15,29,43,30,4
17-07-2024,18:00:00,6,3,18,22,66,48,
17-07-2024,19:00:00,,3,20,16,48,34,
17-07-2024,20:00:00,2,4,25,13,37,25,
17-07-2024,21:00:00,,4,28,12,48,34,4
17-07-2024,22:00:00,24,4,26,8,36,25,5
17-07-2024,23:00:00,17,3,22,14,28,18,3
18-07-2024,00:00:00,18,3,22,11,22,14,3
18-07-2024,01:00:00,12,2,8,18,20,12,1
18-07-2024,02:00:00,11,0,,18,24,15,0
18-07-2024,03:00:00,12,0,,13,21,13,0
18-07-2024,04:00:00,10,0,0,14,21,13,0
18-07-2024,05:00:00,9,0,0,20,19,11,0
18-07-2024,06:00:00,10,0,0,16,18,10,0
18-07-2024,07:00:00,12,0,,13,18,10,0
18-07-2024,08:00:00,15,0,0,16,20,12,0
18-07-2024,09:00:00,16,1,6,17,21,12,1
18-07-2024,10:00:00,18,3,22,18,29,19,3
18-07-2024,11:00:00,17,3,19,21,28,18,4
18-07-2024,12:00:00,14,3,20,28,25,16,3
18-07-2024,13:00:00,12,3,17,27,20,12,3
18-07-2024,14:00:00,12,2,16,29,25,16,7
18-07-2024,15:00:00,12,2,16,34,8,2,4
18-07-2024,16:00:00,11,1,6,33,8,2,4
18-07-2024,17:00:00,12,0,0,27,10,4,3
18-07-2024,18:00:00,14,3,23,30,14,7,3
18-07-2024,19:00:00,16,4,29,23,16,9,3
18-07-2024,20:00:00,14,4,27,24,18,10,3
18-07-2024,21:00:00,22,5,33,11,22,13,4
18-07-2024,22:00:00,19,4,32,12,22,14,3
18-07-2024,23:00:00,18,5,33,8,26,16,3
19-07-2024,00:00:00,14,4,26,10,28,18,2
19-07-2024,01:00:00,14,3,22,6,30,20,2
19-07-2024,02:00:00,10,3,17,13,31,21,2
19-07-2024,03:00:00,8,2,16,14,25,16,2
19-07-2024,04:00:00,8,2,15,16,21,13,2
19-07-2024,05:00:00,8,2,14,20,22,14,2
19-07-2024,06:00:00,6,2,15,25,22,13,3
19-07-2024,07:00:00,9,4,26,12,22,14,2
19-07-2024,08:00:00,9,3,25,25,23,14,2
19-07-2024,09:00:00,12,3,23,24,19,12,3
19-07-2024,10:00:00,16,3,21,27,12,10,3
19-07-2024,11:00:00,17,4,26,26,10,11,3
19-07-2024,12:00:00,12,3,20,34,14,17,4
19-07-2024,13:00:00,10,3,19,32,13,15,4
19-07-2024,14:00:00,9,3,18,33,9,13,4
19-07-2024,15:00:00,8,3,17,37,10,11,5
19-07-2024,16:00:00,7,2,16,35,10,10,6
19-07-2024,17:00:00,8,3,20,32,10,10,6
19-07-2024,18:00:00,12,3,21,29,14,9,6
19-07-2024,19:00:00,13,3,21,31,21,8,6
19-07-2024,20:00:00,21,4,31,15,30,10,6
19-07-2024,21:00:00,31,5,37,6,36,12,6
19-07-2024,22:00:00,26,4,30,4,43,14,5
19-07-2024,23:00:00,22,4,26,9,52,14,5
20-07-2024,00:00:00,18,4,26,8,47,12,5
20-07-2024,01:00:00,13,3,20,21,34,10,5
20-07-2024,02:00:00,10,3,18,24,28,9,6
20-07-2024,03:00:00,9,2,13,31,23,8,6
20-07-2024,04:00:00,9,2,14,21,16,8,6
20-07-2024,05:00:00,8,2,14,30,12,11,6
20-07-2024,06:00:00,8,2,15,29,9,14,5
20-07-2024,07:00:00,10,3,19,28,8,12,5
20-07-2024,08:00:00,12,3,18,26,14,10,3
20-07-2024,09:00:00,12,2,17,26,14,9,2
20-07-2024,10:00:00,12,2,17,29,18,6,3
20-07-2024,11:00:00,12,2,17,32,20,7,3
20-07-2024,12:00:00,14,2,18,29,23,8,3
20-07-2024,13:00:00,12,2,16,32,28,10,3
20-07-2024,14:00:00,13,2,19,25,28,15,4
20-07-2024,15:00:00,12,2,17,30,31,16,4
20-07-2024,16:00:00,12,2,18,33,32,15,4
20-07-2024,17:00:00,13,3,22,28,25,14,4
20-07-2024,18:00:00,12,3,23,27,27,11,4
20-07-2024,19:00:00,13,3,24,24,33,15,5
20-07-2024,20:00:00,14,3,27,25,35,17,5
20-07-2024,21:00:00,16,3,28,20,36,15,4
20-07-2024,22:00:00,18,4,31,12,41,16,4
20-07-2024,23:00:00,15,3,27,17,42,16,3
21-07-2024,00:00:00,10,2,19,24,37,15,3
21-07-2024,01:00:00,10,2,20,21,37,14,4
21-07-2024,02:00:00,9,2,16,23,38,13,3
21-07-2024,03:00:00,8,2,15,25,32,10,4
21-07-2024,04:00:00,8,2,14,26,30,11,4
21-07-2024,05:00:00,8,2,12,29,27,13,4
21-07-2024,06:00:00,8,2,17,22,28,15,3
21-07-2024,07:00:00,10,3,24,11,31,15,3
21-07-2024,08:00:00,12,3,22,17,28,12,2
21-07-2024,09:00:00,12,2,19,18,23,10,2
21-07-2024,10:00:00,12,2,17,22,25,9,2
21-07-2024,11:00:00,11,2,15,30,30,10,3
21-07-2024,12:00:00,10,2,15,32,28,11,3
21-07-2024,13:00:00,10,2,14,34,23,11,3
21-07-2024,14:00:00,10,2,15,33,20,11,3
21-07-2024,15:00:00,10,2,14,35,17,8,4
21-07-2024,16:00:00,10,2,15,34,15,7,4
21-07-2024,17:00:00,10,2,15,35,15,7,5
21-07-2024,18:00:00,11,2,15,31,18,8,5
21-07-2024,19:00:00,12,3,21,29,23,7,5
21-07-2024,20:00:00,16,3,25,15,26,8,5
21-07-2024,21:00:00,16,3,26,19,30,9,5
21-07-2024,22:00:00,14,3,25,19,38,9,4
21-07-2024,23:00:00,12,3,22,21,43,9,4
22-07-2024,00:00:00,12,3,21,20,40,12,4
22-07-2024,01:00:00,10,2,19,19,38,12,4
22-07-2024,02:00:00,9,2,14,26,40,10,4
22-07-2024,03:00:00,8,2,12,37,36,9,4
22-07-2024,04:00:00,8,2,15,26,34,12,4
22-07-2024,05:00:00,8,2,14,29,36,21,4
22-07-2024,06:00:00,10,2,18,24,34,23,4
22-07-2024,07:00:00,12,3,23,20,35,17,4
22-07-2024,08:00:00,14,3,27,19,39,13,2
22-07-2024,09:00:00,17,3,26,13,40,18,2
22-07-2024,10:00:00,20,3,20,21,40,22,2
22-07-2024,11:00:00,24,3,24,18,40,26,3
22-07-2024,12:00:00,16,3,21,26,39,27,3
22-07-2024,13:00:00,14,3,20,26,38,20,3
22-07-2024,14:00:00,12,2,18,28,37,15,3
22-07-2024,15:00:00,14,2,19,25,32,11,3
22-07-2024,16:00:00,11,2,16,27,26,14,3
22-07-2024,17:00:00,12,2,18,28,22,22,3
22-07-2024,18:00:00,14,3,22,17,24,31,4
22-07-2024,19:00:00,16,3,20,21,28,27,3
22-07-2024,20:00:00,28,3,29,4,32,20,3
22-07-2024,21:00:00,20,3,27,12,32,18,3
22-07-2024,22:00:00,17,3,25,10,36,16,2
22-07-2024,23:00:00,14,3,21,17,43,14,2
23-07-2024,00:00:00,12,3,21,13,41,12,2
23-07-2024,01:00:00,10,2,14,24,39,14,2
23-07-2024,02:00:00,8,2,12,24,37,15,2
23-07-2024,03:00:00,8,2,12,27,34,13,3
23-07-2024,04:00:00,8,2,12,30,36,11,2
23-07-2024,05:00:00,8,2,14,25,40,16,2
23-07-2024,06:00:00,9,2,16,25,38,16,2
23-07-2024,07:00:00,10,2,19,26,33,12,2
23-07-2024,08:00:00,12,3,21,25,31,14,2
23-07-2024,09:00:00,14,2,19,28,28,14,2
23-07-2024,10:00:00,20,3,22,20,27,11,3
23-07-2024,11:00:00,17,2,19,29,27,10,3
23-07-2024,12:00:00,14,2,18,24,26,11,3
23-07-2024,13:00:00,14,2,16,25,27,14,3
23-07-2024,14:00:00,14,2,18,24,25,14,3
23-07-2024,15:00:00,12,2,18,26,33,11,3
23-07-2024,16:00:00,12,2,20,25,41,9,2
23-07-2024,17:00:00,15,3,21,18,34,11,4
23-07-2024,18:00:00,18,2,20,19,32,14,5
23-07-2024,19:00:00,23,3,26,12,37,13,5
23-07-2024,20:00:00,30,4,33,6,45,15,5
23-07-2024,21:00:00,24,4,29,10,51,16,4
23-07-2024,22:00:00,18,3,22,20,45,12,4
23-07-2024,23:00:00,19,3,26,14,39,12,4
24-07-2024,00:00:00,15,2,18,20,36,12,3
24-07-2024,01:00:00,14,2,15,22,31,9,3
24-07-2024,02:00:00,13,2,12,24,29,8,3
24-07-2024,03:00:00,13,2,13,22,33,7,3
24-07-2024,04:00:00,12,2,13,22,38,6,3
24-07-2024,05:00:00,14,2,17,17,43,8,2
24-07-2024,06:00:00,18,2,18,16,43,9,2
24-07-2024,07:00:00,18,2,15,31,36,7,2
24-07-2024,08:00:00,22,3,23,20,31,6,2
24-07-2024,09:00:00,26,3,27,16,36,8,2
24-07-2024,10:00:00,30,3,25,15,36,10,2
24-07-2024,11:00:00,30,3,23,17,32,14,3
24-07-2024,12:00:00,28,3,20,16,33,17,3
24-07-2024,13:00:00,22,2,18,19,30,13,3
24-07-2024,14:00:00,22,2,17,20,32,10,3
24-07-2024,15:00:00,22,2,14,20,37,9,3
24-07-2024,16:00:00,21,2,16,16,34,13,3
24-07-2024,17:00:00,22,2,18,20,28,17,3
24-07-2024,18:00:00,21,2,17,24,31,16,3
24-07-2024,19:00:00,22,2,19,25,32,12,4
24-07-2024,20:00:00,36,4,31,9,27,10,3
24-07-2024,21:00:00,28,4,31,11,33,13,3
24-07-2024,22:00:00,23,3,22,17,34,12,2
24-07-2024,23:00:00,22,3,29,14,28,16,2
25-07-2024,00:00:00,20,2,20,22,26,18,2
25-07-2024,01:00:00,20,2,18,26,24,13,2
25-07-2024,02:00:00,21,2,19,25,21,10,3
25-07-2024,03:00:00,18,2,14,31,19,8,3
25-07-2024,04:00:00,18,2,16,28,17,5,3
25-07-2024,05:00:00,18,3,20,21,17,5,3
25-07-2024,06:00:00,19,3,22,18,20,8,2
25-07-2024,07:00:00,18,2,18,24,20,11,2
25-07-2024,08:00:00,22,3,24,25,17,10,1
25-07-2024,09:00:00,28,4,38,8,16,10,1
25-07-2024,10:00:00,39,4,35,7,15,11,1
25-07-2024,11:00:00,34,4,32,13,22,16,1
25-07-2024,12:00:00,30,4,33,14,25,18,1
25-07-2024,13:00:00,26,4,30,13,33,14,1
25-07-2024,14:00:00,24,3,26,16,44,11,1
25-07-2024,15:00:00,24,3,23,18,40,9,1
25-07-2024,16:00:00,25,3,24,18,31,9,1
25-07-2024,17:00:00,23,3,21,26,25,7,2
25-07-2024,18:00:00,22,3,21,28,22,6,2
25-07-2024,19:00:00,24,3,22,26,20,6,2
25-07-2024,20:00:00,25,3,29,20,19,6,2
25-07-2024,21:00:00,22,3,20,33,20,6,1
25-07-2024,22:00:00,20,2,17,40,22,7,2
25-07-2024,23:00:00,20,2,18,43,23,7,1
26-07-2024,00:00:00,19,2,16,46,23,6,2
26-07-2024,01:00:00,18,2,15,44,22,6,2
26-07-2024,02:00:00,18,2,13,39,23,5,3
26-07-2024,03:00:00,18,2,14,33,23,5,3
26-07-2024,04:00:00,16,2,11,35,23,5,3
26-07-2024,05:00:00,17,2,13,30,28,5,3
26-07-2024,06:00:00,12,2,15,29,32,5,3
26-07-2024,07:00:00,14,2,18,20,36,5,3
26-07-2024,08:00:00,14,2,14,21,36,5,2
26-07-2024,09:00:00,16,2,14,21,36,6,3
26-07-2024,10:00:00,19,2,14,24,35,7,3
26-07-2024,11:00:00,20,2,16,22,30,6,3
26-07-2024,12:00:00,17,2,15,23,40,6,3
26-07-2024,13:00:00,16,2,14,24,50,11,3
26-07-2024,14:00:00,16,2,14,23,47,14,3
26-07-2024,15:00:00,14,2,13,24,43,14,3
26-07-2024,16:00:00,16,2,13,20,47,20,4
26-07-2024,17:00:00,14,2,13,20,55,28,4
26-07-2024,18:00:00,15,2,15,18,52,27,4
26-07-2024,19:00:00,16,2,14,18,49,22,4
26-07-2024,20:00:00,16,2,16,22,54,18,13
26-07-2024,21:00:00,10,2,15,21,58,14,7
26-07-2024,22:00:00,10,1,5,18,60,19,4
26-07-2024,23:00:00,10,2,13,19,66,28,3
27-07-2024,00:00:00,10,2,12,19,64,25,3
27-07-2024,01:00:00,10,2,12,19,59,20,3
27-07-2024,02:00:00,10,1,10,20,55,16,3
27-07-2024,03:00:00,10,1,9,23,49,12,3
27-07-2024,04:00:00,10,1,9,24,44,13,3
27-07-2024,05:00:00,10,1,9,23,40,18,4
27-07-2024,06:00:00,13,1,10,20,45,22,4
27-07-2024,07:00:00,14,2,12,20,45,19,3
27-07-2024,08:00:00,16,2,16,17,41,14,3
27-07-2024,09:00:00,15,2,12,19,45,14,3
27-07-2024,10:00:00,17,2,12,20,42,16,3
27-07-2024,11:00:00,20,2,15,20,38,18,3
27-07-2024,12:00:00,18,2,12,21,41,22,3
27-07-2024,13:00:00,19,2,13,19,41,21,3
27-07-2024,14:00:00,18,2,12,22,37,15,3
27-07-2024,15:00:00,20,2,14,19,38,15,3
27-07-2024,16:00:00,18,2,14,19,39,21,4
27-07-2024,17:00:00,18,2,15,19,36,25,4
27-07-2024,18:00:00,19,2,16,19,40,23,4
27-07-2024,19:00:00,20,2,18,16,54,25,4
27-07-2024,20:00:00,22,2,19,16,62,25,4
27-07-2024,21:00:00,21,2,18,17,59,21,4
27-07-2024,22:00:00,21,2,20,15,68,17,4
27-07-2024,23:00:00,22,2,19,13,73,13,3
28-07-2024,00:00:00,18,2,14,18,67,11,3
28-07-2024,01:00:00,18,2,14,18,64,12,4
28-07-2024,02:00:00,17,2,13,19,64,13,3
28-07-2024,03:00:00,16,2,15,19,60,14,3
28-07-2024,04:00:00,16,2,13,19,60,14,3
28-07-2024,05:00:00,16,2,13,20,60,11,3
28-07-2024,06:00:00,16,2,14,21,61,12,3
28-07-2024,07:00:00,18,2,16,20,59,12,3
28-07-2024,08:00:00,20,3,21,14,66,12,2
28-07-2024,09:00:00,20,2,19,17,79,18,2
28-07-2024,10:00:00,20,2,17,19,74,27,2
28-07-2024,11:00:00,20,2,16,20,69,30,3
28-07-2024,12:00:00,22,2,16,19,74,24,3
28-07-2024,13:00:00,20,2,14,22,62,28,3
28-07-2024,14:00:00,20,2,15,24,47,32,3
28-07-2024,15:00:00,20,2,16,23,41,27,3
28-07-2024,16:00:00,20,2,15,21,45,24,3
28-07-2024,17:00:00,23,2,20,18,60,20,4
28-07-2024,18:00:00,22,2,20,17,65,15,3
28-07-2024,19:00:00,26,3,26,11,61,14,4
28-07-2024,20:00:00,28,4,33,8,56,13,4
28-07-2024,21:00:00,30,4,32,8,48,11,3
28-07-2024,22:00:00,25,3,26,15,45,13,3
28-07-2024,23:00:00,24,3,24,15,44,18,2
29-07-2024,00:00:00,21,3,21,16,46,16,2
29-07-2024,01:00:00,20,3,21,15,46,17,2
29-07-2024,02:00:00,20,2,17,17,42,17,2
29-07-2024,03:00:00,19,2,15,18,42,17,2
29-07-2024,04:00:00,18,2,14,17,48,20,2
29-07-2024,05:00:00,18,2,13,20,52,24,2
29-07-2024,06:00:00,16,2,15,20,49,25,2
29-07-2024,07:00:00,20,3,21,15,41,22,2
29-07-2024,08:00:00,23,3,25,13,38,24,2
29-07-2024,09:00:00,23,3,22,13,43,25,3
29-07-2024,10:00:00,28,3,22,13,48,26,3
29-07-2024,11:00:00,28,3,21,14,45,26,3
29-07-2024,12:00:00,22,2,19,17,40,24,3
29-07-2024,13:00:00,20,3,20,17,43,32,3
29-07-2024,14:00:00,20,2,17,18,43,35,3
29-07-2024,15:00:00,22,2,18,15,45,26,2
29-07-2024,16:00:00,21,3,21,14,44,19,0
29-07-2024,17:00:00,20,3,23,15,35,15,
29-07-2024,18:00:00,28,4,37,12,32,15,1
29-07-2024,19:00:00,28,,,11,33,15,0
29-07-2024,20:00:00,,,,7,36,12,
29-07-2024,21:00:00,,,,5,33,9,
29-07-2024,22:00:00,,,,,30,8,
29-07-2024,23:00:00,,,,,26,6,
30-07-2024,00:00:00,,,,,21,5,
30-07-2024,01:00:00,,,,,18,5,
30-07-2024,02:00:00,,,,,18,7,
30-07-2024,03:00:00,,,,,16,8,
30-07-2024,04:00:00,,,,,15,8,
30-07-2024,05:00:00,,,,,13,7,
30-07-2024,06:00:00,,,,,12,6,
30-07-2024,07:00:00,,,,,14,8,
30-07-2024,08:00:00,,,,,17,9,
30-07-2024,09:00:00,,,,,19,12,
30-07-2024,10:00:00,,,,,19,14,
30-07-2024,11:00:00,,,,,18,14,
30-07-2024,12:00:00,,,,,18,12,
30-07-2024,14:00:00,18,,,11,11,12,43
30-07-2024,15:00:00,20,,,13,9,12,5
30-07-2024,16:00:00,22,8,67,12,,,5
30-07-2024,17:00:00,22,3,22,13,20,23,4
30-07-2024,18:00:00,24,1,3,11,24,27,4
30-07-2024,19:00:00,26,1,3,10,28,24,3
30-07-2024,20:00:00,46,1,3,3,31,18,2
30-07-2024,21:00:00,38,1,3,3,37,17,1
30-07-2024,22:00:00,36,1,3,3,39,18,1
30-07-2024,23:00:00,36,1,3,3,37,24,1
31-07-2024,00:00:00,26,1,3,8,42,22,1
31-07-2024,01:00:00,24,,,8,38,23,1
31-07-2024,02:00:00,24,,,6,33,33,1
31-07-2024,03:00:00,25,,,2,38,55,0
31-07-2024,04:00:00,22,,,5,41,42,
31-07-2024,05:00:00,22,,,5,44,36,
31-07-2024,06:00:00,22,,,7,44,34,
31-07-2024,07:00:00,22,,,16,34,27,
31-07-2024,08:00:00,22,,,22,25,21,5
31-07-2024,09:00:00,26,,,15,18,15,6
31-07-2024,10:00:00,36,,,15,18,12,2
31-07-2024,11:00:00,44,,,10,33,12,3
31-07-2024,12:00:00,30,,,16,36,15,4
31-07-2024,13:00:00,27,,,17,25,16,4
31-07-2024,14:00:00,24,,,21,17,14,4
31-07-2024,15:00:00,25,,,20,17,19,5
31-07-2024,16:00:00,24,,,20,19,25,5
31-07-2024,17:00:00,25,,,20,19,20,6
31-07-2024,18:00:00,20,,,20,22,15,5
31-07-2024,19:00:00,22,,,18,27,12,5
31-07-2024,20:00:00,22,,,9,33,14,8
31-07-2024,21:00:00,20,,,6,32,13,3
31-07-2024,22:00:00,20,,,6,26,12,3
31-07-2024,23:00:00,20,6,48,4,31,16,4
01-08-2024,00:00:00,18,5,42,5,43,15,3
01-08-2024,01:00:00,13,4,35,6,39,12,2
01-08-2024,02:00:00,12,2,19,7,35,13,4
01-08-2024,03:00:00,11,2,17,11,35,13,4
01-08-2024,04:00:00,10,2,18,4,37,12,2
01-08-2024,05:00:00,10,2,12,8,35,10,3
01-08-2024,06:00:00,18,2,13,7,31,8,4
01-08-2024,07:00:00,19,1,6,9,34,7,1
01-08-2024,08:00:00,22,3,27,5,30,14,2
01-08-2024,09:00:00,23,3,28,10,29,22,5
01-08-2024,10:00:00,26,1,9,15,32,19,4
01-08-2024,11:00:00,24,1,6,17,25,14,4
01-08-2024,12:00:00,20,4,29,19,18,14,6
01-08-2024,13:00:00,20,4,31,20,15,17,6
01-08-2024,14:00:00,18,3,29,20,20,19,7
01-08-2024,15:00:00,18,3,28,22,21,22,7
01-08-2024,16:00:00,18,3,27,21,21,22,8
01-08-2024,17:00:00,18,4,32,21,25,18,7
01-08-2024,18:00:00,20,3,26,20,30,20,7
01-08-2024,19:00:00,22,4,30,18,31,20,7
01-08-2024,20:00:00,34,6,49,7,32,17,7
01-08-2024,21:00:00,32,6,50,5,36,14,7
01-08-2024,22:00:00,28,4,37,7,40,14,6
01-08-2024,23:00:00,25,4,32,11,46,15,7
02-08-2024,00:00:00,24,4,25,9,44,13,6
02-08-2024,01:00:00,21,3,17,13,34,12,6
02-08-2024,02:00:00,20,2,16,13,27,9,6
02-08-2024,03:00:00,20,3,18,11,21,8,6
02-08-2024,04:00:00,18,2,11,18,17,7,6
02-08-2024,05:00:00,18,2,12,17,26,6,6
02-08-2024,06:00:00,16,3,17,14,33,6,6
02-08-2024,07:00:00,16,3,16,20,27,7,6
02-08-2024,08:00:00,18,4,23,13,25,8,3
02-08-2024,09:00:00,24,4,27,10,26,7,2
02-08-2024,10:00:00,24,3,22,15,21,9,2
02-08-2024,11:00:00,21,3,21,17,16,17,3
02-08-2024,12:00:00,22,3,20,16,18,20,4
02-08-2024,13:00:00,20,3,21,17,19,16,4
02-08-2024,14:00:00,20,3,21,15,16,12,3
02-08-2024,15:00:00,23,4,23,14,15,9,4
02-08-2024,16:00:00,21,4,22,14,13,7,4
02-08-2024,17:00:00,20,3,20,15,12,8,4
02-08-2024,18:00:00,23,3,21,15,14,11,4
02-08-2024,19:00:00,26,4,23,13,13,14,4
02-08-2024,20:00:00,30,5,30,8,16,13,4
02-08-2024,21:00:00,26,4,25,11,20,10,4
02-08-2024,22:00:00,22,3,18,15,22,11,4
02-08-2024,23:00:00,22,3,17,16,20,13,4
03-08-2024,00:00:00,20,3,21,13,25,16,3
03-08-2024,01:00:00,19,2,14,15,30,16,4
03-08-2024,02:00:00,20,3,16,11,25,12,4
03-08-2024,03:00:00,18,2,12,17,25,9,4
03-08-2024,04:00:00,17,2,11,17,30,8,4
03-08-2024,05:00:00,18,2,10,17,36,8,3
03-08-2024,06:00:00,16,2,14,17,35,10,3
03-08-2024,07:00:00,18,4,23,13,31,11,3
03-08-2024,08:00:00,20,4,25,11,31,14,3
03-08-2024,09:00:00,22,3,22,13,32,15,3
03-08-2024,10:00:00,20,3,19,17,26,12,3
03-08-2024,11:00:00,21,3,17,18,23,13,4
03-08-2024,12:00:00,20,3,20,16,29,14,4
03-08-2024,13:00:00,20,3,17,18,32,12,4
03-08-2024,14:00:00,20,3,16,18,25,13,4
03-08-2024,15:00:00,18,3,17,20,21,13,4
03-08-2024,16:00:00,22,3,22,19,27,12,5
03-08-2024,17:00:00,21,3,21,16,32,14,5
03-08-2024,18:00:00,22,4,22,14,32,17,5
03-08-2024,19:00:00,24,4,27,11,34,16,5
03-08-2024,20:00:00,30,5,33,7,36,13,5
03-08-2024,21:00:00,25,5,30,9,38,15,4
03-08-2024,22:00:00,24,4,25,11,38,17,4
03-08-2024,23:00:00,24,5,29,7,44,14,4
04-08-2024,00:00:00,20,3,20,11,45,13,3
04-08-2024,01:00:00,18,2,12,17,43,14,4
04-08-2024,02:00:00,17,2,13,16,41,12,4
04-08-2024,03:00:00,16,2,11,18,32,9,4
04-08-2024,04:00:00,16,2,15,10,28,8,4
04-08-2024,12:00:00,20,3,19,15,22,7,3
04-08-2024,13:00:00,20,3,22,14,19,9,3
04-08-2024,16:00:00,20,1,8,20,,,47
04-08-2024,17:00:00,11,3,19,18,8,9,11
04-08-2024,18:00:00,19,3,19,16,10,9,0
04-08-2024,19:00:00,18,4,23,13,16,6,
04-08-2024,20:00:00,18,3,20,16,21,5,
04-08-2024,21:00:00,16,3,19,19,19,4,
04-08-2024,22:00:00,14,2,16,22,22,3,
04-08-2024,23:00:00,17,4,23,15,25,5,
05-08-2024,00:00:00,15,3,20,16,32,9,
05-08-2024,01:00:00,12,2,12,21,34,12,
05-08-2024,02:00:00,12,2,12,20,33,15,
05-08-2024,03:00:00,12,2,12,20,31,16,
05-08-2024,04:00:00,11,2,10,22,31,16,
05-08-2024,05:00:00,11,2,11,21,39,16,
05-08-2024,06:00:00,14,2,12,21,40,22,
05-08-2024,07:00:00,16,3,17,17,40,27,
05-08-2024,08:00:00,19,3,20,15,45,21,0
05-08-2024,09:00:00,20,3,18,18,44,20,2
05-08-2024,10:00:00,22,3,18,19,38,21,4
05-08-2024,11:00:00,22,3,17,22,38,25,4
05-08-2024,12:00:00,20,3,18,21,40,25,4
05-08-2024,13:00:00,20,3,17,23,39,19,5
05-08-2024,14:00:00,18,3,16,22,36,15,5
05-08-2024,15:00:00,18,2,15,21,33,12,5
05-08-2024,16:00:00,20,3,20,17,32,11,5
05-08-2024,17:00:00,24,4,26,12,33,18,6
05-08-2024,18:00:00,22,4,22,13,37,22,6
05-08-2024,19:00:00,25,4,23,10,38,17,5
05-08-2024,20:00:00,26,4,24,10,37,16,5
05-08-2024,21:00:00,32,5,28,4,38,15,5
05-08-2024,22:00:00,25,4,26,7,42,12,5
05-08-2024,23:00:00,29,5,28,4,43,11,5
06-08-2024,00:00:00,24,4,27,5,39,11,5
06-08-2024,01:00:00,20,2,12,8,32,9,4
06-08-2024,02:00:00,20,2,15,6,30,8,4
06-08-2024,03:00:00,17,1,6,13,29,7,4
06-08-2024,04:00:00,16,1,8,14,26,7,4
06-08-2024,05:00:00,16,2,11,11,27,10,4
06-08-2024,06:00:00,17,3,18,10,27,11,3
06-08-2024,07:00:00,18,3,22,10,27,12,3
06-08-2024,08:00:00,22,4,23,9,30,12,3
06-08-2024,09:00:00,21,3,19,13,29,13,3
06-08-2024,10:00:00,24,3,18,16,26,15,4
06-08-2024,11:00:00,23,3,18,18,27,21,4
06-08-2024,12:00:00,20,3,17,19,28,23,4
06-08-2024,13:00:00,18,2,15,22,27,19,5
06-08-2024,14:00:00,18,2,15,22,27,18,5
06-08-2024,15:00:00,20,2,16,22,29,16,5
06-08-2024,16:00:00,19,2,16,23,27,15,6
06-08-2024,18:00:00,18,3,17,20,26,14,6
06-08-2024,19:00:00,23,4,23,15,29,17,7
06-08-2024,20:00:00,26,4,26,11,33,17,7
06-08-2024,21:00:00,28,5,29,6,46,14,6
06-08-2024,22:00:00,24,4,24,7,53,17,6
06-08-2024,23:00:00,25,4,25,6,46,21,6
07-08-2024,00:00:00,20,3,17,9,41,17,5
07-08-2024,01:00:00,20,3,18,6,42,12,6
07-08-2024,02:00:00,18,2,11,10,39,15,5
07-08-2024,03:00:00,16,1,9,13,35,16,5
07-08-2024,04:00:00,16,2,13,9,35,12,5
07-08-2024,05:00:00,17,2,15,7,36,13,5
07-08-2024,06:00:00,18,2,16,8,40,14,4
07-08-2024,07:00:00,20,3,21,6,41,15,4
07-08-2024,08:00:00,22,4,22,8,35,15,4
07-08-2024,09:00:00,24,4,25,7,28,15,3
07-08-2024,10:00:00,28,4,23,10,27,14,4
07-08-2024,11:00:00,27,3,18,14,30,20,4
07-08-2024,12:00:00,24,2,12,30,,,
07-08-2024,13:00:00,22,,,,,14,
07-08-2024,14:00:00,,0,1,11,,22,3
07-08-2024,15:00:00,,0,0,21,,,5
07-08-2024,16:00:00,10,0,1,16,19,13,2
07-08-2024,17:00:00,11,1,6,19,22,10,3
07-08-2024,18:00:00,13,1,6,18,17,12,3
07-08-2024,19:00:00,14,1,6,17,17,16,5
07-08-2024,20:00:00,16,1,6,13,20,12,7
07-08-2024,21:00:00,16,1,6,13,25,17,8
07-08-2024,22:00:00,16,1,6,10,34,21,8
07-08-2024,23:00:00,14,1,6,10,38,15,8
08-08-2024,00:00:00,14,1,6,6,43,13,8
08-08-2024,01:00:00,12,1,6,8,49,12,7
08-08-2024,02:00:00,10,1,6,9,44,11,7
08-08-2024,03:00:00,9,1,6,13,40,10,7
08-08-2024,04:00:00,10,1,6,10,39,12,7
08-08-2024,05:00:00,9,1,6,11,33,16,6
08-08-2024,06:00:00,9,1,6,16,26,12,7
08-08-2024,07:00:00,12,1,7,3,25,15,7
08-08-2024,08:00:00,12,1,6,5,24,22,6
08-08-2024,09:00:00,16,1,6,8,24,21,4
08-08-2024,10:00:00,17,,,14,25,16,4
08-08-2024,11:00:00,14,,,19,27,14,5
08-08-2024,12:00:00,12,,,20,28,15,5
08-08-2024,13:00:00,12,,,22,28,22,6
08-08-2024,14:00:00,12,2,9,24,28,25,6
08-08-2024,15:00:00,12,5,23,21,32,20,6
08-08-2024,16:00:00,14,5,24,19,34,22,7
08-08-2024,17:00:00,12,4,22,22,41,29,5
08-08-2024,18:00:00,16,5,27,16,39,29,5
08-08-2024,19:00:00,22,8,39,7,39,24,5
08-08-2024,20:00:00,27,7,34,5,44,23,5
08-08-2024,21:00:00,28,7,33,1,48,24,4
08-08-2024,22:00:00,18,6,31,7,51,26,4
08-08-2024,23:00:00,17,6,31,5,48,20,4
09-08-2024,00:00:00,18,5,26,2,43,17,4
09-08-2024,01:00:00,15,5,25,3,41,14,3
09-08-2024,02:00:00,15,4,22,2,42,12,3
09-08-2024,03:00:00,14,4,22,,42,19,3
09-08-2024,04:00:00,14,4,19,0,46,28,2
09-08-2024,05:00:00,12,4,21,1,42,20,2
09-08-2024,06:00:00,14,1,4,0,40,19,2
09-08-2024,07:00:00,16,5,27,2,45,24,1
09-08-2024,08:00:00,20,6,32,2,44,25,1
09-08-2024,09:00:00,19,5,30,5,38,18,2
09-08-2024,10:00:00,22,2,29,11,29,14,3
09-08-2024,11:00:00,21,1,15,14,24,12,2
09-08-2024,12:00:00,17,1,4,17,22,14,3
09-08-2024,13:00:00,16,1,17,20,19,21,3
09-08-2024,14:00:00,14,2,18,23,17,22,3
09-08-2024,15:00:00,13,1,7,23,17,18,4
09-08-2024,16:00:00,13,1,4,21,19,14,4
09-08-2024,17:00:00,14,1,7,20,21,11,4
09-08-2024,18:00:00,14,2,25,17,26,9,5
09-08-2024,19:00:00,24,3,38,7,33,13,5
09-08-2024,20:00:00,24,3,37,4,37,17,5
09-08-2024,21:00:00,34,3,37,1,30,17,4
09-08-2024,22:00:00,28,3,37,0,36,18,4
09-08-2024,23:00:00,26,3,34,0,43,25,4
10-08-2024,00:00:00,18,1,5,3,45,31,4
10-08-2024,01:00:00,16,2,25,5,46,24,4
10-08-2024,02:00:00,14,2,23,7,48,20,5
10-08-2024,03:00:00,12,2,19,11,46,19,5
10-08-2024,04:00:00,12,2,21,4,37,22,4
10-08-2024,05:00:00,11,2,20,2,34,24,3
10-08-2024,06:00:00,12,2,25,1,33,18,2
10-08-2024,07:00:00,16,2,24,0,32,15,1
10-08-2024,08:00:00,16,1,14,3,36,13,1
10-08-2024,09:00:00,15,1,4,9,36,14,1
10-08-2024,10:00:00,16,1,9,12,29,20,1
10-08-2024,11:00:00,17,2,24,14,25,21,2
10-08-2024,12:00:00,14,2,19,19,18,15,3
10-08-2024,13:00:00,14,2,21,18,13,14,3
10-08-2024,14:00:00,14,2,20,20,16,14,3
10-08-2024,15:00:00,14,2,20,21,21,10,4
10-08-2024,16:00:00,14,2,21,20,15,8,4
10-08-2024,17:00:00,12,2,20,21,13,7,5
10-08-2024,18:00:00,11,2,23,19,17,6,5
10-08-2024,19:00:00,13,2,24,16,22,6,5
10-08-2024,20:00:00,12,2,26,13,30,10,5
10-08-2024,21:00:00,14,2,29,9,35,12,6
10-08-2024,22:00:00,14,2,29,10,37,17,5
10-08-2024,23:00:00,11,1,6,10,39,18,5
11-08-2024,00:00:00,14,2,28,4,40,17,4
11-08-2024,01:00:00,12,1,8,3,42,23,4
11-08-2024,02:00:00,10,2,22,7,41,25,4
11-08-2024,03:00:00,12,1,6,7,38,22,4
11-08-2024,04:00:00,10,2,21,8,37,21,4
11-08-2024,05:00:00,6,2,18,13,40,26,5
11-08-2024,06:00:00,12,2,20,5,35,25,5
11-08-2024,07:00:00,18,2,23,0,25,24,4
11-08-2024,08:00:00,19,2,26,3,31,27,3
11-08-2024,09:00:00,13,2,19,14,39,23,2
11-08-2024,10:00:00,13,2,17,19,27,18,3
11-08-2024,11:00:00,14,1,17,23,19,17,4
11-08-2024,12:00:00,12,1,16,23,17,19,4
11-08-2024,13:00:00,12,1,5,19,19,23,4
11-08-2024,14:00:00,14,1,4,19,22,25,4
11-08-2024,15:00:00,13,1,4,18,26,22,4
11-08-2024,16:00:00,12,1,5,18,25,19,5
11-08-2024,17:00:00,14,1,17,19,20,14,5
11-08-2024,18:00:00,10,1,15,21,17,11,5
11-08-2024,19:00:00,12,2,20,19,20,11,6
11-08-2024,20:00:00,13,2,24,14,30,14,5
11-08-2024,21:00:00,12,2,21,12,34,12,5
11-08-2024,22:00:00,16,2,27,5,36,16,5
11-08-2024,23:00:00,18,2,29,3,40,19,5
12-08-2024,00:00:00,20,2,31,1,42,14,5
12-08-2024,01:00:00,15,2,27,1,44,16,4
12-08-2024,02:00:00,14,2,19,1,37,22,4
12-08-2024,03:00:00,12,2,19,0,36,20,3
12-08-2024,04:00:00,10,1,16,0,40,15,3
12-08-2024,05:00:00,11,1,16,,37,12,3
12-08-2024,06:00:00,10,1,15,,33,14,2
12-08-2024,07:00:00,14,1,16,,36,14,2
12-08-2024,08:00:00,18,2,19,2,49,11,2
12-08-2024,09:00:00,18,2,26,8,51,10,1
12-08-2024,10:00:00,19,1,13,11,40,14,2
12-08-2024,11:00:00,16,1,4,14,30,19,2
12-08-2024,12:00:00,14,1,4,18,22,21,3
12-08-2024,13:00:00,12,1,12,23,18,21,3
12-08-2024,14:00:00,12,1,4,25,18,24,3
12-08-2024,15:00:00,12,1,4,24,22,18,4
12-08-2024,16:00:00,12,1,4,21,23,14,4
12-08-2024,17:00:00,12,1,4,23,22,14,5
12-08-2024,18:00:00,11,1,4,23,22,17,5
12-08-2024,19:00:00,14,1,4,17,24,13,5
12-08-2024,20:00:00,18,1,4,11,26,15,5
12-08-2024,21:00:00,18,1,4,9,34,19,5
12-08-2024,22:00:00,14,1,4,12,43,18,6
12-08-2024,23:00:00,14,1,4,9,44,20,5
13-08-2024,00:00:00,11,1,4,10,42,19,5
13-08-2024,01:00:00,10,1,4,11,41,21,5
13-08-2024,02:00:00,10,1,11,6,40,20,5
13-08-2024,03:00:00,10,2,21,4,42,21,4
13-08-2024,04:00:00,9,2,20,5,46,18,4
13-08-2024,05:00:00,10,2,19,0,43,14,3
13-08-2024,06:00:00,15,1,16,,34,11,3
13-08-2024,07:00:00,16,1,16,,33,13,3
13-08-2024,08:00:00,21,2,19,1,43,17,3
13-08-2024,09:00:00,14,2,23,8,47,17,2
13-08-2024,10:00:00,17,2,20,18,43,19,3
13-08-2024,11:00:00,17,2,23,19,43,23,3
13-08-2024,12:00:00,13,2,20,21,39,18,4
13-08-2024,13:00:00,12,2,20,25,37,19,4
13-08-2024,14:00:00,12,2,19,25,37,23,4
13-08-2024,15:00:00,12,2,19,29,35,20,4
13-08-2024,16:00:00,14,2,23,31,36,19,5
13-08-2024,17:00:00,12,2,22,29,39,27,6
13-08-2024,18:00:00,16,2,24,35,42,27,7
13-08-2024,19:00:00,19,2,30,28,45,22,7
13-08-2024,20:00:00,22,2,32,17,53,19,7
13-08-2024,21:00:00,24,3,34,15,62,26,7
13-08-2024,22:00:00,25,3,35,10,64,35,7
13-08-2024,23:00:00,21,3,33,9,67,31,7
14-08-2024,00:00:00,16,2,28,12,67,30,7
14-08-2024,01:00:00,16,2,24,10,59,33,7
14-08-2024,02:00:00,14,2,24,7,57,31,7
14-08-2024,03:00:00,13,2,22,4,55,31,6
14-08-2024,04:00:00,11,2,18,7,53,26,6
14-08-2024,05:00:00,10,2,20,7,47,24,6
14-08-2024,06:00:00,13,2,23,0,42,20,5
14-08-2024,07:00:00,18,2,20,,42,21,5
14-08-2024,08:00:00,22,2,26,2,48,24,4
14-08-2024,09:00:00,18,2,25,9,52,21,2
14-08-2024,10:00:00,18,2,23,18,50,24,3
14-08-2024,11:00:00,21,2,27,25,48,39,4
14-08-2024,12:00:00,18,2,30,45,49,40,4
14-08-2024,13:00:00,17,2,29,55,56,33,5
14-08-2024,14:00:00,16,2,25,55,58,33,5
14-08-2024,15:00:00,15,2,22,58,55,33,6
14-08-2024,16:00:00,15,2,23,64,57,33,7
14-08-2024,17:00:00,16,2,24,62,59,33,8
14-08-2024,18:00:00,12,2,27,62,62,33,8
14-08-2024,19:00:00,14,3,34,61,61,33,9
14-08-2024,20:00:00,17,3,39,60,62,33,9
14-08-2024,21:00:00,19,3,43,46,69,33,10
14-08-2024,22:00:00,18,3,46,17,76,33,9
14-08-2024,23:00:00,18,3,39,14,76,33,9
15-08-2024,00:00:00,16,3,42,7,76,33,9
15-08-2024,01:00:00,14,3,38,5,69,33,8
15-08-2024,02:00:00,11,2,32,6,66,33,8
15-08-2024,03:00:00,10,2,29,3,71,33,7
15-08-2024,04:00:00,10,2,26,3,64,33,7
15-08-2024,05:00:00,10,2,23,1,59,33,6
15-08-2024,06:00:00,12,2,19,4,46,33,3
15-08-2024,07:00:00,16,2,21,,49,,
15-08-2024,08:00:00,22,2,25,2,74,,0
15-08-2024,09:00:00,7,2,22,15,78,,2
15-08-2024,10:00:00,6,2,22,24,61,,3
15-08-2024,11:00:00,6,2,23,36,57,,4
15-08-2024,12:00:00,6,2,20,48,52,,4
15-08-2024,13:00:00,6,2,21,55,51,,5
15-08-2024,14:00:00,5,2,22,39,49,,4
15-08-2024,15:00:00,4,2,19,47,44,,5
15-08-2024,16:00:00,4,2,18,54,49,,6
15-08-2024,17:00:00,4,2,19,56,49,,6
15-08-2024,18:00:00,14,2,23,81,54,,7
15-08-2024,19:00:00,16,2,28,64,60,,8
15-08-2024,20:00:00,16,2,31,40,67,,8
15-08-2024,21:00:00,16,2,31,31,70,34,8
15-08-2024,22:00:00,16,2,29,23,64,32,7
15-08-2024,23:00:00,16,2,31,16,62,31,7
16-08-2024,00:00:00,16,3,33,9,62,31,6
16-08-2024,01:00:00,14,2,27,8,67,33,6
16-08-2024,02:00:00,12,2,23,7,71,34,5
16-08-2024,03:00:00,15,2,30,1,66,32,4
16-08-2024,04:00:00,12,2,24,2,60,30,4
16-08-2024,05:00:00,12,2,21,3,57,29,4
16-08-2024,06:00:00,10,2,21,1,57,29,3
16-08-2024,07:00:00,16,2,18,0,56,29,2
16-08-2024,08:00:00,18,2,24,1,67,33,2
16-08-2024,09:00:00,14,2,24,8,72,34,2
16-08-2024,10:00:00,14,2,24,14,48,26,2
16-08-2024,11:00:00,17,2,25,18,33,21,2
16-08-2024,12:00:00,14,2,22,29,37,22,3
16-08-2024,13:00:00,16,2,25,41,36,22,3
16-08-2024,14:00:00,14,2,23,47,43,24,3
16-08-2024,15:00:00,12,2,21,43,,9,4
16-08-2024,16:00:00,12,2,21,37,116,52,3
16-08-2024,17:00:00,14,2,22,43,94,42,4
16-08-2024,18:00:00,16,2,24,39,72,34,5
16-08-2024,19:00:00,16,2,29,28,68,33,6
16-08-2024,20:00:00,21,3,37,11,56,29,6
16-08-2024,21:00:00,20,3,34,9,56,29,5
16-08-2024,22:00:00,22,2,26,4,61,31,5
16-08-2024,23:00:00,22,1,4,2,56,29,4
17-08-2024,00:00:00,15,2,31,6,51,27,4
17-08-2024,01:00:00,12,1,4,10,52,27,4
17-08-2024,02:00:00,10,1,4,10,54,28,3
17-08-2024,03:00:00,11,2,21,6,42,24,3
17-08-2024,04:00:00,10,1,4,4,47,26,3
17-08-2024,05:00:00,12,1,4,2,42,24,2
17-08-2024,06:00:00,12,2,20,2,52,27,2
17-08-2024,07:00:00,20,2,18,0,42,24,1
17-08-2024,08:00:00,22,2,23,1,64,32,1
17-08-2024,09:00:00,16,2,22,9,57,29,2
17-08-2024,10:00:00,16,2,26,21,47,26,3
17-08-2024,11:00:00,15,1,4,30,54,28,4
17-08-2024,12:00:00,14,1,14,46,52,27,4
17-08-2024,14:00:00,14,2,27,61,57,29,6
17-08-2024,15:00:00,13,2,22,63,57,29,6
17-08-2024,16:00:00,14,1,12,48,54,28,6
19-08-2024,12:00:00,100,,,,37,22,
19-08-2024,13:00:00,46,3,34,86,22,17,1
19-08-2024,14:00:00,36,1,5,80,15,15,2
19-08-2024,15:00:00,31,1,4,74,11,13,1
19-08-2024,16:00:00,30,1,4,53,8,12,4
19-08-2024,17:00:00,30,,,36,,,5
19-08-2024,18:00:00,36,,,21,13,14,5
19-08-2024,19:00:00,36,,,14,36,22,5
19-08-2024,20:00:00,48,,,13,37,22,6
19-08-2024,21:00:00,42,,,11,39,23,7
19-08-2024,22:00:00,37,,,9,41,24,7
19-08-2024,23:00:00,22,,,21,31,20,6
20-08-2024,00:00:00,15,,,26,32,21,6
20-08-2024,01:00:00,16,,,22,31,20,5
20-08-2024,02:00:00,18,,,10,29,19,4
20-08-2024,03:00:00,24,,,8,21,17,3
20-08-2024,04:00:00,22,,,12,36,22,2
20-08-2024,05:00:00,20,,,8,39,23,2
20-08-2024,06:00:00,26,,,10,36,22,1
20-08-2024,07:00:00,24,,,10,33,21,2
20-08-2024,08:00:00,20,,,17,54,28,2
20-08-2024,09:00:00,18,2,24,25,49,27,3
20-08-2024,10:00:00,28,3,40,26,48,41,3
20-08-2024,11:00:00,38,1,4,38,36,34,3
20-08-2024,12:00:00,25,,,62,33,40,4
20-08-2024,13:00:00,24,,,92,33,34,5
20-08-2024,14:00:00,23,2,32,95,42,51,5
20-08-2024,15:00:00,24,3,42,59,31,36,3
20-08-2024,16:00:00,20,3,38,48,,,5
20-08-2024,17:00:00,14,2,27,45,,,5
20-08-2024,18:00:00,16,2,30,49,21,21,6
20-08-2024,19:00:00,22,3,43,31,22,19,6
20-08-2024,20:00:00,23,4,48,29,30,13,5
20-08-2024,21:00:00,32,4,48,20,30,24,5
20-08-2024,22:00:00,31,3,42,14,32,34,4
20-08-2024,23:00:00,48,3,43,12,34,25,4
21-08-2024,00:00:00,44,3,33,12,41,19,3
21-08-2024,01:00:00,57,3,34,8,47,23,4
21-08-2024,02:00:00,48,2,23,10,44,23,4
21-08-2024,03:00:00,41,2,27,9,53,30,4
21-08-2024,04:00:00,44,2,19,10,61,27,4
21-08-2024,05:00:00,46,2,19,9,60,21,4
21-08-2024,06:00:00,47,2,18,8,55,28,5
21-08-2024,07:00:00,50,1,4,10,66,35,6
21-08-2024,08:00:00,44,1,4,11,72,45,6
21-08-2024,09:00:00,32,2,19,20,82,45,3
21-08-2024,10:00:00,30,1,4,39,75,53,5
21-08-2024,11:00:00,30,1,4,42,49,40,5
21-08-2024,12:00:00,28,1,4,59,46,42,3
21-08-2024,13:00:00,24,1,4,71,49,31,2
21-08-2024,14:00:00,20,1,7,71,34,46,3
21-08-2024,15:00:00,20,2,27,66,34,46,3
21-08-2024,16:00:00,18,1,4,53,25,33,4
21-08-2024,17:00:00,19,2,29,46,,,5
21-08-2024,18:00:00,20,2,30,27,28,23,5
21-08-2024,19:00:00,47,4,54,14,48,39,5
21-08-2024,20:00:00,87,3,44,11,70,29,5
21-08-2024,21:00:00,71,3,45,11,80,38,6
21-08-2024,22:00:00,42,3,39,13,83,45,6
21-08-2024,23:00:00,32,1,10,12,71,41,5
22-08-2024,00:00:00,40,3,38,10,59,35,5
22-08-2024,01:00:00,30,1,6,9,63,28,4
22-08-2024,02:00:00,29,1,9,11,54,33,4
22-08-2024,03:00:00,26,2,22,9,58,28,2
22-08-2024,04:00:00,24,1,12,9,62,25,1
22-08-2024,05:00:00,24,2,24,8,58,33,0
22-08-2024,06:00:00,24,2,26,5,54,23,
22-08-2024,07:00:00,31,2,18,8,57,25,
22-08-2024,08:00:00,30,2,31,10,66,31,0
22-08-2024,09:00:00,28,2,19,17,109,43,4
22-08-2024,10:00:00,32,1,8,28,80,36,5
22-08-2024,11:00:00,22,1,4,44,44,45,6
22-08-2024,12:00:00,29,1,4,68,37,41,6
22-08-2024,13:00:00,28,1,4,99,44,33,7
22-08-2024,14:00:00,29,1,4,96,38,53,7
22-08-2024,15:00:00,18,1,4,68,41,38,8
22-08-2024,16:00:00,22,2,31,48,31,48,8
22-08-2024,17:00:00,26,3,46,25,35,36,8
22-08-2024,18:00:00,27,3,43,22,50,28,8
22-08-2024,19:00:00,42,4,57,15,55,27,8
22-08-2024,20:00:00,64,4,49,11,41,29,9
22-08-2024,21:00:00,52,3,40,7,53,40,9
22-08-2024,22:00:00,44,3,38,10,60,30,8
22-08-2024,23:00:00,37,3,34,8,57,22,7
23-08-2024,00:00:00,27,3,33,8,58,17,6
23-08-2024,01:00:00,21,2,27,11,53,16,6
23-08-2024,02:00:00,18,2,24,8,45,17,5
23-08-2024,03:00:00,16,2,21,9,36,22,5
23-08-2024,04:00:00,14,2,21,7,41,16,3
23-08-2024,05:00:00,12,2,20,9,34,13,2
23-08-2024,06:00:00,12,1,17,9,24,13,1
23-08-2024,07:00:00,23,1,15,7,29,20,1
23-08-2024,08:00:00,30,2,19,10,34,18,1
23-08-2024,09:00:00,20,2,27,12,48,25,4
23-08-2024,10:00:00,21,1,8,13,46,22,5
23-08-2024,11:00:00,16,1,4,23,32,28,5
23-08-2024,12:00:00,14,1,5,25,23,20,4
23-08-2024,13:00:00,15,1,10,25,16,15,3
23-08-2024,14:00:00,12,1,8,25,11,11,4
23-08-2024,15:00:00,12,2,17,23,8,9,4
23-08-2024,16:00:00,14,2,21,20,,,4
23-08-2024,17:00:00,16,2,27,15,15,19,4
23-08-2024,18:00:00,17,2,23,14,18,13,4
23-08-2024,19:00:00,30,3,24,9,20,10,4
23-08-2024,20:00:00,28,3,25,8,19,8,3
23-08-2024,21:00:00,29,1,7,10,14,6,3
23-08-2024,22:00:00,27,1,4,9,24,21,3
23-08-2024,23:00:00,14,1,4,14,24,20,2
24-08-2024,00:00:00,18,1,4,8,18,18,2
24-08-2024,01:00:00,14,1,4,9,21,14,2
24-08-2024,02:00:00,12,1,4,12,22,11,2
24-08-2024,03:00:00,14,1,4,8,22,10,1
24-08-2024,04:00:00,12,1,4,10,37,8,1
24-08-2024,05:00:00,10,1,4,10,26,8,0
24-08-2024,06:00:00,10,1,4,10,25,6,0
24-08-2024,07:00:00,14,1,4,8,22,6,0
24-08-2024,08:00:00,22,1,4,8,20,5,0
24-08-2024,09:00:00,20,1,4,14,31,4,3
24-08-2024,10:00:00,14,1,4,22,45,9,4
24-08-2024,11:00:00,16,1,4,19,32,9,5
24-08-2024,12:00:00,12,1,4,22,22,8,4
24-08-2024,13:00:00,12,1,4,19,15,7,4
24-08-2024,14:00:00,11,2,14,21,11,7,4
24-08-2024,15:00:00,12,2,15,21,8,7,4
24-08-2024,16:00:00,11,2,14,19,18,8,6
24-08-2024,17:00:00,12,2,16,20,13,8,5
24-08-2024,18:00:00,14,2,17,18,9,8,5
24-08-2024,19:00:00,16,2,19,15,6,8,6
24-08-2024,20:00:00,18,2,22,11,7,8,6
24-08-2024,21:00:00,16,1,7,16,11,8,5
24-08-2024,22:00:00,14,2,15,17,8,9,5
24-08-2024,23:00:00,14,1,13,18,14,11,5
25-08-2024,00:00:00,14,2,19,13,13,10,5
25-08-2024,01:00:00,12,1,12,20,10,9,4
25-08-2024,02:00:00,11,1,10,18,11,8,5
25-08-2024,03:00:00,10,1,11,16,13,7,5
25-08-2024,04:00:00,10,1,10,16,15,6,5
25-08-2024,05:00:00,10,1,10,16,12,5,5
25-08-2024,06:00:00,10,2,16,8,10,5,5
25-08-2024,07:00:00,10,2,20,12,18,4,4
25-08-2024,08:00:00,12,2,22,10,12,4,4
25-08-2024,09:00:00,12,2,18,14,14,4,4
25-08-2024,10:00:00,10,1,9,19,24,4,4
25-08-2024,11:00:00,10,1,10,19,17,4,4
25-08-2024,12:00:00,8,1,8,21,12,4,5
25-08-2024,13:00:00,8,1,11,22,9,4,5
25-08-2024,14:00:00,9,1,13,20,9,4,5
25-08-2024,15:00:00,8,1,12,24,13,4,6
25-08-2024,16:00:00,10,2,13,21,15,4,6
25-08-2024,17:00:00,9,1,13,21,11,4,7
25-08-2024,18:00:00,11,2,15,25,22,5,7
25-08-2024,19:00:00,14,2,19,20,16,5,7
25-08-2024,20:00:00,13,2,19,18,14,5,7
25-08-2024,21:00:00,12,2,15,23,16,5,7
25-08-2024,22:00:00,12,2,18,18,11,5,7
25-08-2024,23:00:00,12,2,15,21,13,5,7
26-08-2024,00:00:00,10,1,12,24,13,5,7
26-08-2024,01:00:00,10,1,11,25,15,5,7
26-08-2024,02:00:00,8,1,9,23,22,5,7
26-08-2024,03:00:00,8,1,8,25,21,5,7
26-08-2024,04:00:00,8,1,11,18,21,6,8
26-08-2024,05:00:00,8,1,13,13,30,7,7
26-08-2024,06:00:00,8,2,15,16,31,7,6
26-08-2024,07:00:00,8,2,17,18,27,6,6
26-08-2024,08:00:00,10,2,16,19,22,5,6
26-08-2024,09:00:00,10,2,15,17,27,11,3
26-08-2024,10:00:00,16,2,17,19,31,8,3
26-08-2024,11:00:00,16,2,15,26,31,13,3
26-08-2024,12:00:00,12,2,15,25,34,18,3
26-08-2024,13:00:00,10,2,14,26,37,14,4
26-08-2024,14:00:00,10,2,14,28,28,11,4
26-08-2024,15:00:00,10,2,14,26,31,20,4
26-08-2024,16:00:00,10,2,14,25,26,15,5
26-08-2024,17:00:00,9,2,14,25,23,12,5
26-08-2024,18:00:00,11,2,16,19,21,9,5
26-08-2024,19:00:00,20,2,22,13,19,6,5
26-08-2024,20:00:00,19,3,25,11,25,6,5
26-08-2024,21:00:00,18,3,24,12,24,5,5
26-08-2024,22:00:00,18,2,23,10,28,13,4
26-08-2024,23:00:00,12,2,18,14,32,11,4
27-08-2024,00:00:00,11,2,15,16,23,9,4
27-08-2024,01:00:00,10,1,10,17,17,10,4
27-08-2024,02:00:00,8,1,6,27,14,14,4
27-08-2024,03:00:00,8,1,9,22,11,10,4
27-08-2024,04:00:00,8,2,18,13,8,10,4
27-08-2024,05:00:00,8,1,10,18,12,9,3
27-08-2024,06:00:00,9,1,11,19,15,7,4
27-08-2024,07:00:00,12,2,18,14,15,6,3
27-08-2024,08:00:00,13,2,17,19,22,6,3
27-08-2024,09:00:00,13,1,6,20,20,6,3
27-08-2024,10:00:00,16,1,4,22,24,7,3
27-08-2024,11:00:00,25,1,4,15,23,7,4
27-08-2024,12:00:00,14,1,4,20,23,7,4
27-08-2024,13:00:00,12,1,4,22,19,9,4
27-08-2024,14:00:00,11,1,4,24,14,8,4
27-08-2024,15:00:00,13,1,4,19,24,11,4
27-08-2024,16:00:00,12,1,4,19,27,9,5
27-08-2024,17:00:00,14,1,4,18,20,10,5
27-08-2024,18:00:00,12,1,4,16,14,7,6
27-08-2024,19:00:00,20,1,4,12,13,6,6
27-08-2024,20:00:00,30,1,4,6,23,17,5
27-08-2024,21:00:00,24,1,4,7,18,14,5
27-08-2024,22:00:00,26,1,4,6,22,12,4
27-08-2024,23:00:00,15,1,4,10,25,9,3
28-08-2024,00:00:00,12,1,4,14,20,21,3
28-08-2024,01:00:00,14,1,8,8,18,15,3
28-08-2024,02:00:00,11,1,10,11,20,12,2
28-08-2024,03:00:00,8,1,4,18,16,9,3
28-08-2024,04:00:00,8,1,4,9,15,6,3
28-08-2024,05:00:00,7,1,5,12,20,5,2
28-08-2024,06:00:00,6,1,5,15,29,5,2
28-08-2024,07:00:00,10,2,18,9,20,4,2
28-08-2024,08:00:00,12,1,4,16,26,5,1
28-08-2024,09:00:00,10,1,4,23,24,7,2
28-08-2024,10:00:00,14,2,17,24,25,12,3
28-08-2024,11:00:00,20,2,19,22,29,16,3
28-08-2024,12:00:00,10,2,13,27,27,13,3
28-08-2024,13:00:00,10,1,12,28,35,10,4
28-08-2024,14:00:00,10,2,13,27,29,7,4
28-08-2024,15:00:00,14,2,14,23,38,16,5
28-08-2024,16:00:00,10,2,14,23,35,18,6
28-08-2024,17:00:00,10,2,15,22,31,24,6
28-08-2024,18:00:00,10,2,15,22,41,19,6
28-08-2024,19:00:00,13,2,20,19,41,24,7
28-08-2024,20:00:00,20,2,23,15,41,18,7
28-08-2024,21:00:00,16,2,23,12,51,21,7
28-08-2024,22:00:00,20,2,22,8,49,15,6
28-08-2024,23:00:00,20,2,23,8,36,15,5
29-08-2024,00:00:00,13,2,16,10,39,12,5
29-08-2024,01:00:00,14,1,11,6,48,19,4
29-08-2024,02:00:00,12,1,9,8,45,13,4
29-08-2024,03:00:00,10,1,11,10,34,25,4
29-08-2024,04:00:00,10,1,5,6,32,18,3
29-08-2024,05:00:00,10,1,4,8,37,15,2
29-08-2024,06:00:00,9,1,4,9,40,12,2
29-08-2024,07:00:00,14,1,4,6,42,19,2
29-08-2024,08:00:00,15,1,4,8,47,32,1
29-08-2024,09:00:00,12,1,4,19,47,25,3
29-08-2024,10:00:00,15,1,11,22,41,32,4
29-08-2024,11:00:00,16,2,15,23,38,24,5
29-08-2024,12:00:00,13,2,16,24,39,38,5
29-08-2024,13:00:00,10,1,12,26,42,28,6
29-08-2024,14:00:00,10,1,13,25,44,21,6
29-08-2024,15:00:00,10,2,13,25,42,16,6
29-08-2024,16:00:00,10,1,13,25,44,13,7
29-08-2024,17:00:00,12,2,14,21,38,10,8
29-08-2024,18:00:00,12,2,16,18,43,8,8
29-08-2024,19:00:00,22,2,22,10,37,6,9
29-08-2024,20:00:00,28,3,24,7,34,6,8
29-08-2024,21:00:00,22,2,23,8,52,22,8
29-08-2024,22:00:00,30,2,21,8,49,21,7
29-08-2024,23:00:00,34,2,20,6,55,59,7
30-08-2024,00:00:00,32,2,19,6,52,40,7
30-08-2024,01:00:00,20,1,6,6,58,48,7
30-08-2024,02:00:00,22,1,9,5,50,48,6
30-08-2024,03:00:00,18,1,7,5,49,34,6
30-08-2024,04:00:00,17,1,10,4,45,44,6
30-08-2024,05:00:00,15,1,10,6,49,34,6
30-08-2024,06:00:00,16,1,13,6,49,24,5
30-08-2024,07:00:00,21,1,10,4,56,19,5
30-08-2024,08:00:00,23,1,12,8,55,44,4
30-08-2024,09:00:00,22,1,8,10,66,32,3
30-08-2024,10:00:00,30,1,8,15,67,52,4
30-08-2024,11:00:00,23,1,5,22,59,41,5
30-08-2024,12:00:00,27,2,14,21,40,33,5
30-08-2024,13:00:00,14,1,5,26,49,25,5
30-08-2024,14:00:00,15,1,9,21,40,18,5
30-08-2024,15:00:00,14,1,4,21,34,25,6
30-08-2024,16:00:00,16,1,11,21,28,42,6
30-08-2024,17:00:00,16,2,16,20,35,30,6
30-08-2024,18:00:00,14,1,12,20,25,21,6
30-08-2024,19:00:00,18,2,20,16,25,15,6
30-08-2024,20:00:00,32,3,28,8,34,11,6
30-08-2024,21:00:00,30,3,26,8,43,22,6
30-08-2024,22:00:00,38,2,20,5,46,17,6
30-08-2024,23:00:00,45,2,15,6,40,29,6
31-08-2024,00:00:00,32,2,17,4,53,22,6
31-08-2024,01:00:00,28,2,15,5,54,23,6
31-08-2024,02:00:00,18,1,6,5,57,20,5
31-08-2024,03:00:00,14,1,4,7,47,15,5
31-08-2024,04:00:00,13,1,4,6,49,11,4
31-08-2024,05:00:00,14,1,4,4,39,9,3
31-08-2024,06:00:00,16,1,13,5,41,10,3
31-08-2024,07:00:00,14,1,5,6,44,7,3
31-08-2024,08:00:00,13,1,4,12,37,7,2
31-08-2024,09:00:00,13,1,4,17,41,17,3
31-08-2024,10:00:00,14,1,4,21,38,27,3
31-08-2024,11:00:00,14,1,5,21,34,21,4
31-08-2024,12:00:00,13,1,8,24,28,15,4
31-08-2024,13:00:00,15,2,14,25,25,16,5
31-08-2024,14:00:00,12,1,10,30,28,12,5
31-08-2024,15:00:00,12,1,11,26,22,13,5
31-08-2024,16:00:00,14,1,4,34,19,20,6
31-08-2024,17:00:00,14,1,4,34,34,29,6
31-08-2024,18:00:00,14,1,4,32,26,21,7
31-08-2024,19:00:00,16,1,4,24,39,18,8
31-08-2024,20:00:00,26,2,19,10,59,20,7
31-08-2024,21:00:00,19,1,4,15,59,25,7
31-08-2024,22:00:00,18,1,4,13,55,43,7
31-08-2024,23:00:00,14,1,4,14,60,39,7
01-09-2024,00:00:00,10,1,4,18,60,28,6
01-09-2024,01:00:00,8,1,4,20,56,34,7
01-09-2024,02:00:00,8,1,4,18,49,26,7
01-09-2024,03:00:00,11,1,4,8,54,21,6
01-09-2024,04:00:00,12,1,4,8,52,24,6
01-09-2024,05:00:00,11,1,4,7,48,25,6
01-09-2024,06:00:00,10,1,4,8,48,27,6
01-09-2024,07:00:00,11,1,4,10,55,24,5
01-09-2024,08:00:00,14,1,5,13,47,20,5
01-09-2024,09:00:00,10,1,4,17,45,18,3
01-09-2024,10:00:00,12,1,4,17,37,22,3
01-09-2024,11:00:00,10,1,4,22,42,17,3
01-09-2024,12:00:00,9,1,4,30,34,20,4
01-09-2024,13:00:00,10,1,4,31,39,21,4
01-09-2024,14:00:00,12,1,4,28,43,30,4
01-09-2024,15:00:00,11,1,4,31,46,25,4
01-09-2024,16:00:00,10,1,4,28,52,18,5
01-09-2024,17:00:00,12,1,4,28,47,25,5
01-09-2024,18:00:00,10,1,4,24,43,18,5
01-09-2024,19:00:00,11,1,4,22,41,24,6
01-09-2024,20:00:00,14,1,4,16,42,19,5
01-09-2024,21:00:00,14,1,4,16,43,22,5
01-09-2024,22:00:00,13,1,4,16,41,18,5
01-09-2024,23:00:00,10,,,17,43,23,5
02-09-2024,00:00:00,10,,,19,43,19,4
02-09-2024,01:00:00,9,,,17,46,16,4
02-09-2024,02:00:00,6,,,19,49,12,4
02-09-2024,03:00:00,6,,,17,42,23,4
02-09-2024,04:00:00,6,,,15,36,32,4
02-09-2024,05:00:00,10,,,11,38,23,5
02-09-2024,06:00:00,11,,,11,40,24,4
02-09-2024,07:00:00,12,,,13,41,18,4
02-09-2024,08:00:00,14,,,14,43,13,5
02-09-2024,09:00:00,18,,,10,46,18,3
02-09-2024,10:00:00,28,,,12,41,19,3
02-09-2024,11:00:00,18,2,17,18,42,24,3
02-09-2024,12:00:00,16,2,16,19,34,18,4
02-09-2024,13:00:00,14,2,15,20,43,18,4
02-09-2024,14:00:00,16,2,17,17,44,24,3
02-09-2024,15:00:00,15,2,15,21,39,20,4
02-09-2024,16:00:00,15,2,15,21,35,23,4
02-09-2024,17:00:00,16,2,21,17,45,17,4
02-09-2024,18:00:00,19,3,24,15,36,16,3
02-09-2024,19:00:00,18,2,21,15,43,25,4
02-09-2024,20:00:00,26,3,23,16,31,19,4
02-09-2024,21:00:00,22,3,24,14,30,15,4
02-09-2024,22:00:00,18,2,20,15,29,15,3
02-09-2024,23:00:00,18,1,4,12,27,26,3
03-09-2024,00:00:00,13,1,4,18,32,19,3
03-09-2024,01:00:00,10,1,4,23,22,14,3
03-09-2024,02:00:00,9,1,4,21,33,11,4
03-09-2024,03:00:00,9,1,4,19,39,16,3
03-09-2024,04:00:00,8,1,4,19,32,23,3
03-09-2024,05:00:00,8,1,4,20,40,17,3
03-09-2024,06:00:00,8,1,4,21,46,14,3
03-09-2024,07:00:00,10,1,4,19,42,15,3
03-09-2024,08:00:00,14,1,4,18,29,12,3
03-09-2024,09:00:00,14,1,4,20,39,16,3
03-09-2024,10:00:00,15,,,24,30,20,3
03-09-2024,11:00:00,13,,,29,24,17,4
03-09-2024,12:00:00,13,2,14,28,24,16,4
03-09-2024,13:00:00,12,1,12,28,21,23,4
03-09-2024,14:00:00,12,1,13,27,32,17,5
03-09-2024,15:00:00,12,2,14,29,30,29,5
03-09-2024,16:00:00,11,1,12,27,36,36,5
03-09-2024,17:00:00,12,2,14,25,29,28,6
03-09-2024,18:00:00,13,2,16,22,25,31,6
03-09-2024,19:00:00,15,2,18,20,39,26,6
03-09-2024,20:00:00,18,2,22,17,33,29,6
03-09-2024,21:00:00,16,2,19,18,45,21,6
03-09-2024,22:00:00,15,2,17,18,47,22,6
03-09-2024,23:00:00,14,2,17,19,42,22,5
04-09-2024,00:00:00,11,2,14,22,36,16,5
04-09-2024,01:00:00,10,1,10,24,31,13,5
04-09-2024,02:00:00,9,1,10,23,28,11,5
04-09-2024,03:00:00,9,1,10,21,23,10,6
04-09-2024,04:00:00,9,1,11,19,22,24,5
04-09-2024,05:00:00,8,1,10,18,35,17,5
04-09-2024,06:00:00,9,2,14,16,38,16,5
04-09-2024,07:00:00,10,2,15,18,27,16,5
04-09-2024,08:00:00,13,2,17,20,35,16,4
04-09-2024,09:00:00,12,2,14,24,35,23,2
04-09-2024,10:00:00,14,2,14,27,34,28,3
04-09-2024,11:00:00,13,2,15,,,,
04-09-2024,12:00:00,,2,15,,,,
04-09-2024,13:00:00,11,2,14,29,69,,
04-09-2024,14:00:00,10,2,13,29,57,5,
04-09-2024,15:00:00,12,1,4,27,38,26,5
04-09-2024,16:00:00,10,0,2,27,66,39,5
04-09-2024,17:00:00,12,0,3,23,40,39,6
04-09-2024,18:00:00,14,2,13,21,44,45,8
04-09-2024,19:00:00,18,0,2,16,47,44,9
04-09-2024,20:00:00,24,0,2,6,63,38,8
04-09-2024,21:00:00,22,2,14,5,40,39,9
04-09-2024,22:00:00,20,2,20,4,48,42,10
04-09-2024,23:00:00,22,2,21,3,49,37,8
05-09-2024,00:00:00,14,0,2,7,34,33,8
05-09-2024,01:00:00,14,1,13,8,32,42,10
05-09-2024,02:00:00,12,1,12,13,47,37,9
05-09-2024,03:00:00,10,1,10,17,33,37,8
05-09-2024,04:00:00,10,1,8,12,23,33,9
05-09-2024,05:00:00,10,1,7,11,36,41,9
05-09-2024,06:00:00,10,0,2,11,25,35,7
05-09-2024,07:00:00,13,0,2,8,,,8
05-09-2024,08:00:00,16,2,14,8,,,8
05-09-2024,09:00:00,15,0,2,14,40,50,1
05-09-2024,10:00:00,15,,,18,27,42,2
05-09-2024,11:00:00,16,1,9,18,,,4
05-09-2024,12:00:00,14,0,2,22,25,38,4
05-09-2024,13:00:00,13,0,2,22,29,36,4
05-09-2024,14:00:00,14,1,8,22,31,50,4
05-09-2024,15:00:00,14,1,9,21,40,41,4
05-09-2024,16:00:00,14,1,10,19,49,43,4
05-09-2024,17:00:00,15,0,2,15,37,39,5
05-09-2024,18:00:00,18,1,12,12,40,48,4
05-09-2024,19:00:00,20,0,2,9,45,40,4
05-09-2024,20:00:00,18,1,12,12,45,35,4
05-09-2024,21:00:00,21,1,4,7,40,32,4
05-09-2024,22:00:00,21,2,20,5,67,49,3
05-09-2024,23:00:00,16,2,16,10,45,42,3
06-09-2024,00:00:00,16,2,17,7,56,36,3
06-09-2024,01:00:00,16,0,2,5,54,53,3
06-09-2024,02:00:00,14,0,2,5,59,44,2
06-09-2024,03:00:00,12,1,4,10,39,44,2
06-09-2024,04:00:00,12,1,12,8,48,38,2
06-09-2024,05:00:00,10,1,3,12,72,33,1
06-09-2024,06:00:00,11,1,6,12,44,31,1
06-09-2024,07:00:00,16,0,2,7,40,28,1
06-09-2024,08:00:00,17,0,2,9,63,37,1
06-09-2024,09:00:00,18,0,2,9,70,33,3
06-09-2024,10:00:00,18,1,12,14,46,39,4
06-09-2024,11:00:00,16,1,10,18,31,34,4
06-09-2024,12:00:00,14,0,2,20,,,4
06-09-2024,13:00:00,14,0,2,22,,,4
06-09-2024,14:00:00,14,1,9,20,,,5
06-09-2024,15:00:00,12,1,9,23,32,42,5
06-09-2024,17:00:00,14,0,3,20,,,5
06-09-2024,20:00:00,19,0,2,10,41,36,6
06-09-2024,21:00:00,18,0,2,11,51,31,5
06-09-2024,22:00:00,16,0,2,12,52,36,5
06-09-2024,23:00:00,16,0,2,12,57,39,5
07-09-2024,00:00:00,16,0,2,8,83,38,5
07-09-2024,01:00:00,16,,2,6,76,44,4
07-09-2024,02:00:00,13,,2,5,50,39,4
07-09-2024,03:00:00,12,,2,6,47,37,4
07-09-2024,04:00:00,12,,2,9,48,43,4
07-09-2024,05:00:00,10,,2,11,44,37,3
07-09-2024,06:00:00,12,,2,10,31,32,3
07-09-2024,07:00:00,14,,2,3,33,44,4
07-09-2024,08:00:00,15,,2,6,44,39,3
07-09-2024,09:00:00,14,,2,14,35,35,3
07-09-2024,10:00:00,12,,2,18,29,32,4
07-09-2024,11:00:00,12,,2,21,29,38,4
07-09-2024,12:00:00,12,,2,21,37,38,4
07-09-2024,13:00:00,12,,2,20,30,34,5
07-09-2024,14:00:00,12,,2,21,26,40,5
07-09-2024,15:00:00,12,,2,24,34,38,4
07-09-2024,16:00:00,12,,2,21,24,33,5
07-09-2024,17:00:00,12,,2,16,23,33,6
07-09-2024,18:00:00,12,,2,15,22,31,6
07-09-2024,19:00:00,14,,2,13,28,28,6
07-09-2024,20:00:00,16,,2,10,21,27,7
07-09-2024,21:00:00,20,,2,4,41,32,6
07-09-2024,22:00:00,20,,2,3,37,30,5
07-09-2024,23:00:00,22,,2,1,33,29,5
08-09-2024,00:00:00,22,,2,1,42,31,5
08-09-2024,01:00:00,19,0,2,2,44,29,4
08-09-2024,02:00:00,16,0,2,3,35,28,4
08-09-2024,03:00:00,15,0,2,2,41,31,4
08-09-2024,04:00:00,14,0,2,3,45,32,4
08-09-2024,05:00:00,14,0,2,0,32,30,3
08-09-2024,06:00:00,12,0,2,1,33,36,3
08-09-2024,07:00:00,14,0,2,0,37,34,3
08-09-2024,08:00:00,16,0,2,2,42,41,2
08-09-2024,09:00:00,10,0,2,12,47,44,3
08-09-2024,10:00:00,10,0,2,16,34,40,4
08-09-2024,11:00:00,8,0,2,18,,,4
08-09-2024,12:00:00,8,0,2,21,,,4
08-09-2024,13:00:00,8,1,3,20,,,5
08-09-2024,14:00:00,8,0,2,21,,,5
08-09-2024,15:00:00,8,0,2,18,27,37,4
08-09-2024,16:00:00,9,0,2,14,,,5
08-09-2024,17:00:00,9,0,2,16,23,37,6
08-09-2024,18:00:00,12,0,2,17,26,32,6
08-09-2024,19:00:00,14,0,2,17,25,34,6
08-09-2024,20:00:00,17,0,2,11,31,35,7
08-09-2024,21:00:00,20,0,2,5,43,34,6
08-09-2024,22:00:00,18,0,2,5,37,34,5
08-09-2024,23:00:00,17,0,2,4,44,36,6
09-09-2024,00:00:00,18,0,2,6,64,40,5
09-09-2024,01:00:00,14,0,2,7,63,43,5
09-09-2024,02:00:00,13,0,2,5,42,38,5
09-09-2024,03:00:00,12,0,2,7,56,33,5
09-09-2024,04:00:00,11,0,2,6,44,36,4
09-09-2024,05:00:00,10,0,2,5,31,32,4
09-09-2024,06:00:00,11,0,2,4,58,29,4
09-09-2024,07:00:00,14,0,2,2,64,27,4
09-09-2024,08:00:00,18,0,3,4,42,32,3
09-09-2024,09:00:00,14,1,10,11,34,31,3
09-09-2024,10:00:00,17,1,11,16,27,30,4
09-09-2024,11:00:00,14,1,3,,21,34,3
09-09-2024,12:00:00,13,0,2,,,,4
09-09-2024,13:00:00,13,1,8,21,,,5
09-09-2024,14:00:00,15,1,12,27,36,50,3
09-09-2024,15:00:00,14,1,11,30,27,41,4
09-09-2024,16:00:00,12,1,11,29,25,36,2
09-09-2024,17:00:00,12,1,12,27,29,35,1
09-09-2024,18:00:00,14,1,10,19,23,34,2
09-09-2024,19:00:00,16,2,14,12,,,3
09-09-2024,20:00:00,20,2,18,6,30,28,2
09-09-2024,21:00:00,26,2,14,1,29,28,2
09-09-2024,22:00:00,26,2,16,0,39,38,2
09-09-2024,23:00:00,22,2,16,0,54,34,2
10-09-2024,00:00:00,17,2,15,3,36,30,1
10-09-2024,01:00:00,20,1,13,1,32,29,1
10-09-2024,02:00:00,15,1,12,3,47,27,1
10-09-2024,03:00:00,12,1,10,4,34,28,0
10-09-2024,04:00:00,12,1,9,6,24,26,0
10-09-2024,05:00:00,12,1,9,7,23,26,0
10-09-2024,06:00:00,10,1,10,1,18,25,
10-09-2024,07:00:00,13,1,11,0,,,
10-09-2024,08:00:00,14,1,12,3,27,28,1
10-09-2024,09:00:00,12,1,10,10,27,28,3
10-09-2024,10:00:00,12,1,10,12,,,4
10-09-2024,11:00:00,14,1,10,11,,,4
10-09-2024,12:00:00,10,1,9,15,,,4
10-09-2024,13:00:00,10,1,9,19,,,4
10-09-2024,14:00:00,9,1,8,21,,,5
10-09-2024,15:00:00,10,1,9,21,,,5
10-09-2024,16:00:00,10,1,10,17,,,5
10-09-2024,17:00:00,10,1,11,15,33,4,6
10-09-2024,18:00:00,13,1,13,12,27,7,6
10-09-2024,19:00:00,18,2,18,7,30,13,6
10-09-2024,20:00:00,22,2,20,4,39,10,6
10-09-2024,21:00:00,30,2,19,0,31,8,6
10-09-2024,22:00:00,26,2,16,0,40,7,6
10-09-2024,23:00:00,23,2,16,0,38,16,5
11-09-2024,00:00:00,18,2,16,2,38,13,5
11-09-2024,01:00:00,18,1,13,0,42,11,5
11-09-2024,02:00:00,24,1,10,,44,18,4
11-09-2024,03:00:00,19,1,11,1,42,17,4
11-09-2024,04:00:00,12,1,12,2,67,18,5
11-09-2024,05:00:00,14,1,13,0,57,24,4
11-09-2024,06:00:00,15,1,13,0,50,19,3
11-09-2024,07:00:00,20,1,12,0,35,20,3
11-09-2024,08:00:00,17,2,15,5,59,20,3
11-09-2024,09:00:00,18,2,14,9,55,19,3
11-09-2024,10:00:00,17,1,11,15,37,14,4
11-09-2024,11:00:00,17,2,14,19,24,11,5
11-09-2024,12:00:00,14,1,11,22,28,22,5
11-09-2024,13:00:00,14,1,13,20,32,17,5
11-09-2024,14:00:00,12,1,9,24,30,14,5
11-09-2024,15:00:00,12,1,9,26,21,12,5
11-09-2024,16:00:00,14,1,12,23,22,10,6
11-09-2024,17:00:00,14,1,13,21,25,14,6
11-09-2024,18:00:00,14,1,13,20,30,16,7
11-09-2024,19:00:00,18,2,18,16,29,12,7
11-09-2024,20:00:00,22,2,22,10,33,10,7
11-09-2024,21:00:00,22,2,21,7,31,14,7
11-09-2024,22:00:00,20,2,20,8,45,27,6
11-09-2024,23:00:00,18,2,19,7,35,21,6
12-09-2024,00:00:00,18,2,18,5,41,21,6
12-09-2024,01:00:00,18,2,16,5,36,26,6
12-09-2024,02:00:00,14,1,13,10,32,19,5
12-09-2024,03:00:00,12,1,10,17,23,13,6
12-09-2024,04:00:00,12,1,11,11,20,10,6
12-09-2024,05:00:00,12,1,10,18,33,19,5
12-09-2024,06:00:00,12,1,12,6,24,14,5
12-09-2024,07:00:00,14,2,15,10,21,11,5
12-09-2024,08:00:00,18,2,17,8,45,18,5
12-09-2024,09:00:00,14,1,13,20,31,15,4
12-09-2024,10:00:00,16,1,11,22,28,18,5
12-09-2024,11:00:00,15,1,13,24,26,35,5
12-09-2024,12:00:00,13,1,10,26,35,25,5
12-09-2024,13:00:00,12,1,9,31,37,19,5
12-09-2024,14:00:00,14,1,11,25,28,23,6
12-09-2024,15:00:00,12,1,9,28,43,28,5
12-09-2024,16:00:00,12,1,10,28,40,22,6
12-09-2024,17:00:00,13,1,10,25,29,32,7
12-09-2024,18:00:00,12,2,13,22,40,34,7
12-09-2024,19:00:00,14,2,19,17,52,24,7
12-09-2024,20:00:00,18,2,21,13,52,26,7
12-09-2024,21:00:00,32,3,26,1,63,44,7
12-09-2024,22:00:00,32,2,21,0,84,32,6
12-09-2024,23:00:00,20,2,18,6,77,62,6
13-09-2024,00:00:00,12,2,15,17,74,58,6
13-09-2024,01:00:00,16,2,19,5,71,45,6
13-09-2024,02:00:00,16,2,14,2,56,33,5
13-09-2024,03:00:00,17,1,13,0,48,28,6
13-09-2024,04:00:00,16,1,12,0,55,26,5
13-09-2024,05:00:00,12,1,12,1,57,26,4
13-09-2024,06:00:00,15,1,13,1,53,26,4
13-09-2024,07:00:00,15,2,15,5,62,31,4
13-09-2024,08:00:00,19,2,19,5,74,24,3
13-09-2024,09:00:00,18,2,17,14,49,17,3
13-09-2024,10:00:00,18,1,13,22,35,33,5
13-09-2024,11:00:00,15,1,12,28,36,45,5
13-09-2024,12:00:00,13,1,11,31,48,32,5
13-09-2024,13:00:00,14,1,11,32,45,30,6
13-09-2024,14:00:00,14,1,10,33,52,36,6
13-09-2024,15:00:00,14,1,9,31,51,27,6
13-09-2024,16:00:00,12,1,9,32,55,26,7
13-09-2024,17:00:00,13,1,10,29,47,23,8
13-09-2024,18:00:00,11,1,12,27,57,27,8
13-09-2024,19:00:00,13,2,15,23,53,21,8
13-09-2024,20:00:00,16,2,15,18,61,29,9
13-09-2024,21:00:00,17,2,20,12,60,25,8
13-09-2024,22:00:00,17,2,19,10,59,27,8
13-09-2024,23:00:00,20,2,18,7,51,26,8
14-09-2024,00:00:00,26,2,18,1,58,30,8
14-09-2024,01:00:00,28,2,18,0,59,22,7
14-09-2024,02:00:00,28,2,15,,56,24,7
14-09-2024,03:00:00,30,1,11,,56,26,7
14-09-2024,04:00:00,27,1,9,,63,31,7
14-09-2024,05:00:00,22,1,9,,53,23,7
14-09-2024,06:00:00,21,1,10,,44,25,7
14-09-2024,07:00:00,30,1,9,,56,25,7
14-09-2024,08:00:00,32,1,10,0,58,21,6
14-09-2024,09:00:00,18,2,15,6,66,32,3
14-09-2024,10:00:00,14,1,11,18,65,34,4
14-09-2024,11:00:00,13,1,11,23,46,37,3
14-09-2024,12:00:00,12,1,11,27,44,27,3
14-09-2024,13:00:00,10,1,11,30,37,23,4
14-09-2024,14:00:00,10,1,11,32,37,24,3
14-09-2024,15:00:00,10,1,10,32,42,33,4
14-09-2024,16:00:00,10,1,9,30,36,24,4
14-09-2024,17:00:00,10,1,11,26,38,35,5
14-09-2024,18:00:00,10,1,10,28,42,26,5
14-09-2024,19:00:00,12,2,15,20,37,20,6
14-09-2024,20:00:00,18,2,20,12,35,18,6
14-09-2024,21:00:00,16,2,19,17,59,20,5
14-09-2024,22:00:00,19,2,22,7,49,21,5
14-09-2024,23:00:00,19,2,21,6,44,15,5
15-09-2024,00:00:00,32,2,19,0,38,19,5
15-09-2024,01:00:00,21,2,18,5,50,19,5
15-09-2024,02:00:00,15,2,17,9,48,22,6
15-09-2024,03:00:00,17,2,17,5,41,27,6
15-09-2024,04:00:00,16,2,18,5,44,19,4
15-09-2024,05:00:00,10,1,12,21,44,18,5
15-09-2024,06:00:00,11,2,14,17,35,15,6
15-09-2024,07:00:00,14,2,19,11,32,20,5
15-09-2024,08:00:00,15,2,22,7,24,20,4
15-09-2024,09:00:00,12,1,13,26,34,16,3
15-09-2024,10:00:00,12,1,12,29,25,30,4
15-09-2024,11:00:00,11,1,11,32,32,43,4
15-09-2024,12:00:00,10,1,9,37,23,31,5
15-09-2024,13:00:00,10,1,9,35,,,5
15-09-2024,14:00:00,12,1,13,34,31,27,5
15-09-2024,15:00:00,12,1,11,40,26,24,5
15-09-2024,16:00:00,12,1,11,40,28,18,7
15-09-2024,17:00:00,12,2,13,39,29,21,7
15-09-2024,18:00:00,12,2,14,37,36,16,7
15-09-2024,19:00:00,15,2,18,26,25,13,8
15-09-2024,20:00:00,22,3,28,11,43,18,8
15-09-2024,21:00:00,26,3,29,6,54,22,7
15-09-2024,22:00:00,26,3,27,1,49,17,7
15-09-2024,23:00:00,28,2,22,0,62,23,6
16-09-2024,00:00:00,22,2,21,3,62,25,5
16-09-2024,01:00:00,18,2,20,3,56,18,5
16-09-2024,02:00:00,17,2,16,3,51,13,5
16-09-2024,03:00:00,16,2,14,3,51,22,4
16-09-2024,04:00:00,19,1,13,0,37,16,4
16-09-2024,05:00:00,22,1,12,,34,19,4
16-09-2024,06:00:00,28,1,8,,42,23,3
16-09-2024,07:00:00,32,1,8,,43,28,3
16-09-2024,08:00:00,30,1,8,1,55,37,4
16-09-2024,09:00:00,20,2,16,14,83,38,3
16-09-2024,10:00:00,15,2,15,30,80,51,4
16-09-2024,11:00:00,14,2,19,40,61,38,5
16-09-2024,12:00:00,12,2,18,48,54,28,5
16-09-2024,13:00:00,13,3,20,51,48,27,6
16-09-2024,14:00:00,12,2,18,62,54,28,5
16-09-2024,15:00:00,13,2,18,66,49,26,6
16-09-2024,16:00:00,14,2,17,41,54,30,7
16-09-2024,17:00:00,14,3,21,52,43,32,7
16-09-2024,18:00:00,16,3,24,45,56,32,8
16-09-2024,20:00:00,18,4,30,26,51,33,8
16-09-2024,21:00:00,17,3,26,24,51,25,8
16-09-2024,22:00:00,18,3,27,20,46,22,9
16-09-2024,23:00:00,18,4,32,14,43,16,8
17-09-2024,00:00:00,16,4,30,14,43,12,7
17-09-2024,01:00:00,16,3,26,16,39,16,7
17-09-2024,02:00:00,18,3,28,8,41,28,7
17-09-2024,03:00:00,16,3,23,8,43,20,6
17-09-2024,04:00:00,16,3,24,3,33,23,6
17-09-2024,05:00:00,14,3,21,2,28,20,6
17-09-2024,06:00:00,10,2,19,5,36,20,5
17-09-2024,07:00:00,12,3,25,2,40,29,4
17-09-2024,08:00:00,12,3,24,9,43,29,4
17-09-2024,09:00:00,12,2,19,25,47,27,3
17-09-2024,10:00:00,10,2,15,38,36,21,4
17-09-2024,11:00:00,10,2,13,47,30,25,5
17-09-2024,12:00:00,8,2,12,58,37,29,6
17-09-2024,13:00:00,8,2,11,58,46,29,5
17-09-2024,14:00:00,7,2,12,60,38,21,5
17-09-2024,15:00:00,8,1,9,62,33,17,6
17-09-2024,16:00:00,8,1,10,60,37,17,7
17-09-2024,17:00:00,8,2,12,64,41,13,7
17-09-2024,18:00:00,12,2,14,81,30,10,9
17-09-2024,19:00:00,14,3,21,78,43,36,10
17-09-2024,20:00:00,19,4,32,55,50,53,10
17-09-2024,21:00:00,18,4,31,42,54,49,10
17-09-2024,22:00:00,20,4,35,24,52,35,10
17-09-2024,23:00:00,22,4,37,11,49,37,9
18-09-2024,00:00:00,18,4,30,14,54,35,9
18-09-2024,01:00:00,18,3,26,11,46,45,9
18-09-2024,02:00:00,22,4,29,7,52,33,8
18-09-2024,03:00:00,18,3,25,6,50,25,8
18-09-2024,04:00:00,20,3,22,3,46,19,8
18-09-2024,05:00:00,16,3,21,2,57,24,7
18-09-2024,06:00:00,17,2,18,0,46,28,6
18-09-2024,07:00:00,16,2,18,,49,22,6
18-09-2024,08:00:00,16,3,20,3,48,17,6
18-09-2024,09:00:00,14,3,23,20,102,34,3
18-09-2024,10:00:00,12,3,20,41,62,24,4
18-09-2024,11:00:00,12,2,19,53,59,20,5
18-09-2024,12:00:00,10,2,18,55,57,22,5
18-09-2024,13:00:00,9,2,16,62,63,19,4
18-09-2024,14:00:00,8,2,15,63,63,16,5
18-09-2024,15:00:00,8,2,16,65,50,27,6
18-09-2024,16:00:00,8,2,14,74,55,25,6
18-09-2024,17:00:00,8,2,18,79,47,18,7
18-09-2024,18:00:00,10,3,22,67,42,14,8
18-09-2024,19:00:00,17,3,26,66,64,32,9
18-09-2024,20:00:00,16,3,26,51,67,51,9
18-09-2024,21:00:00,16,3,26,44,61,41,9
18-09-2024,22:00:00,18,4,31,28,61,48,10
18-09-2024,23:00:00,16,4,31,20,71,42,9
19-09-2024,00:00:00,17,4,34,14,60,37,8
19-09-2024,01:00:00,14,3,25,18,57,28,8
19-09-2024,02:00:00,12,3,21,20,64,36,8
19-09-2024,03:00:00,10,2,16,17,55,33,8
19-09-2024,04:00:00,10,2,18,14,56,25,8
19-09-2024,05:00:00,11,2,19,9,58,32,7
19-09-2024,06:00:00,15,3,25,3,57,38,6
19-09-2024,07:00:00,22,3,25,,48,28,6
19-09-2024,08:00:00,24,3,28,5,57,26,5
19-09-2024,09:00:00,24,3,28,20,71,40,3
19-09-2024,10:00:00,22,3,25,36,60,34,4
19-09-2024,11:00:00,23,3,26,62,64,57,6
19-09-2024,12:00:00,19,3,25,86,72,51,6
19-09-2024,13:00:00,16,3,23,95,76,42,6
19-09-2024,14:00:00,15,2,18,93,63,33,6
19-09-2024,15:00:00,14,2,16,95,73,42,7
19-09-2024,16:00:00,14,2,18,102,76,38,7
19-09-2024,17:00:00,18,3,26,94,67,29,7
19-09-2024,18:00:00,18,4,31,67,64,51,8
19-09-2024,19:00:00,35,7,61,33,70,62,8
19-09-2024,20:00:00,28,5,45,65,77,46,9
19-09-2024,21:00:00,26,5,42,42,72,47,9
19-09-2024,22:00:00,25,5,45,34,77,47,9
19-09-2024,23:00:00,22,5,40,35,78,59,8
20-09-2024,00:00:00,20,4,36,34,74,47,8
20-09-2024,01:00:00,18,3,28,32,79,49,9
20-09-2024,02:00:00,16,3,26,34,74,56,8
20-09-2024,03:00:00,15,3,24,30,71,46,8
20-09-2024,04:00:00,15,3,22,24,76,49,8
20-09-2024,05:00:00,16,4,29,16,86,64,7
20-09-2024,06:00:00,14,3,28,17,76,52,7
20-09-2024,07:00:00,20,5,39,4,72,49,6
20-09-2024,08:00:00,20,4,37,22,100,58,6
20-09-2024,09:00:00,19,4,29,39,66,61,4
20-09-2024,10:00:00,22,3,26,55,60,58,4
20-09-2024,11:00:00,20,4,30,69,64,51,5
20-09-2024,12:00:00,19,3,28,88,75,53,6
20-09-2024,13:00:00,15,3,20,101,81,38,5
20-09-2024,14:00:00,15,2,19,96,60,34,6
20-09-2024,15:00:00,16,3,20,92,71,43,6
20-09-2024,16:00:00,17,3,21,87,69,32,6
20-09-2024,17:00:00,18,3,25,86,56,57,7
20-09-2024,18:00:00,15,3,27,84,63,49,8
20-09-2024,19:00:00,20,4,35,81,74,64,8
20-09-2024,20:00:00,22,4,37,84,68,97,9
20-09-2024,21:00:00,28,5,40,76,79,73,9
20-09-2024,22:00:00,22,5,41,64,111,161,10
20-09-2024,23:00:00,16,4,30,55,109,85,10
21-09-2024,00:00:00,17,4,32,39,93,54,10
21-09-2024,01:00:00,16,4,31,28,99,87,9
21-09-2024,02:00:00,12,3,24,29,88,67,8
21-09-2024,03:00:00,12,3,24,26,78,81,9
21-09-2024,04:00:00,12,3,24,22,109,78,9
21-09-2024,05:00:00,12,3,24,21,107,134,8
21-09-2024,06:00:00,12,3,26,18,96,77,7
21-09-2024,07:00:00,16,4,31,12,98,49,7
21-09-2024,08:00:00,18,5,40,7,92,138,6
21-09-2024,09:00:00,15,5,38,16,66,70,5
21-09-2024,10:00:00,15,3,28,37,56,43,7
21-09-2024,11:00:00,16,4,32,48,64,27,6
21-09-2024,16:00:00,80,,,60,50,9,1
21-09-2024,17:00:00,62,3,25,65,61,,
21-09-2024,18:00:00,14,3,28,61,58,,
21-09-2024,19:00:00,16,4,32,77,55,,
21-09-2024,20:00:00,16,4,37,65,82,,
21-09-2024,21:00:00,16,5,39,46,80,,
21-09-2024,22:00:00,15,4,37,34,,,
21-09-2024,23:00:00,15,5,43,21,88,,
22-09-2024,00:00:00,12,4,36,20,86,,
22-09-2024,01:00:00,10,3,27,21,74,,
22-09-2024,02:00:00,9,3,27,18,83,,
22-09-2024,03:00:00,8,2,19,21,77,,
22-09-2024,04:00:00,7,2,17,14,,,
22-09-2024,05:00:00,7,3,20,9,97,,
22-09-2024,06:00:00,12,3,24,4,68,,
22-09-2024,07:00:00,16,3,25,1,92,,
22-09-2024,08:00:00,16,3,28,4,46,,0
22-09-2024,09:00:00,14,3,23,22,38,,3
22-09-2024,10:00:00,12,2,16,41,,,3
22-09-2024,11:00:00,14,2,18,55,18,,4
22-09-2024,12:00:00,13,2,14,66,37,,5
22-09-2024,13:00:00,14,2,15,76,53,,5
22-09-2024,14:00:00,16,3,20,62,59,,6
22-09-2024,15:00:00,17,3,25,38,57,,6
22-09-2024,16:00:00,14,2,19,44,71,51,6
22-09-2024,17:00:00,14,2,16,48,64,,7
22-09-2024,18:00:00,14,2,16,47,42,,7
22-09-2024,19:00:00,17,3,21,43,49,,8
22-09-2024,20:00:00,19,3,27,39,64,,7
22-09-2024,21:00:00,20,3,28,45,68,,7
22-09-2024,22:00:00,21,4,33,22,,,8
22-09-2024,23:00:00,21,4,32,26,106,,7
23-09-2024,00:00:00,22,5,39,16,77,,7
23-09-2024,01:00:00,18,4,31,18,76,,6
23-09-2024,02:00:00,20,4,30,5,74,,6
23-09-2024,03:00:00,18,3,28,3,76,,5
23-09-2024,04:00:00,15,3,22,5,96,212,4
23-09-2024,05:00:00,14,2,18,7,122,,4
23-09-2024,06:00:00,16,3,24,4,145,,3
23-09-2024,07:00:00,19,4,31,2,151,,2
23-09-2024,08:00:00,32,5,40,1,176,,2
23-09-2024,09:00:00,27,5,42,7,232,,3
23-09-2024,10:00:00,24,3,28,21,,,4
23-09-2024,11:00:00,24,3,28,40,51,23,5
23-09-2024,12:00:00,22,3,24,51,78,33,5
23-09-2024,13:00:00,24,3,29,40,82,34,4
23-09-2024,14:00:00,24,4,29,34,8,8,4
23-09-2024,15:00:00,29,5,40,30,123,53,4
23-09-2024,16:00:00,23,4,32,43,103,42,4
23-09-2024,17:00:00,20,3,24,42,13,10,4
23-09-2024,18:00:00,20,3,23,31,9,9,5
23-09-2024,19:00:00,24,4,30,38,110,46,4
23-09-2024,20:00:00,35,6,48,20,72,31,3
23-09-2024,21:00:00,48,6,48,4,57,25,4
23-09-2024,22:00:00,42,5,45,2,251,121,4
23-09-2024,23:00:00,34,5,43,3,114,48,2
24-09-2024,00:00:00,36,6,48,0,6,7,2
24-09-2024,01:00:00,34,5,40,2,151,67,2
24-09-2024,02:00:00,21,3,27,25,278,140,2
24-09-2024,03:00:00,18,4,32,15,,5,1
24-09-2024,04:00:00,18,4,32,9,,5,2
24-09-2024,05:00:00,20,4,35,9,57,25,1
24-09-2024,06:00:00,18,4,34,5,42,20,0
24-09-2024,07:00:00,26,5,40,0,,,0
24-09-2024,08:00:00,28,5,43,2,67,29,1
24-09-2024,09:00:00,28,5,46,12,136,59,3
24-09-2024,10:00:00,24,4,35,32,22,36,4
24-09-2024,11:00:00,38,6,53,43,,,5
24-09-2024,12:00:00,26,5,40,61,,,6
24-09-2024,13:00:00,20,4,31,80,79,66,7
24-09-2024,14:00:00,20,4,32,31,106,90,6
24-09-2024,15:00:00,22,4,36,22,104,87,5
24-09-2024,16:00:00,24,5,46,22,99,82,5
24-09-2024,17:00:00,22,5,45,22,96,79,5
24-09-2024,18:00:00,26,5,45,23,101,84,5
24-09-2024,19:00:00,34,6,56,17,105,90,5
24-09-2024,20:00:00,34,6,52,20,106,91,5
24-09-2024,21:00:00,32,6,52,24,101,84,5
24-09-2024,22:00:00,26,5,45,21,102,85,4
24-09-2024,23:00:00,22,5,41,14,92,77,4
25-09-2024,00:00:00,18,4,32,16,80,67,4
25-09-2024,01:00:00,18,4,30,11,80,68,3
25-09-2024,02:00:00,16,4,31,10,66,56,2
25-09-2024,03:00:00,14,3,25,12,62,53,2
25-09-2024,04:00:00,13,3,22,15,59,50,3
25-09-2024,05:00:00,13,3,26,14,55,47,2
25-09-2024,06:00:00,12,3,26,16,52,45,1
25-09-2024,07:00:00,18,4,36,2,59,51,1
25-09-2024,08:00:00,28,5,43,3,58,49,0
25-09-2024,09:00:00,18,4,31,10,56,48,4
25-09-2024,10:00:00,24,4,31,10,54,46,6
25-09-2024,11:00:00,26,4,32,17,57,49,5
25-09-2024,12:00:00,21,3,28,30,49,42,5
25-09-2024,13:00:00,16,3,25,33,55,47,6
25-09-2024,14:00:00,16,3,24,37,53,46,6
25-09-2024,15:00:00,16,3,23,34,50,44,6
25-09-2024,16:00:00,13,2,19,36,42,37,6
25-09-2024,17:00:00,15,3,24,33,40,35,7
25-09-2024,18:00:00,23,5,43,13,49,42,7
25-09-2024,19:00:00,34,6,52,7,44,39,7
25-09-2024,20:00:00,46,7,60,2,33,30,7
25-09-2024,21:00:00,32,6,55,10,31,28,6
25-09-2024,22:00:00,27,7,57,13,27,25,6
25-09-2024,23:00:00,28,7,64,9,21,21,6
26-09-2024,00:00:00,20,6,48,14,18,18,5
26-09-2024,01:00:00,16,4,35,19,15,16,5
26-09-2024,02:00:00,13,3,25,22,13,14,5
26-09-2024,03:00:00,12,2,19,26,27,25,6
26-09-2024,04:00:00,14,3,22,13,27,25,5
26-09-2024,05:00:00,13,3,24,11,21,20,4
26-09-2024,06:00:00,16,4,31,6,22,21,4
26-09-2024,07:00:00,18,4,33,7,23,22,3
26-09-2024,08:00:00,26,5,38,3,20,19,2
26-09-2024,09:00:00,25,4,37,8,28,26,3
26-09-2024,10:00:00,30,4,35,10,41,36,4
26-09-2024,11:00:00,22,4,29,22,40,36,4
26-09-2024,12:00:00,22,3,27,24,31,28,4
26-09-2024,13:00:00,24,3,26,33,23,22,5
26-09-2024,14:00:00,20,3,21,36,47,41,5
26-09-2024,15:00:00,18,3,21,30,46,40,5
26-09-2024,16:00:00,18,3,26,24,33,30,5
26-09-2024,17:00:00,18,4,31,18,24,23,5
26-09-2024,18:00:00,14,4,30,22,20,19,6
26-09-2024,19:00:00,24,4,37,20,25,24,6
26-09-2024,20:00:00,24,5,41,16,37,33,6
26-09-2024,21:00:00,20,5,40,14,36,32,6
26-09-2024,22:00:00,18,5,38,15,27,25,6
26-09-2024,23:00:00,20,5,39,9,24,23,5
27-09-2024,00:00:00,14,4,29,17,20,20,5
27-09-2024,01:00:00,12,3,25,18,16,17,5
27-09-2024,02:00:00,12,3,26,14,14,14,5
27-09-2024,03:00:00,12,3,22,11,12,13,5
27-09-2024,04:00:00,10,3,24,9,14,15,4
27-09-2024,05:00:00,8,2,17,21,14,14,4
27-09-2024,06:00:00,10,3,25,11,12,13,4
27-09-2024,07:00:00,14,4,34,4,11,13,3
27-09-2024,08:00:00,23,5,40,2,14,14,3
27-09-2024,09:00:00,17,4,33,9,21,16,3
27-09-2024,10:00:00,24,4,30,11,34,16,2
27-09-2024,11:00:00,20,3,28,14,27,18,2
27-09-2024,12:00:00,15,3,24,17,19,15,3
27-09-2024,13:00:00,13,3,21,17,15,20,3
27-09-2024,14:00:00,14,3,22,16,17,24,3
27-09-2024,15:00:00,12,2,19,20,18,24,3
27-09-2024,16:00:00,12,3,20,21,,,4
27-09-2024,17:00:00,12,3,21,21,,,4
27-09-2024,18:00:00,18,3,27,16,24,13,4
27-09-2024,19:00:00,16,3,27,15,19,12,4
27-09-2024,20:00:00,26,4,36,5,32,14,4
27-09-2024,21:00:00,31,4,35,1,49,15,3
27-09-2024,22:00:00,22,4,37,7,43,15,2
27-09-2024,23:00:00,18,4,34,9,39,13,2
28-09-2024,00:00:00,17,4,33,10,48,10,2
28-09-2024,01:00:00,12,3,25,13,44,16,2
28-09-2024,02:00:00,12,3,24,11,33,16,2
28-09-2024,03:00:00,12,2,19,15,28,12,2
28-09-2024,04:00:00,11,3,20,11,26,9,1
28-09-2024,05:00:00,10,2,19,13,22,9,1
28-09-2024,06:00:00,11,3,21,13,27,7,1
28-09-2024,07:00:00,14,4,31,4,44,20,1
28-09-2024,08:00:00,20,4,33,4,40,21,0
28-09-2024,09:00:00,16,3,24,12,34,23,2
28-09-2024,10:00:00,15,3,21,14,27,20,3
28-09-2024,11:00:00,15,3,21,16,19,14,3
28-09-2024,12:00:00,14,2,18,18,14,17,3
28-09-2024,13:00:00,14,3,21,18,12,19,4
28-09-2024,14:00:00,14,2,19,18,13,14,3
28-09-2024,15:00:00,14,2,18,16,22,20,4
28-09-2024,16:00:00,14,2,19,15,20,17,5
28-09-2024,17:00:00,14,3,20,15,14,13,5
28-09-2024,18:00:00,14,3,23,14,15,15,5
28-09-2024,19:00:00,28,4,33,6,38,13,6
28-09-2024,20:00:00,26,4,33,4,52,16,5
28-09-2024,21:00:00,23,4,33,3,55,14,5
28-09-2024,22:00:00,22,4,33,3,59,13,5
28-09-2024,23:00:00,21,4,33,3,59,16,4
29-09-2024,00:00:00,27,3,28,0,45,16,4
29-09-2024,01:00:00,28,3,23,,34,20,3
29-09-2024,02:00:00,19,3,24,1,41,30,3
29-09-2024,03:00:00,16,3,24,2,51,30,3
29-09-2024,04:00:00,13,2,19,3,44,24,3
29-09-2024,05:00:00,14,2,17,2,33,18,3
29-09-2024,06:00:00,15,3,20,0,28,15,2
29-09-2024,07:00:00,23,2,19,0,40,13,2
29-09-2024,08:00:00,22,2,18,0,52,22,2
29-09-2024,09:00:00,12,3,22,11,69,34,2
29-09-2024,10:00:00,10,2,19,16,56,30,2
29-09-2024,11:00:00,10,2,18,20,34,25,3
29-09-2024,12:00:00,10,2,18,19,21,20,3
29-09-2024,13:00:00,10,3,20,17,18,18,3
29-09-2024,14:00:00,10,3,20,17,16,23,3
29-09-2024,15:00:00,9,2,16,20,13,20,3
29-09-2024,16:00:00,10,2,17,18,11,18,4
29-09-2024,17:00:00,10,2,19,18,,,4
29-09-2024,18:00:00,16,3,21,16,,,4
29-09-2024,19:00:00,18,3,27,12,28,9,5
29-09-2024,20:00:00,22,4,31,10,38,15,5
29-09-2024,21:00:00,24,4,33,6,45,15,5
29-09-2024,22:00:00,24,4,32,4,50,12,5
29-09-2024,23:00:00,25,4,32,2,54,12,5
30-09-2024,00:00:00,22,3,28,2,42,11,4
30-09-2024,01:00:00,22,3,25,0,44,10,4
30-09-2024,02:00:00,21,3,22,0,48,11,4
30-09-2024,03:00:00,22,2,19,0,39,12,3
30-09-2024,04:00:00,19,2,19,,36,13,3
30-09-2024,05:00:00,18,2,17,,40,18,2
30-09-2024,06:00:00,16,2,18,0,35,17,2
30-09-2024,07:00:00,18,2,18,,38,25,2
30-09-2024,08:00:00,22,2,19,0,41,25,3
30-09-2024,09:00:00,22,3,27,9,72,28,1
30-09-2024,10:00:00,24,4,32,19,63,38,2
30-09-2024,11:00:00,24,4,33,37,36,43,4
30-09-2024,12:00:00,24,4,35,47,28,44,5
30-09-2024,13:00:00,20,4,32,67,,,5
30-09-2024,14:00:00,18,3,26,80,26,39,5
30-09-2024,15:00:00,16,3,22,67,23,32,6
30-09-2024,16:00:00,18,3,23,61,28,37,6
30-09-2024,17:00:00,16,3,23,53,37,41,6
30-09-2024,18:00:00,18,4,32,43,34,32,7
30-09-2024,19:00:00,26,5,44,28,39,30,8
30-09-2024,20:00:00,38,7,59,12,55,34,8
30-09-2024,21:00:00,47,7,59,4,66,49,8
30-09-2024,22:00:00,42,6,55,2,84,48,9
30-09-2024,23:00:00,35,5,47,3,84,52,8
01-10-2024,00:00:00,35,3,35,0,71,57,8
01-10-2024,01:00:00,56,2,31,,77,57,8
01-10-2024,02:00:00,42,2,28,0,104,59,8
01-10-2024,03:00:00,34,2,25,0,88,59,7
01-10-2024,04:00:00,30,2,20,,70,59,7
01-10-2024,05:00:00,31,2,22,,90,64,7
01-10-2024,06:00:00,28,2,20,0,94,63,7
01-10-2024,07:00:00,34,1,15,,89,66,8
01-10-2024,08:00:00,35,2,22,0,98,76,7
01-10-2024,09:00:00,32,4,48,8,247,88,2
01-10-2024,10:00:00,29,3,43,29,333,91,3
01-10-2024,11:00:00,30,4,45,59,,,5
01-10-2024,12:00:00,24,3,37,66,,,5
01-10-2024,13:00:00,20,2,28,66,,,4
01-10-2024,14:00:00,15,1,15,76,,,4
01-10-2024,15:00:00,10,2,23,78,,,
01-10-2024,16:00:00,11,1,16,91,,,
01-10-2024,17:00:00,14,2,17,79,57,38,0
01-10-2024,18:00:00,54,6,82,32,54,68,0
01-10-2024,19:00:00,29,4,47,43,118,90,0
01-10-2024,20:00:00,34,4,53,33,126,86,1
01-10-2024,21:00:00,38,5,62,15,135,77,1
01-10-2024,22:00:00,36,5,67,12,134,75,0
01-10-2024,23:00:00,37,5,61,3,,,0
02-10-2024,00:00:00,36,5,60,5,124,88,
02-10-2024,01:00:00,33,4,46,8,153,91,
02-10-2024,02:00:00,33,3,37,4,146,99,
02-10-2024,03:00:00,28,3,39,4,184,118,
02-10-2024,04:00:00,27,3,36,3,255,123,
02-10-2024,05:00:00,25,3,31,2,243,109,
02-10-2024,06:00:00,28,3,32,0,219,102,
02-10-2024,07:00:00,36,2,28,1,193,131,
02-10-2024,08:00:00,38,3,35,1,212,126,0
02-10-2024,09:00:00,28,3,41,14,117,70,2
02-10-2024,10:00:00,24,2,32,32,115,170,3
02-10-2024,11:00:00,20,2,25,41,147,151,4
02-10-2024,12:00:00,20,,,52,119,93,5
02-10-2024,13:00:00,18,,,58,115,90,4
02-10-2024,14:00:00,16,,,54,120,95,4
02-10-2024,15:00:00,18,,,46,107,81,4
02-10-2024,16:00:00,19,,,34,102,75,4
02-10-2024,17:00:00,18,,,37,96,70,4
02-10-2024,18:00:00,22,,,42,93,68,5
02-10-2024,19:00:00,24,,,41,101,74,5
03-10-2024,11:00:00,22,2,21,31,17,15,2
03-10-2024,12:00:00,19,2,28,43,,,2
03-10-2024,13:00:00,19,2,25,46,48,60,3
03-10-2024,14:00:00,23,2,26,46,59,49,2
03-10-2024,15:00:00,20,2,22,47,41,54,2
03-10-2024,16:00:00,19,2,23,44,,,3
03-10-2024,17:00:00,20,2,25,35,,,3
03-10-2024,18:00:00,13,2,25,35,,,2
03-10-2024,19:00:00,18,3,34,25,,,3
03-10-2024,20:00:00,18,3,33,21,,,3
03-10-2024,21:00:00,26,4,50,8,,,2
03-10-2024,22:00:00,29,4,51,4,33,34,2
03-10-2024,23:00:00,24,4,45,4,25,39,2
04-10-2024,00:00:00,19,3,36,9,,,2
04-10-2024,01:00:00,18,3,32,6,30,40,2
04-10-2024,02:00:00,20,2,29,3,,,1
04-10-2024,03:00:00,18,2,25,7,,,2
04-10-2024,04:00:00,18,2,25,4,27,42,1
04-10-2024,05:00:00,16,2,23,1,,,1
04-10-2024,06:00:00,20,2,24,0,,,1
04-10-2024,07:00:00,27,2,23,0,32,50,0
04-10-2024,08:00:00,30,2,26,1,40,55,3
04-10-2024,09:00:00,28,3,33,10,,,3
04-10-2024,10:00:00,28,2,29,17,,,4
04-10-2024,11:00:00,28,3,32,27,6,,4
04-10-2024,12:00:00,25,2,29,35,97,136,5
04-10-2024,13:00:00,20,2,24,38,80,94,6
04-10-2024,14:00:00,17,2,22,37,71,79,5
04-10-2024,15:00:00,14,2,19,31,57,58,4
04-10-2024,16:00:00,14,2,20,31,42,45,5
04-10-2024,17:00:00,14,2,22,30,42,41,5
04-10-2024,18:00:00,14,2,26,30,59,31,5
04-10-2024,19:00:00,20,3,32,18,47,29,6
04-10-2024,20:00:00,22,3,35,15,34,22,6
04-10-2024,21:00:00,28,4,46,7,39,17,6
04-10-2024,22:00:00,26,3,42,8,40,19,6
04-10-2024,23:00:00,28,3,41,5,32,31,6
05-10-2024,00:00:00,28,3,39,2,58,41,6
05-10-2024,01:00:00,30,3,36,1,46,36,7
05-10-2024,02:00:00,21,2,29,4,54,46,7
05-10-2024,03:00:00,22,2,27,1,44,42,6
05-10-2024,04:00:00,20,2,25,2,53,29,5
05-10-2024,05:00:00,23,2,23,,39,27,5
05-10-2024,06:00:00,25,2,22,0,47,34,5
05-10-2024,07:00:00,32,2,21,0,61,30,5
05-10-2024,08:00:00,29,2,21,1,62,32,4
05-10-2024,09:00:00,19,2,26,17,56,40,4
05-10-2024,10:00:00,20,2,27,31,44,42,4
05-10-2024,11:00:00,18,3,32,53,48,38,4
05-10-2024,12:00:00,18,2,30,64,39,43,6
05-10-2024,13:00:00,21,2,30,76,41,33,6
05-10-2024,14:00:00,20,2,29,88,50,33,6
05-10-2024,15:00:00,16,2,25,106,51,29,6
05-10-2024,16:00:00,16,2,27,82,40,36,7
05-10-2024,17:00:00,16,2,28,58,70,35,6
05-10-2024,18:00:00,16,3,32,46,64,27,7
05-10-2024,19:00:00,25,4,46,32,48,43,8
05-10-2024,20:00:00,27,4,50,31,38,31,8
05-10-2024,21:00:00,28,4,53,34,57,36,8
05-10-2024,22:00:00,32,4,58,23,45,38,9
05-10-2024,23:00:00,30,5,62,23,34,43,9
06-10-2024,00:00:00,28,4,56,22,60,52,8
06-10-2024,01:00:00,32,5,59,6,43,48,8
06-10-2024,02:00:00,32,4,50,4,48,37,8
06-10-2024,03:00:00,21,3,35,15,52,54,7
06-10-2024,04:00:00,20,3,37,12,59,42,8
06-10-2024,05:00:00,21,3,34,3,45,47,7
06-10-2024,06:00:00,27,3,35,0,53,44,6
06-10-2024,07:00:00,40,2,30,0,57,46,6
06-10-2024,08:00:00,46,2,22,,64,58,7
06-10-2024,09:00:00,29,3,39,9,61,57,3
06-10-2024,10:00:00,23,3,32,34,62,53,4
06-10-2024,11:00:00,20,3,32,53,63,50,5
06-10-2024,12:00:00,19,2,28,59,62,60,7
06-10-2024,13:00:00,18,2,23,67,69,70,6
06-10-2024,14:00:00,16,2,20,67,75,64,6
06-10-2024,15:00:00,16,2,17,69,56,61,6
06-10-2024,16:00:00,16,2,17,66,61,68,7
06-10-2024,17:00:00,16,2,20,67,66,60,6
06-10-2024,18:00:00,14,2,23,59,60,71,7
06-10-2024,19:00:00,17,2,29,56,45,58,8
06-10-2024,20:00:00,24,3,40,36,54,68,7
06-10-2024,21:00:00,31,4,49,10,61,78,7
06-10-2024,22:00:00,48,5,60,2,,,8
06-10-2024,23:00:00,91,4,58,0,60,78,9
07-10-2024,00:00:00,88,5,63,0,86,83,11
07-10-2024,01:00:00,92,3,44,0,85,94,13
07-10-2024,02:00:00,52,3,41,0,96,107,13
07-10-2024,03:00:00,40,3,38,0,96,103,13
07-10-2024,04:00:00,35,3,36,0,91,96,13
07-10-2024,05:00:00,35,3,33,,79,101,13
07-10-2024,06:00:00,36,2,26,0,76,111,13
07-10-2024,07:00:00,38,2,23,0,76,90,12
07-10-2024,08:00:00,28,3,38,3,75,95,11
07-10-2024,09:00:00,26,3,36,20,60,90,3
07-10-2024,10:00:00,24,3,35,45,66,91,3
07-10-2024,11:00:00,20,3,31,57,67,81,2
07-10-2024,12:00:00,19,3,31,64,69,88,2
07-10-2024,13:00:00,14,2,26,79,69,89,1
07-10-2024,14:00:00,14,2,21,81,58,77,0
07-10-2024,15:00:00,14,2,19,79,,,0
07-10-2024,16:00:00,12,2,20,81,55,84,0
07-10-2024,17:00:00,11,2,21,85,61,68,0
07-10-2024,18:00:00,16,2,26,78,45,62,1
07-10-2024,19:00:00,30,3,42,43,36,60,1
07-10-2024,20:00:00,106,8,102,4,,,2
07-10-2024,21:00:00,104,8,106,2,,,5
07-10-2024,22:00:00,35,5,60,33,82,148,6
07-10-2024,23:00:00,34,4,47,19,82,112,6
08-10-2024,00:00:00,37,4,56,16,75,132,5
08-10-2024,01:00:00,32,4,51,13,64,106,6
08-10-2024,02:00:00,30,4,49,12,69,102,8
08-10-2024,03:00:00,24,3,38,22,69,94,7
08-10-2024,04:00:00,30,4,54,4,59,85,6
08-10-2024,05:00:00,29,4,47,1,64,110,4
08-10-2024,06:00:00,30,3,44,3,62,103,3
08-10-2024,07:00:00,42,3,37,,54,88,3
08-10-2024,08:00:00,46,3,45,2,85,110,3
08-10-2024,09:00:00,34,4,54,26,87,108,4
08-10-2024,10:00:00,34,5,63,45,90,102,5
08-10-2024,11:00:00,33,4,55,46,71,104,4
08-10-2024,12:00:00,24,3,36,92,,,
08-10-2024,13:00:00,17,,,105,6,,1
08-10-2024,14:00:00,16,1,7,103,18,15,4
08-10-2024,15:00:00,14,1,8,93,115,49,5
08-10-2024,16:00:00,14,1,10,83,115,62,4
08-10-2024,17:00:00,29,2,18,53,111,63,4
08-10-2024,18:00:00,52,3,34,,121,78,4
08-10-2024,19:00:00,35,3,33,35,133,112,4
09-10-2024,13:00:00,18,1,9,54,122,115,3
09-10-2024,14:00:00,16,1,6,59,88,97,4
09-10-2024,15:00:00,20,1,10,52,82,90,3
09-10-2024,16:00:00,23,1,16,43,90,73,3
09-10-2024,17:00:00,24,2,18,30,88,79,4
09-10-2024,18:00:00,23,2,17,37,89,80,4
09-10-2024,19:00:00,44,2,27,6,104,75,3
09-10-2024,20:00:00,50,2,25,3,112,72,4
09-10-2024,21:00:00,51,1,16,1,131,79,4
09-10-2024,22:00:00,69,1,11,0,147,82,5
09-10-2024,23:00:00,82,0,2,0,134,82,6
10-10-2024,00:00:00,90,0,0,,194,81,9
10-10-2024,01:00:00,68,0,2,0,260,90,9
10-10-2024,02:00:00,45,1,8,0,,,9
10-10-2024,03:00:00,27,1,8,4,115,94,9
10-10-2024,04:00:00,29,1,6,1,137,87,9
10-10-2024,05:00:00,26,1,7,0,101,82,6
10-10-2024,06:00:00,24,1,8,0,117,78,5
10-10-2024,07:00:00,24,1,10,2,449,74,4
10-10-2024,08:00:00,24,1,10,4,428,76,4
10-10-2024,09:00:00,21,1,8,9,175,81,4
10-10-2024,10:00:00,21,1,7,13,45,73,4
10-10-2024,11:00:00,17,1,8,18,59,69,4
10-10-2024,12:00:00,15,2,17,27,,,3
10-10-2024,13:00:00,14,1,15,36,,,1
10-10-2024,14:00:00,16,1,14,42,,,2
10-10-2024,16:00:00,12,1,14,45,,,3
10-10-2024,17:00:00,12,1,14,40,,,5
10-10-2024,18:00:00,16,2,19,32,,,3
10-10-2024,19:00:00,41,3,35,11,,,3
10-10-2024,20:00:00,91,4,53,1,,,5
10-10-2024,21:00:00,76,3,43,,,,6
10-10-2024,22:00:00,63,3,41,0,,,7
10-10-2024,23:00:00,40,3,35,6,,,8
11-10-2024,00:00:00,18,2,20,16,,,9
11-10-2024,01:00:00,18,2,24,13,,,8
11-10-2024,02:00:00,17,2,23,4,,,8
11-10-2024,03:00:00,14,2,17,13,,,7
11-10-2024,04:00:00,14,2,16,13,,,6
11-10-2024,05:00:00,13,1,15,13,,,4
11-10-2024,06:00:00,12,1,14,12,,,3
11-10-2024,07:00:00,14,2,17,8,,,2
11-10-2024,08:00:00,14,2,17,8,34,28,1
11-10-2024,09:00:00,14,1,15,13,35,29,4
11-10-2024,10:00:00,12,1,13,18,30,37,5
11-10-2024,11:00:00,11,1,12,24,23,33,4
11-10-2024,12:00:00,11,1,14,27,23,30,4
11-10-2024,13:00:00,10,1,13,28,25,27,5
11-10-2024,14:00:00,10,1,13,30,29,20,4
11-10-2024,15:00:00,10,1,13,29,27,18,4
11-10-2024,16:00:00,10,1,14,30,21,15,5
11-10-2024,17:00:00,11,2,16,27,19,13,6
11-10-2024,18:00:00,20,2,25,15,27,27,5
11-10-2024,19:00:00,82,3,42,5,26,22,6
11-10-2024,20:00:00,104,4,55,5,52,47,9
11-10-2024,21:00:00,40,3,42,9,70,59,9
11-10-2024,22:00:00,44,3,42,2,68,47,10
11-10-2024,23:00:00,44,3,38,,61,38,9
12-10-2024,00:00:00,43,3,35,,59,37,9
12-10-2024,01:00:00,50,2,29,,56,38,9
12-10-2024,02:00:00,62,3,32,,56,39,10
12-10-2024,03:00:00,58,2,29,,56,39,10
12-10-2024,04:00:00,47,2,25,,57,33,9
12-10-2024,05:00:00,46,2,25,,57,33,9
12-10-2024,06:00:00,38,3,34,,55,38,9
12-10-2024,07:00:00,30,2,30,0,53,39,9
12-10-2024,08:00:00,22,2,23,1,58,40,9
12-10-2024,09:00:00,18,2,19,3,51,39,4
12-10-2024,10:00:00,18,2,19,5,45,40,3
12-10-2024,11:00:00,14,1,16,10,42,37,1
12-10-2024,12:00:00,12,1,12,18,35,37,0
12-10-2024,13:00:00,12,1,12,23,31,33,0
12-10-2024,14:00:00,12,1,14,27,31,34,
12-10-2024,15:00:00,11,1,12,36,32,36,
12-10-2024,16:00:00,11,1,11,34,35,38,
14-10-2024,14:00:00,14,1,14,42,47,46,6
14-10-2024,15:00:00,14,1,12,42,40,41,6
14-10-2024,16:00:00,13,1,12,43,38,38,7
14-10-2024,17:00:00,14,1,15,43,38,36,7
14-10-2024,18:00:00,24,2,24,26,32,33,7
14-10-2024,19:00:00,108,5,63,1,37,32,10
14-10-2024,20:00:00,39,3,44,14,67,37,10
14-10-2024,21:00:00,26,2,30,25,71,41,11
14-10-2024,22:00:00,22,2,25,27,56,39,12
14-10-2024,23:00:00,20,2,26,29,48,35,11
15-10-2024,00:00:00,23,2,29,9,43,27,11
15-10-2024,01:00:00,22,3,31,3,37,25,12
15-10-2024,02:00:00,25,3,37,2,39,27,11
15-10-2024,03:00:00,20,2,25,1,43,26,9
15-10-2024,04:00:00,21,2,29,,42,25,9
15-10-2024,05:00:00,20,2,24,0,44,20,9
15-10-2024,06:00:00,17,2,23,0,43,19,8
15-10-2024,07:00:00,22,2,25,,48,19,9
15-10-2024,08:00:00,34,2,28,0,51,24,9
15-10-2024,09:00:00,30,3,37,1,56,31,6
15-10-2024,10:00:00,24,3,38,14,63,38,8
15-10-2024,11:00:00,24,2,30,30,56,47,9
15-10-2024,12:00:00,21,2,27,42,53,48,8
15-10-2024,13:00:00,14,2,19,45,60,48,6
15-10-2024,14:00:00,12,1,14,53,58,42,5
15-10-2024,15:00:00,13,1,13,58,49,42,5
15-10-2024,16:00:00,10,1,12,63,50,37,5
15-10-2024,17:00:00,12,1,16,67,52,36,4
15-10-2024,18:00:00,14,1,15,51,45,42,5
15-10-2024,19:00:00,28,3,35,28,43,38,5
15-10-2024,20:00:00,61,4,57,1,57,33,5
15-10-2024,21:00:00,54,4,50,2,60,36,5
15-10-2024,22:00:00,85,4,52,,59,45,7
15-10-2024,23:00:00,77,4,49,0,67,52,7
16-10-2024,00:00:00,83,4,49,,74,56,9
16-10-2024,01:00:00,64,3,40,,81,58,11
16-10-2024,02:00:00,44,3,36,0,83,58,11
16-10-2024,03:00:00,39,3,36,0,80,59,11
16-10-2024,04:00:00,31,3,36,,79,56,11
16-10-2024,05:00:00,29,2,30,,72,52,10
16-10-2024,06:00:00,28,2,28,,66,51,8
16-10-2024,07:00:00,31,2,27,,61,47,7
16-10-2024,08:00:00,34,2,25,0,55,44,7
16-10-2024,09:00:00,36,3,32,1,57,47,5
16-10-2024,10:00:00,40,3,40,8,60,48,6
16-10-2024,11:00:00,32,2,25,26,64,50,7
16-10-2024,12:00:00,27,2,25,36,70,51,6
16-10-2024,13:00:00,20,2,18,42,69,52,4
16-10-2024,14:00:00,20,2,17,46,55,55,3
16-10-2024,15:00:00,17,1,13,52,49,50,2
16-10-2024,16:00:00,16,1,13,52,57,44,2
16-10-2024,17:00:00,18,2,19,47,51,43,2
16-10-2024,18:00:00,23,2,17,31,48,40,3
16-10-2024,19:00:00,22,2,22,35,50,37,2
16-10-2024,20:00:00,57,4,45,3,54,41,2
16-10-2024,21:00:00,66,3,42,0,70,45,2
16-10-2024,22:00:00,66,3,41,0,73,48,2
16-10-2024,23:00:00,70,3,40,0,65,56,3
17-10-2024,00:00:00,70,3,40,,71,59,4
17-10-2024,01:00:00,56,3,34,0,74,53,4
17-10-2024,02:00:00,44,2,25,0,77,60,4
17-10-2024,03:00:00,44,2,23,,79,56,5
17-10-2024,04:00:00,38,2,21,0,75,57,4
17-10-2024,05:00:00,34,3,33,0,72,64,4
17-10-2024,06:00:00,28,2,24,1,68,52,3
17-10-2024,07:00:00,32,2,29,0,62,41,3
17-10-2024,08:00:00,38,3,33,0,56,45,2
17-10-2024,09:00:00,34,2,30,3,55,45,3
17-10-2024,10:00:00,38,2,24,5,53,54,3
17-10-2024,11:00:00,36,2,25,11,50,64,4
17-10-2024,12:00:00,24,2,22,20,60,70,4
17-10-2024,13:00:00,21,2,18,35,66,67,3
17-10-2024,14:00:00,20,1,14,36,58,65,3
17-10-2024,15:00:00,17,1,13,38,57,56,3
17-10-2024,16:00:00,16,2,17,38,57,53,3
17-10-2024,17:00:00,18,1,14,33,50,54,3
17-10-2024,18:00:00,21,2,20,20,48,48,3
17-10-2024,19:00:00,40,2,28,8,52,50,2
17-10-2024,20:00:00,46,3,44,3,55,51,3
17-10-2024,21:00:00,60,3,37,0,53,55,4
17-10-2024,22:00:00,73,3,36,0,59,53,5
17-10-2024,23:00:00,38,3,41,1,70,47,5
18-10-2024,00:00:00,32,3,33,4,65,52,6
18-10-2024,01:00:00,21,2,21,13,63,52,6
18-10-2024,02:00:00,18,2,16,10,62,49,5
18-10-2024,03:00:00,21,2,21,3,54,51,4
18-10-2024,04:00:00,21,2,20,2,49,50,3
18-10-2024,05:00:00,20,2,19,0,49,42,1
18-10-2024,06:00:00,20,2,17,6,49,40,1
18-10-2024,07:00:00,22,2,18,4,50,42,0
18-10-2024,08:00:00,18,2,17,5,48,43,0
18-10-2024,09:00:00,18,2,17,7,53,48,4
18-10-2024,10:00:00,19,1,16,9,48,46,4
18-10-2024,11:00:00,16,1,15,15,44,49,4
18-10-2024,12:00:00,13,1,13,23,44,42,4
18-10-2024,13:00:00,12,1,11,28,39,34,4
18-10-2024,14:00:00,12,1,11,29,31,27,4
18-10-2024,15:00:00,11,1,11,35,35,27,3
18-10-2024,16:00:00,10,1,11,40,40,24,5
18-10-2024,17:00:00,12,1,11,37,35,23,6
18-10-2024,18:00:00,15,2,18,30,32,23,5
18-10-2024,19:00:00,26,3,31,13,38,20,6
18-10-2024,20:00:00,34,3,35,7,39,25,6
18-10-2024,21:00:00,82,4,51,0,40,25,7
18-10-2024,22:00:00,107,4,57,0,65,37,9
18-10-2024,23:00:00,98,4,45,,78,54,12
19-10-2024,00:00:00,77,3,34,0,75,56,14
19-10-2024,01:00:00,50,3,32,0,80,53,14
19-10-2024,02:00:00,30,2,25,0,74,47,14
19-10-2024,03:00:00,32,2,19,,65,43,14
19-10-2024,04:00:00,27,2,20,0,62,38,12
19-10-2024,05:00:00,24,2,17,0,62,36,10
19-10-2024,07:00:00,22,1,10,1,34,18,1
19-10-2024,08:00:00,15,2,18,0,36,27,1
19-10-2024,09:00:00,12,3,32,4,45,37,1
19-10-2024,10:00:00,10,2,28,12,49,45,2
19-10-2024,11:00:00,6,2,19,28,50,48,5
19-10-2024,12:00:00,23,2,27,32,52,41,4
19-10-2024,13:00:00,22,1,16,39,45,33,4
19-10-2024,14:00:00,20,1,12,31,42,35,4
19-10-2024,15:00:00,13,1,9,41,45,38,3
19-10-2024,16:00:00,17,1,15,31,40,31,3
19-10-2024,17:00:00,19,2,20,18,33,30,4
19-10-2024,18:00:00,29,3,33,10,33,26,4
19-10-2024,19:00:00,40,3,34,1,34,22,4
19-10-2024,20:00:00,40,3,34,2,38,22,4
19-10-2024,21:00:00,28,2,28,4,44,21,4
19-10-2024,22:00:00,26,2,25,3,44,21,3
19-10-2024,23:00:00,32,2,25,1,37,27,3
20-10-2024,00:00:00,27,2,27,1,34,27,2
20-10-2024,01:00:00,28,1,15,0,43,18,2
20-10-2024,02:00:00,25,2,17,,43,16,1
20-10-2024,03:00:00,22,1,12,0,44,16,0
20-10-2024,04:00:00,16,1,15,5,48,13,1
20-10-2024,05:00:00,13,1,8,7,43,16,1
20-10-2024,06:00:00,10,1,9,9,33,15,1
20-10-2024,07:00:00,10,1,13,12,28,11,0
20-10-2024,08:00:00,10,1,11,14,31,13,1
20-10-2024,09:00:00,10,1,10,20,29,17,5
20-10-2024,10:00:00,10,1,9,24,27,17,5
20-10-2024,11:00:00,12,1,13,28,30,18,5
20-10-2024,12:00:00,12,1,12,35,29,19,6
20-10-2024,13:00:00,12,1,11,44,27,24,7
20-10-2024,14:00:00,12,1,10,48,31,28,7
20-10-2024,15:00:00,10,1,11,54,39,26,7
20-10-2024,16:00:00,12,1,7,50,40,29,8
20-10-2024,17:00:00,19,2,17,36,35,30,9
20-10-2024,18:00:00,37,3,33,8,37,26,8
20-10-2024,19:00:00,26,3,32,14,39,28,8
20-10-2024,20:00:00,44,3,42,2,40,29,9
20-10-2024,21:00:00,32,,,7,44,27,3
20-10-2024,22:00:00,32,2,,11,47,27,3
20-10-2024,23:00:00,26,1,,20,43,33,4
21-10-2024,00:00:00,21,1,,12,38,31,5
21-10-2024,01:00:00,22,1,,5,40,24,4
21-10-2024,02:00:00,14,1,,17,36,22,4
21-10-2024,03:00:00,12,1,,11,31,21,4
21-10-2024,04:00:00,14,1,,5,34,18,2
21-10-2024,05:00:00,16,1,,4,32,16,2
21-10-2024,06:00:00,10,1,,5,27,15,2
21-10-2024,07:00:00,10,1,,6,29,16,1
21-10-2024,08:00:00,13,1,,7,28,14,1
21-10-2024,09:00:00,16,1,,14,28,12,4
21-10-2024,10:00:00,20,1,,19,32,20,4
21-10-2024,11:00:00,15,1,,27,36,25,4
21-10-2024,12:00:00,16,1,6,31,31,27,5
21-10-2024,13:00:00,16,1,13,39,40,25,5
21-10-2024,14:00:00,16,1,18,51,46,25,6
21-10-2024,15:00:00,14,1,12,50,46,28,7
21-10-2024,16:00:00,14,1,10,52,42,25,8
21-10-2024,17:00:00,14,1,17,36,41,22,8
21-10-2024,18:00:00,14,1,13,33,42,22,8
21-10-2024,19:00:00,20,1,22,18,35,23,8
21-10-2024,20:00:00,36,2,36,2,38,20,8
21-10-2024,21:00:00,32,2,37,2,50,25,3
21-10-2024,22:00:00,42,2,35,,52,33,4
21-10-2024,23:00:00,46,2,29,,54,36,5
22-10-2024,00:00:00,44,2,26,,61,35,5
22-10-2024,01:00:00,42,2,30,,56,37,6
22-10-2024,02:00:00,34,2,25,,52,36,7
22-10-2024,03:00:00,38,2,30,,66,40,4
22-10-2024,04:00:00,36,2,29,,81,42,3
22-10-2024,05:00:00,32,2,24,,80,47,3
22-10-2024,06:00:00,28,2,24,,77,46,4
22-10-2024,07:00:00,22,2,28,0,78,44,3
22-10-2024,08:00:00,15,2,19,15,72,42,3
22-10-2024,09:00:00,18,2,20,22,58,40,4
22-10-2024,10:00:00,24,2,26,30,52,37,2
22-10-2024,11:00:00,22,2,26,47,52,38,2
22-10-2024,12:00:00,21,2,22,63,44,43,3
22-10-2024,13:00:00,20,2,21,85,46,43,3
22-10-2024,14:00:00,16,2,17,74,55,39,3
22-10-2024,15:00:00,13,1,14,71,49,38,3
22-10-2024,16:00:00,14,1,13,67,43,33,4
22-10-2024,17:00:00,14,1,14,70,42,30,4
22-10-2024,18:00:00,28,2,27,30,47,32,3
22-10-2024,19:00:00,52,4,45,5,48,31,5
22-10-2024,20:00:00,40,3,41,9,53,30,5
22-10-2024,21:00:00,42,3,44,3,59,32,5
22-10-2024,22:00:00,42,3,42,0,57,34,5
22-10-2024,23:00:00,34,3,33,2,56,39,5
23-10-2024,00:00:00,32,3,38,3,55,38,5
23-10-2024,01:00:00,18,2,24,19,48,31,7
23-10-2024,02:00:00,18,2,25,12,40,31,6
23-10-2024,03:00:00,15,2,28,9,41,26,3
23-10-2024,04:00:00,13,2,19,13,39,26,2
23-10-2024,05:00:00,14,2,22,3,32,26,2
23-10-2024,06:00:00,15,2,25,1,34,22,0
23-10-2024,07:00:00,18,2,21,0,37,20,
23-10-2024,08:00:00,28,2,26,0,42,27,1
23-10-2024,09:00:00,24,2,29,9,51,29,5
23-10-2024,10:00:00,22,2,25,23,55,34,6
23-10-2024,11:00:00,22,2,22,45,49,41,7
23-10-2024,12:00:00,20,2,21,60,48,49,8
23-10-2024,13:00:00,16,2,17,73,61,48,8
23-10-2024,14:00:00,14,1,14,69,72,43,6
23-10-2024,15:00:00,13,1,14,62,59,45,5
23-10-2024,16:00:00,13,2,17,65,51,46,3
23-10-2024,17:00:00,18,2,21,43,48,44,5
23-10-2024,18:00:00,14,2,18,39,43,44,5
23-10-2024,19:00:00,26,3,34,15,43,38,6
23-10-2024,20:00:00,36,4,51,6,53,43,6
23-10-2024,21:00:00,66,4,50,0,61,54,7
23-10-2024,22:00:00,106,5,60,,72,61,10
23-10-2024,23:00:00,113,5,60,,100,79,13
24-10-2024,00:00:00,109,4,56,,111,89,15
24-10-2024,01:00:00,100,4,51,,115,91,17
24-10-2024,02:00:00,82,3,40,,117,88,17
24-10-2024,03:00:00,64,3,36,,116,91,4
24-10-2024,04:00:00,61,3,33,,114,92,4
24-10-2024,05:00:00,57,2,30,,110,93,3
24-10-2024,06:00:00,45,3,31,0,109,93,2
24-10-2024,07:00:00,52,3,37,,113,96,0
24-10-2024,08:00:00,79,3,43,0,122,127,
24-10-2024,09:00:00,52,4,50,4,131,176,
24-10-2024,10:00:00,36,3,40,37,131,165,
24-10-2024,11:00:00,36,3,40,70,121,145,0
24-10-2024,12:00:00,26,2,30,92,117,154,1
24-10-2024,13:00:00,19,2,22,107,117,137,0
24-10-2024,14:00:00,16,1,16,112,98,140,
24-10-2024,15:00:00,16,2,16,112,94,137,
24-10-2024,16:00:00,16,1,14,111,107,102,
24-10-2024,17:00:00,28,2,27,48,96,95,
24-10-2024,18:00:00,30,3,32,39,90,94,
24-10-2024,19:00:00,57,4,50,14,94,94,
24-10-2024,20:00:00,122,7,92,1,113,134,
24-10-2024,21:00:00,108,5,70,0,135,179,
24-10-2024,22:00:00,102,5,67,,145,185,1
24-10-2024,23:00:00,86,4,54,,143,187,1
25-10-2024,00:00:00,94,4,49,,139,183,2
25-10-2024,01:00:00,74,3,41,,137,181,3
25-10-2024,02:00:00,58,3,37,,136,171,3
25-10-2024,03:00:00,44,3,32,,129,155,3
25-10-2024,04:00:00,44,3,31,,120,137,1
25-10-2024,05:00:00,41,2,29,,117,142,0
25-10-2024,06:00:00,36,2,27,,117,133,
25-10-2024,07:00:00,40,3,31,,115,117,
25-10-2024,08:00:00,63,3,37,0,116,138,
25-10-2024,09:00:00,36,3,40,6,121,148,
25-10-2024,10:00:00,38,3,42,30,122,139,4
25-10-2024,11:00:00,28,3,32,84,112,123,5
25-10-2024,12:00:00,24,3,31,121,108,110,6
25-10-2024,13:00:00,19,2,26,102,104,99,5
25-10-2024,14:00:00,19,2,24,126,100,90,4
25-10-2024,15:00:00,18,2,25,127,99,90,3
25-10-2024,16:00:00,17,2,23,114,96,85,2
25-10-2024,17:00:00,20,3,31,87,85,83,2
25-10-2024,18:00:00,24,3,36,75,77,77,2
25-10-2024,19:00:00,72,5,68,12,87,75,2
25-10-2024,20:00:00,116,7,99,2,116,100,5
25-10-2024,21:00:00,110,7,92,0,144,150,8
25-10-2024,22:00:00,110,7,90,,149,142,10
25-10-2024,23:00:00,111,7,89,,147,137,12
26-10-2024,00:00:00,101,6,81,,146,146,14
26-10-2024,01:00:00,86,5,66,,143,138,16
26-10-2024,02:00:00,74,4,55,,142,138,15
26-10-2024,03:00:00,50,3,44,,132,135,4
26-10-2024,04:00:00,45,3,40,,120,108,2
26-10-2024,05:00:00,38,3,36,,119,99,0
26-10-2024,06:00:00,40,3,40,,115,98,
26-10-2024,07:00:00,43,3,36,,111,94,
26-10-2024,08:00:00,53,3,39,,111,96,
26-10-2024,09:00:00,39,3,43,14,110,98,
26-10-2024,10:00:00,40,4,45,53,109,104,
26-10-2024,11:00:00,38,3,40,105,107,120,
26-10-2024,12:00:00,29,3,38,147,108,132,5
26-10-2024,13:00:00,22,2,29,124,107,116,5
26-10-2024,14:00:00,20,2,22,130,105,94,4
26-10-2024,15:00:00,19,2,17,116,104,90,3
26-10-2024,16:00:00,18,2,17,109,97,85,3
26-10-2024,17:00:00,16,2,18,92,86,80,3
26-10-2024,18:00:00,38,3,39,35,80,73,4
26-10-2024,19:00:00,103,6,86,2,92,87,4
26-10-2024,20:00:00,109,7,90,0,106,125,7
26-10-2024,21:00:00,100,6,75,,112,106,5
26-10-2024,22:00:00,101,5,69,,118,95,6
26-10-2024,23:00:00,103,5,70,,122,109,7
27-10-2024,00:00:00,102,5,64,,123,126,7
27-10-2024,01:00:00,96,5,61,,128,140,8
27-10-2024,02:00:00,67,4,45,,129,140,8
27-10-2024,03:00:00,57,3,39,,118,126,4
27-10-2024,04:00:00,51,3,36,,109,108,2
27-10-2024,05:00:00,40,3,32,,104,97,1
27-10-2024,06:00:00,42,3,35,,101,92,4
27-10-2024,07:00:00,47,3,37,,100,97,3
27-10-2024,08:00:00,50,3,39,,106,99,3
27-10-2024,09:00:00,34,3,40,10,104,93,4
27-10-2024,10:00:00,26,3,32,52,99,92,4
27-10-2024,11:00:00,28,3,34,87,93,95,5
27-10-2024,12:00:00,20,3,32,118,95,87,5
27-10-2024,13:00:00,19,2,29,167,94,79,5
27-10-2024,14:00:00,14,2,22,128,92,80,4
27-10-2024,15:00:00,13,2,17,128,99,77,4
27-10-2024,16:00:00,12,1,14,121,90,65,4
27-10-2024,17:00:00,16,2,18,102,75,58,5
27-10-2024,18:00:00,25,2,25,87,84,55,5
27-10-2024,19:00:00,30,3,32,77,95,66,6
27-10-2024,20:00:00,48,4,49,24,101,79,6
27-10-2024,21:00:00,56,5,63,5,105,103,5
27-10-2024,22:00:00,78,5,72,2,110,107,4
27-10-2024,23:00:00,101,6,76,0,113,157,5
28-10-2024,00:00:00,98,5,62,,125,177,5
28-10-2024,01:00:00,89,4,58,,137,171,5
28-10-2024,02:00:00,58,4,45,,136,190,5
28-10-2024,03:00:00,51,3,34,,127,186,4
28-10-2024,04:00:00,46,3,32,,119,151,4
28-10-2024,05:00:00,38,2,31,,112,147,3
28-10-2024,06:00:00,32,2,28,,106,117,4
28-10-2024,07:00:00,34,2,29,,99,105,4
28-10-2024,08:00:00,39,3,36,0,98,106,2
28-10-2024,09:00:00,38,3,38,19,103,106,5
28-10-2024,10:00:00,38,3,36,56,109,114,8
28-10-2024,11:00:00,28,2,27,93,111,142,10
28-10-2024,12:00:00,30,3,31,174,111,107,6
28-10-2024,13:00:00,21,2,22,152,111,84,5
28-10-2024,14:00:00,16,1,15,106,109,90,3
28-10-2024,15:00:00,13,2,23,93,102,78,2
28-10-2024,16:00:00,13,1,15,108,92,71,1
28-10-2024,17:00:00,16,2,22,82,77,72,2
28-10-2024,18:00:00,30,3,41,60,75,59,5
28-10-2024,19:00:00,43,4,49,38,89,57,6
28-10-2024,20:00:00,52,4,54,32,106,79,7
28-10-2024,21:00:00,44,3,45,40,113,93,5
28-10-2024,22:00:00,46,3,39,36,117,108,5
28-10-2024,23:00:00,53,4,45,13,117,159,5
29-10-2024,00:00:00,68,4,55,0,121,166,4
29-10-2024,01:00:00,80,4,49,,127,175,4
29-10-2024,02:00:00,61,3,39,,131,186,5
29-10-2024,03:00:00,46,2,29,,129,184,4
29-10-2024,04:00:00,40,2,30,1,125,171,3
29-10-2024,05:00:00,36,3,31,2,121,158,3
29-10-2024,06:00:00,38,3,33,,116,155,4
29-10-2024,07:00:00,40,2,29,,118,151,3
29-10-2024,08:00:00,46,3,33,0,117,141,3
29-10-2024,09:00:00,45,3,44,4,111,143,5
29-10-2024,10:00:00,39,3,36,41,112,135,6
29-10-2024,11:00:00,34,3,34,89,112,125,8
29-10-2024,12:00:00,34,3,36,165,112,127,6
29-10-2024,13:00:00,27,2,28,169,116,120,6
29-10-2024,14:00:00,22,2,21,106,116,105,5
29-10-2024,15:00:00,20,2,21,123,110,92,4
29-10-2024,16:00:00,20,2,20,118,105,87,4
29-10-2024,17:00:00,22,2,19,104,106,89,5
29-10-2024,18:00:00,26,2,28,98,107,88,4
29-10-2024,19:00:00,34,3,35,77,108,90,6
29-10-2024,20:00:00,38,3,38,50,110,96,6
29-10-2024,21:00:00,38,3,39,35,110,102,5
29-10-2024,22:00:00,43,3,41,20,110,112,4
29-10-2024,23:00:00,42,3,43,18,111,142,4
30-10-2024,00:00:00,37,3,35,18,114,161,4
30-10-2024,01:00:00,40,3,35,7,116,159,4
30-10-2024,02:00:00,45,3,32,0,115,159,4
30-10-2024,03:00:00,42,3,32,,116,152,5
30-10-2024,04:00:00,39,2,30,,117,139,4
30-10-2024,05:00:00,36,2,29,,118,145,4
30-10-2024,06:00:00,37,2,26,,118,147,4
30-10-2024,07:00:00,44,2,29,,123,143,4
30-10-2024,08:00:00,62,3,41,,128,146,5
30-10-2024,09:00:00,47,4,48,6,131,157,6
30-10-2024,10:00:00,34,3,44,47,138,159,7
30-10-2024,11:00:00,32,3,42,86,135,158,9
30-10-2024,12:00:00,31,3,32,143,126,141,6
30-10-2024,13:00:00,22,2,27,120,118,132,6
30-10-2024,14:00:00,22,2,23,126,115,116,4
30-10-2024,15:00:00,18,2,18,150,107,99,3
30-10-2024,16:00:00,18,2,17,126,105,92,5
30-10-2024,17:00:00,22,3,33,87,101,87,3
30-10-2024,18:00:00,59,4,58,28,101,94,4
30-10-2024,19:00:00,101,7,88,2,124,175,6
30-10-2024,20:00:00,60,5,68,3,134,191,6
30-10-2024,21:00:00,49,4,54,11,127,146,5
30-10-2024,22:00:00,54,4,49,6,120,127,4
30-10-2024,23:00:00,64,4,58,,112,117,5
31-10-2024,00:00:00,78,4,58,,114,115,4
31-10-2024,01:00:00,71,4,58,,120,130,4
31-10-2024,02:00:00,57,4,46,,121,142,4
31-10-2024,03:00:00,52,4,46,,120,138,5
31-10-2024,04:00:00,47,3,35,,119,135,4
31-10-2024,05:00:00,42,3,31,,115,133,4
31-10-2024,06:00:00,43,3,34,,114,136,4
31-10-2024,07:00:00,48,3,33,,113,137,4
31-10-2024,08:00:00,56,3,36,,112,130,5
31-10-2024,09:00:00,44,4,46,13,113,129,5
31-10-2024,10:00:00,35,3,37,51,117,140,5
31-10-2024,11:00:00,26,2,27,86,113,148,8
31-10-2024,12:00:00,24,2,23,96,107,142,6
31-10-2024,13:00:00,22,2,21,104,106,130,5
31-10-2024,14:00:00,20,2,18,110,106,118,4
31-10-2024,15:00:00,19,1,15,110,101,110,4
31-10-2024,16:00:00,18,1,14,105,94,116,4
31-10-2024,17:00:00,18,1,15,102,84,109,4
31-10-2024,18:00:00,22,2,20,65,79,97,5
31-10-2024,19:00:00,86,5,72,10,84,105,6
31-10-2024,20:00:00,78,5,68,1,92,130,6
31-10-2024,21:00:00,60,4,58,5,105,137,5
31-10-2024,22:00:00,64,5,68,0,110,140,5
31-10-2024,23:00:00,50,4,54,3,112,145,4
01-11-2024,00:00:00,70,5,64,,115,159,5
01-11-2024,01:00:00,56,4,59,0,124,204,4
01-11-2024,02:00:00,36,4,49,9,129,237,4
01-11-2024,03:00:00,24,3,31,34,124,198,4
01-11-2024,04:00:00,31,4,51,2,115,158,3
01-11-2024,05:00:00,30,3,42,0,107,153,2
01-11-2024,06:00:00,31,3,43,,102,122,3
01-11-2024,07:00:00,47,4,54,,104,109,3
01-11-2024,08:00:00,50,3,45,,108,118,3
01-11-2024,09:00:00,40,3,44,12,114,131,6
01-11-2024,10:00:00,32,3,42,50,113,127,8
01-11-2024,11:00:00,24,2,26,81,108,128,10
01-11-2024,12:00:00,20,2,20,87,103,132,7
01-11-2024,13:00:00,18,2,19,99,100,129,6
01-11-2024,14:00:00,18,2,16,106,96,119,6
01-11-2024,15:00:00,16,1,14,101,91,113,5
01-11-2024,16:00:00,16,1,14,98,87,101,4
01-11-2024,17:00:00,15,1,15,92,88,99,4
01-11-2024,18:00:00,16,1,16,82,82,96,5
01-11-2024,19:00:00,42,3,39,20,79,97,6
01-11-2024,20:00:00,77,5,68,1,97,120,6
01-11-2024,21:00:00,74,5,65,,111,169,6
01-11-2024,22:00:00,64,4,57,,115,188,7
01-11-2024,23:00:00,77,5,63,,441,500,9
02-11-2024,00:00:00,81,4,59,,500,500,8
02-11-2024,01:00:00,80,4,55,,500,500,9
02-11-2024,02:00:00,80,4,56,,500,500,10
02-11-2024,03:00:00,81,4,51,,500,500,7
02-11-2024,04:00:00,62,3,44,,500,500,7
02-11-2024,05:00:00,64,3,39,,487,500,8
02-11-2024,06:00:00,56,3,34,,441,500,7
02-11-2024,07:00:00,57,3,34,,383,453,6
02-11-2024,08:00:00,70,3,40,,284,412,5
02-11-2024,09:00:00,32,3,33,18,245,377,5
02-11-2024,10:00:00,28,3,31,61,160,318,5
02-11-2024,11:00:00,25,2,26,83,115,255,4
02-11-2024,12:00:00,21,2,23,92,103,215,7
02-11-2024,13:00:00,19,2,23,114,105,102,5
02-11-2024,14:00:00,17,2,20,127,101,82,3
02-11-2024,15:00:00,16,1,16,129,77,102,3
02-11-2024,16:00:00,15,1,16,129,76,91,2
02-11-2024,17:00:00,14,1,15,123,78,71,1
02-11-2024,18:00:00,20,2,19,86,62,70,6
02-11-2024,19:00:00,66,6,80,1,81,105,5
02-11-2024,20:00:00,98,7,90,0,108,96,5
02-11-2024,21:00:00,90,6,80,0,117,133,6
02-11-2024,22:00:00,92,6,76,0,140,234,6
02-11-2024,23:00:00,102,6,77,0,163,311,8
03-11-2024,00:00:00,104,6,77,,188,335,7
03-11-2024,01:00:00,94,5,65,,218,352,9
03-11-2024,02:00:00,71,4,55,,217,350,9
03-11-2024,03:00:00,58,4,50,,195,340,5
03-11-2024,04:00:00,54,4,49,,174,315,4
03-11-2024,05:00:00,48,4,46,,150,303,4
03-11-2024,06:00:00,44,4,46,,143,278,5
03-11-2024,07:00:00,60,4,51,,144,263,4
03-11-2024,08:00:00,60,4,45,,137,255,3
03-11-2024,09:00:00,44,4,49,10,144,227,6
03-11-2024,10:00:00,36,4,46,49,143,210,6
03-11-2024,11:00:00,27,3,35,95,127,213,9
03-11-2024,12:00:00,24,3,31,109,120,191,6
03-11-2024,13:00:00,18,2,28,108,114,142,3
03-11-2024,14:00:00,16,2,24,120,105,112,1
03-11-2024,15:00:00,16,2,22,124,100,96,0
03-11-2024,16:00:00,15,2,26,119,94,86,0
03-11-2024,17:00:00,14,2,23,118,85,86,1
03-11-2024,18:00:00,17,2,21,87,81,86,5
03-11-2024,19:00:00,59,5,67,20,81,88,5
03-11-2024,20:00:00,98,7,95,0,90,88,5
03-11-2024,21:00:00,88,7,91,0,107,96,6
03-11-2024,22:00:00,74,5,72,,116,105,6
03-11-2024,23:00:00,100,6,79,,121,156,7
04-11-2024,00:00:00,103,6,80,,133,222,7
04-11-2024,01:00:00,101,6,76,,161,304,10
04-11-2024,02:00:00,76,5,61,,175,316,11
04-11-2024,03:00:00,61,4,50,,176,314,4
04-11-2024,04:00:00,54,4,45,,166,309,4
04-11-2024,05:00:00,48,3,39,,157,304,3
04-11-2024,06:00:00,48,3,42,,152,281,5
04-11-2024,07:00:00,70,5,62,,150,264,5
04-11-2024,08:00:00,70,4,56,,155,274,4
04-11-2024,09:00:00,46,4,54,3,156,253,5
04-11-2024,10:00:00,36,4,52,48,146,238,7
04-11-2024,11:00:00,29,3,38,93,11,,9
04-11-2024,12:00:00,24,3,40,110,120,176,6
04-11-2024,13:00:00,16,2,29,107,117,159,2
04-11-2024,14:00:00,16,2,24,110,108,114,0
04-11-2024,15:00:00,15,2,23,110,106,114,
04-11-2024,16:00:00,14,2,20,118,103,107,
04-11-2024,17:00:00,14,2,20,101,104,94,1
04-11-2024,18:00:00,22,2,25,70,100,100,5
04-11-2024,19:00:00,75,5,65,19,99,96,5
04-11-2024,20:00:00,127,9,114,2,122,177,8
04-11-2024,21:00:00,119,7,100,0,150,232,8
04-11-2024,22:00:00,104,6,83,0,166,257,10
04-11-2024,23:00:00,102,6,74,,156,229,12
05-11-2024,00:00:00,100,6,81,0,158,225,6
05-11-2024,01:00:00,96,6,75,,165,255,8
05-11-2024,02:00:00,81,5,60,,165,254,9
05-11-2024,03:00:00,64,4,56,,163,245,3
05-11-2024,04:00:00,54,4,50,,150,247,1
05-11-2024,05:00:00,52,4,53,,147,220,1
05-11-2024,06:00:00,51,4,47,,154,214,3
05-11-2024,07:00:00,66,4,59,,147,231,2
05-11-2024,08:00:00,66,4,50,,154,220,2
05-11-2024,09:00:00,47,4,50,3,153,225,5
05-11-2024,10:00:00,43,4,52,41,139,185,5
05-11-2024,11:00:00,40,4,51,90,140,200,7
05-11-2024,12:00:00,30,3,44,130,136,207,7
05-11-2024,13:00:00,20,3,32,117,138,190,3
05-11-2024,14:00:00,20,2,27,123,130,168,1
05-11-2024,15:00:00,18,2,25,124,118,152,0
05-11-2024,16:00:00,18,2,22,124,115,116,5
05-11-2024,17:00:00,17,2,19,126,106,118,5
05-11-2024,18:00:00,24,2,27,84,101,120,5
05-11-2024,19:00:00,103,8,105,2,101,119,5
05-11-2024,20:00:00,119,8,110,1,117,161,7
05-11-2024,21:00:00,114,8,103,0,144,185,8
05-11-2024,22:00:00,105,7,92,0,162,192,9
05-11-2024,23:00:00,105,7,92,,165,200,10
06-11-2024,00:00:00,104,6,83,,165,205,7
06-11-2024,01:00:00,90,5,71,,160,210,7
06-11-2024,02:00:00,68,5,60,,153,215,7
06-11-2024,03:00:00,50,4,50,,140,189,3
06-11-2024,04:00:00,48,4,51,,125,182,1
06-11-2024,05:00:00,42,3,42,,124,151,1
06-11-2024,06:00:00,42,3,43,,120,138,4
06-11-2024,07:00:00,56,4,58,,114,145,4
06-11-2024,08:00:00,52,4,47,,121,153,2
06-11-2024,09:00:00,42,4,50,6,127,154,5
06-11-2024,10:00:00,38,4,53,48,125,168,5
06-11-2024,11:00:00,38,4,56,86,123,164,7
06-11-2024,12:00:00,35,4,51,157,120,174,7
06-11-2024,13:00:00,25,3,36,153,120,158,6
06-11-2024,14:00:00,21,2,26,146,122,137,5
06-11-2024,15:00:00,20,2,22,160,115,125,4
06-11-2024,16:00:00,20,2,20,158,118,124,3
06-11-2024,17:00:00,19,2,22,136,102,104,3
06-11-2024,18:00:00,30,4,58,39,102,91,6
06-11-2024,19:00:00,44,5,65,17,99,83,4
06-11-2024,20:00:00,106,7,101,1,103,103,4
06-11-2024,21:00:00,108,8,104,0,112,99,6
06-11-2024,22:00:00,102,7,96,0,125,129,6
06-11-2024,23:00:00,101,7,95,0,129,133,7
07-11-2024,00:00:00,101,7,93,,120,128,5
07-11-2024,01:00:00,102,7,98,,128,137,6
07-11-2024,02:00:00,71,6,77,,147,146,5
07-11-2024,03:00:00,60,5,69,,145,140,5
07-11-2024,04:00:00,50,4,58,,140,128,4
07-11-2024,05:00:00,46,4,56,,141,133,3
07-11-2024,06:00:00,47,4,58,,135,121,4
07-11-2024,07:00:00,52,4,58,,127,143,3
07-11-2024,08:00:00,61,5,65,,135,142,3
07-11-2024,09:00:00,54,5,64,0,138,152,5
07-11-2024,10:00:00,41,5,63,41,133,164,6
07-11-2024,11:00:00,40,6,78,68,126,160,8
07-11-2024,12:00:00,32,4,55,125,128,183,10
07-11-2024,13:00:00,24,3,42,149,135,178,10
07-11-2024,14:00:00,22,3,31,147,126,163,9
07-11-2024,15:00:00,20,3,32,141,123,156,8
07-11-2024,16:00:00,18,2,21,149,111,136,6
07-11-2024,17:00:00,18,2,28,123,104,118,6
07-11-2024,18:00:00,31,3,33,72,106,113,7
07-11-2024,19:00:00,112,9,120,3,105,97,7
07-11-2024,20:00:00,130,9,123,1,128,163,10
07-11-2024,21:00:00,120,9,114,0,157,215,8
07-11-2024,22:00:00,117,8,109,0,166,212,12
07-11-2024,23:00:00,116,8,110,,165,208,14
08-11-2024,00:00:00,113,8,110,,164,223,8
08-11-2024,01:00:00,104,6,88,,179,234,9
08-11-2024,02:00:00,92,6,77,,170,230,9
08-11-2024,03:00:00,74,5,66,,167,221,4
08-11-2024,04:00:00,71,5,60,,155,208,1
08-11-2024,05:00:00,68,5,62,,147,207,1
08-11-2024,06:00:00,68,5,59,,142,208,5
08-11-2024,07:00:00,74,5,60,,146,197,4
08-11-2024,08:00:00,82,5,62,,154,205,3
08-11-2024,09:00:00,78,5,68,5,150,227,5
08-11-2024,10:00:00,50,5,66,43,147,214,6
08-11-2024,11:00:00,36,4,48,89,153,217,7
08-11-2024,12:00:00,30,3,42,129,140,210,8
08-11-2024,13:00:00,24,3,33,130,131,216,5
08-11-2024,14:00:00,22,3,36,125,118,162,2
08-11-2024,15:00:00,20,2,30,138,119,148,1
08-11-2024,16:00:00,20,2,23,144,111,138,0
08-11-2024,17:00:00,20,2,21,133,103,126,1
08-11-2024,18:00:00,28,3,32,85,94,134,7
08-11-2024,19:00:00,112,8,111,6,99,115,7
08-11-2024,20:00:00,130,9,121,1,,,10
08-11-2024,21:00:00,105,7,97,0,166,256,7
08-11-2024,22:00:00,73,6,83,5,164,186,6
08-11-2024,23:00:00,111,8,106,,145,157,8
09-11-2024,00:00:00,110,8,106,,151,223,7
09-11-2024,01:00:00,104,7,91,,169,303,9
09-11-2024,02:00:00,94,6,80,,174,215,9
09-11-2024,03:00:00,80,6,73,,175,254,4
09-11-2024,04:00:00,71,5,66,,166,189,1
09-11-2024,05:00:00,68,5,64,,160,234,2
09-11-2024,06:00:00,74,5,64,,158,264,5
09-11-2024,07:00:00,72,5,62,,164,277,5
09-11-2024,08:00:00,78,5,64,,165,250,4
09-11-2024,09:00:00,60,5,60,7,157,200,5
09-11-2024,10:00:00,52,5,60,46,150,283,5
09-11-2024,11:00:00,39,4,50,99,153,214,6
09-11-2024,14:00:00,23,3,39,133,127,146,1
09-11-2024,15:00:00,20,2,29,149,120,142,0
09-11-2024,16:00:00,20,2,27,146,107,133,
09-11-2024,17:00:00,19,2,23,132,103,95,1
09-11-2024,18:00:00,47,4,50,61,102,93,4
09-11-2024,19:00:00,113,8,110,4,105,151,5
09-11-2024,20:00:00,131,10,131,1,130,225,8
09-11-2024,21:00:00,102,7,100,0,172,304,6
09-11-2024,22:00:00,52,5,70,24,165,248,6
09-11-2024,23:00:00,108,8,102,0,144,225,8
10-11-2024,00:00:00,106,7,101,,151,253,5
10-11-2024,01:00:00,102,7,90,,166,258,6
10-11-2024,02:00:00,88,6,77,,168,271,6
10-11-2024,03:00:00,81,5,69,,162,243,4
10-11-2024,04:00:00,74,5,65,,161,252,2
10-11-2024,05:00:00,63,5,60,,152,249,3
10-11-2024,06:00:00,60,4,56,,140,255,5
10-11-2024,07:00:00,64,4,55,,144,236,3
10-11-2024,08:00:00,66,4,59,,136,237,3
10-11-2024,09:00:00,64,4,57,1,145,241,5
10-11-2024,10:00:00,46,4,54,29,145,224,4
10-11-2024,11:00:00,44,4,55,74,140,241,6
10-11-2024,12:00:00,38,4,56,117,132,241,9
10-11-2024,13:00:00,30,4,49,131,139,240,9
10-11-2024,14:00:00,24,3,35,139,137,227,5
10-11-2024,15:00:00,24,2,30,151,127,214,4
10-11-2024,16:00:00,23,2,28,147,123,210,4
10-11-2024,17:00:00,23,3,32,116,122,205,3
10-11-2024,18:00:00,26,3,33,81,115,214,6
10-11-2024,19:00:00,101,7,101,1,112,196,6
10-11-2024,20:00:00,112,8,110,1,131,210,7
10-11-2024,21:00:00,115,8,103,0,151,282,8
10-11-2024,22:00:00,117,8,107,0,165,298,10
10-11-2024,23:00:00,105,7,96,,171,306,12
11-11-2024,00:00:00,112,8,103,,177,307,7
11-11-2024,01:00:00,109,7,98,,185,306,9
11-11-2024,02:00:00,103,6,77,,178,311,10
11-11-2024,03:00:00,86,5,66,,174,306,5
11-11-2024,04:00:00,74,5,61,,172,304,2
11-11-2024,05:00:00,76,4,57,,156,292,1
11-11-2024,06:00:00,82,5,60,,150,302,5
11-11-2024,07:00:00,83,5,62,,155,306,4
11-11-2024,08:00:00,92,5,69,,170,307,6
11-11-2024,09:00:00,75,5,69,2,170,307,6
11-11-2024,10:00:00,56,5,70,33,170,309,4
11-11-2024,11:00:00,40,4,55,90,166,301,6
11-11-2024,12:00:00,27,3,39,120,153,300,8
11-11-2024,13:00:00,25,3,38,128,145,289,5
11-11-2024,14:00:00,22,3,36,141,138,260,1
11-11-2024,15:00:00,21,2,30,150,129,251,0
11-11-2024,16:00:00,20,2,27,149,125,227,0
11-11-2024,17:00:00,19,2,25,147,124,212,0
11-11-2024,18:00:00,28,3,38,89,117,201,7
11-11-2024,19:00:00,114,9,113,7,116,206,8
11-11-2024,20:00:00,108,8,102,0,,,8
11-11-2024,21:00:00,72,7,89,3,157,236,7
11-11-2024,22:00:00,60,6,77,10,153,217,7
11-11-2024,23:00:00,77,6,80,5,148,305,7
12-11-2024,00:00:00,102,7,100,,148,228,7
12-11-2024,01:00:00,98,7,89,,162,295,7
12-11-2024,02:00:00,94,6,80,,168,302,7
12-11-2024,03:00:00,79,5,67,,173,309,4
12-11-2024,04:00:00,72,5,62,,158,302,3
12-11-2024,05:00:00,62,4,57,,150,310,4
12-11-2024,06:00:00,64,5,67,,145,303,5
12-11-2024,07:00:00,68,5,64,,163,272,4
12-11-2024,08:00:00,84,5,69,,165,299,4
12-11-2024,09:00:00,74,5,70,5,172,324,6
12-11-2024,10:00:00,51,5,70,51,170,315,7
12-11-2024,11:00:00,28,3,42,107,165,291,11
12-11-2024,12:00:00,24,3,39,130,140,241,12
12-11-2024,13:00:00,22,3,38,133,133,171,8
12-11-2024,15:00:00,19,2,28,155,115,125,5
12-11-2024,16:00:00,17,2,24,150,114,134,5
12-11-2024,17:00:00,17,2,24,148,107,138,4
12-11-2024,18:00:00,24,3,31,94,104,114,8
12-11-2024,19:00:00,108,8,108,5,102,99,7
12-11-2024,20:00:00,140,10,135,1,120,210,10
12-11-2024,21:00:00,137,10,131,1,159,241,10
12-11-2024,22:00:00,127,9,123,0,166,246,15
12-11-2024,23:00:00,119,9,117,0,178,268,16
13-11-2024,00:00:00,72,6,87,9,181,253,5
13-11-2024,01:00:00,100,7,101,,164,236,6
13-11-2024,02:00:00,96,7,92,,164,230,5
13-11-2024,03:00:00,80,6,78,,170,237,4
13-11-2024,04:00:00,62,5,70,,160,234,2
13-11-2024,05:00:00,64,5,70,,146,232,0
13-11-2024,06:00:00,60,5,66,,145,231,2
13-11-2024,07:00:00,69,6,73,,144,234,1
13-11-2024,08:00:00,82,6,75,,152,263,1
13-11-2024,09:00:00,80,6,84,3,154,274,6
13-11-2024,10:00:00,54,6,81,47,167,271,7
13-11-2024,11:00:00,30,4,49,103,155,263,12
13-11-2024,12:00:00,26,3,42,123,131,241,11
13-11-2024,13:00:00,22,3,42,139,125,191,9
13-11-2024,14:00:00,20,3,37,150,117,165,6
13-11-2024,15:00:00,18,2,30,155,110,166,5
13-11-2024,16:00:00,18,2,30,139,107,145,4
13-11-2024,17:00:00,16,2,27,129,103,129,2
13-11-2024,18:00:00,25,3,33,90,98,130,7
13-11-2024,19:00:00,101,7,95,13,93,109,7
13-11-2024,20:00:00,152,11,142,1,109,150,10
13-11-2024,21:00:00,138,10,135,0,148,196,10
13-11-2024,22:00:00,115,8,110,0,185,213,14
13-11-2024,23:00:00,107,7,99,2,185,211,16
14-11-2024,00:00:00,78,6,80,8,167,223,6
14-11-2024,01:00:00,92,7,88,,151,202,8
14-11-2024,02:00:00,79,6,81,0,161,213,6
14-11-2024,03:00:00,68,6,78,,154,201,4
14-11-2024,04:00:00,64,5,69,0,142,204,1
14-11-2024,05:00:00,61,5,63,0,136,199,1
14-11-2024,06:00:00,64,5,66,0,141,205,3
14-11-2024,07:00:00,72,5,67,,143,218,1
14-11-2024,08:00:00,89,6,74,,139,237,2
14-11-2024,09:00:00,70,6,74,4,148,221,5
14-11-2024,10:00:00,47,5,72,49,149,229,7
14-11-2024,11:00:00,32,4,48,93,141,208,12
14-11-2024,12:00:00,30,4,46,125,135,198,11
14-11-2024,13:00:00,28,3,44,118,130,189,7
14-11-2024,14:00:00,22,3,34,109,122,185,4
14-11-2024,15:00:00,20,2,30,104,110,170,3
14-11-2024,16:00:00,23,2,30,,,,1
14-11-2024,17:00:00,26,2,25,,11,,
14-11-2024,18:00:00,40,3,38,18,,,
14-11-2024,19:00:00,48,4,55,10,41,46,
14-11-2024,20:00:00,109,7,90,1,66,68,
14-11-2024,21:00:00,119,8,105,,109,98,
14-11-2024,22:00:00,112,7,99,,128,132,
14-11-2024,23:00:00,124,7,100,,156,187,
15-11-2024,00:00:00,104,6,75,,160,264,
15-11-2024,01:00:00,66,5,62,1,155,255,
15-11-2024,02:00:00,48,4,54,4,130,242,
15-11-2024,03:00:00,38,3,42,12,121,206,
15-11-2024,04:00:00,40,4,55,2,109,165,6
15-11-2024,05:00:00,40,4,56,,113,144,6
15-11-2024,06:00:00,48,5,60,,117,172,7
15-11-2024,07:00:00,60,5,63,,124,175,10
15-11-2024,08:00:00,65,5,65,,132,183,11
15-11-2024,09:00:00,48,5,60,2,134,207,8
15-11-2024,10:00:00,34,3,41,19,130,194,10
15-11-2024,11:00:00,,3,34,36,124,175,
15-11-2024,12:00:00,52,,,40,121,176,
15-11-2024,13:00:00,50,3,32,53,122,167,2
16-11-2024,03:00:00,90,5,66,,144,257,1
16-11-2024,04:00:00,82,4,56,,142,259,1
16-11-2024,05:00:00,72,4,50,,136,240,0
16-11-2024,06:00:00,76,4,54,,137,229,1
16-11-2024,07:00:00,87,4,50,,145,268,1
16-11-2024,08:00:00,74,4,46,,148,274,0
16-11-2024,09:00:00,78,4,53,1,142,233,1
16-11-2024,10:00:00,60,3,39,30,143,262,4
16-11-2024,11:00:00,54,3,33,50,142,240,8
16-11-2024,12:00:00,49,3,31,60,138,249,5
16-11-2024,13:00:00,50,2,28,68,133,202,3
16-11-2024,14:00:00,48,2,25,71,124,230,2
16-11-2024,15:00:00,46,2,26,68,122,201,1
16-11-2024,16:00:00,44,2,21,68,120,191,0
16-11-2024,17:00:00,44,2,20,61,106,200,0
16-11-2024,18:00:00,46,2,24,51,106,196,2
16-11-2024,19:00:00,64,3,41,24,107,184,1
16-11-2024,20:00:00,106,6,82,4,105,188,1
16-11-2024,21:00:00,131,9,116,0,114,192,4
16-11-2024,22:00:00,138,9,115,0,153,205,7
16-11-2024,23:00:00,129,8,103,,174,232,11
17-11-2024,00:00:00,120,7,92,,168,259,3
17-11-2024,01:00:00,119,6,88,,167,271,5
17-11-2024,02:00:00,110,6,80,,167,275,7
17-11-2024,03:00:00,105,5,71,,168,275,2
17-11-2024,04:00:00,100,5,68,,159,273,1
17-11-2024,05:00:00,79,5,62,0,160,254,0
17-11-2024,06:00:00,72,5,63,0,142,237,0
17-11-2024,07:00:00,81,5,65,,137,251,
17-11-2024,08:00:00,100,5,71,,141,253,0
17-11-2024,09:00:00,64,4,51,8,143,238,1
17-11-2024,10:00:00,52,3,37,40,141,242,4
17-11-2024,11:00:00,49,3,35,55,131,219,6
17-11-2024,12:00:00,44,3,34,63,127,218,6
17-11-2024,13:00:00,41,2,29,68,119,198,4
17-11-2024,14:00:00,40,2,25,71,114,183,3
17-11-2024,15:00:00,38,2,23,70,112,171,1
17-11-2024,16:00:00,36,2,19,72,104,153,0
17-11-2024,17:00:00,38,2,18,70,97,141,0
17-11-2024,18:00:00,44,2,29,55,96,132,4
17-11-2024,19:00:00,110,8,108,2,92,123,2
17-11-2024,20:00:00,134,10,129,0,116,152,5
17-11-2024,21:00:00,129,9,120,0,141,194,5
17-11-2024,22:00:00,105,7,94,0,160,235,5
17-11-2024,23:00:00,102,7,95,1,153,234,6
18-11-2024,00:00:00,114,8,107,0,141,234,3
18-11-2024,01:00:00,108,7,98,0,150,237,3
18-11-2024,02:00:00,101,7,88,,147,230,3
18-11-2024,03:00:00,84,6,77,,133,237,0
18-11-2024,04:00:00,78,5,73,0,135,227,
18-11-2024,05:00:00,65,5,71,,135,220,
18-11-2024,06:00:00,78,7,89,,131,221,1
18-11-2024,07:00:00,88,6,76,,140,224,0
18-11-2024,08:00:00,101,6,77,,141,236,1
18-11-2024,09:00:00,88,6,75,1,143,236,3
18-11-2024,10:00:00,60,4,56,36,147,237,6
18-11-2024,11:00:00,55,4,57,55,145,213,8
18-11-2024,12:00:00,46,3,44,70,145,197,5
18-11-2024,13:00:00,41,3,38,69,130,182,2
18-11-2024,14:00:00,39,3,34,71,113,154,1
18-11-2024,15:00:00,38,2,29,77,103,138,0
18-11-2024,16:00:00,38,2,25,79,102,118,0
18-11-2024,17:00:00,37,2,24,75,95,114,0
18-11-2024,18:00:00,44,3,33,60,76,97,4
18-11-2024,19:00:00,80,6,75,16,82,96,2
18-11-2024,20:00:00,76,6,76,11,101,133,2
18-11-2024,21:00:00,65,5,67,17,103,126,1
18-11-2024,22:00:00,62,5,63,17,108,113,0
18-11-2024,23:00:00,102,7,96,2,106,111,1
19-11-2024,00:00:00,112,8,111,0,110,141,3
19-11-2024,01:00:00,102,8,102,1,141,157,3
19-11-2024,02:00:00,82,6,84,2,144,201,3
19-11-2024,03:00:00,83,6,87,0,138,208,0
19-11-2024,04:00:00,72,6,75,0,151,236,
19-11-2024,05:00:00,74,5,72,,151,235,
19-11-2024,06:00:00,78,5,72,,145,278,1
19-11-2024,07:00:00,86,6,75,,145,284,0
19-11-2024,08:00:00,98,5,71,,157,271,0
19-11-2024,09:00:00,86,5,66,7,154,277,3
19-11-2024,10:00:00,64,5,61,41,158,283,9
19-11-2024,11:00:00,62,4,58,63,153,275,11
19-11-2024,12:00:00,54,4,53,79,151,291,8
19-11-2024,13:00:00,48,3,44,81,148,269,7
19-11-2024,14:00:00,46,3,40,90,136,258,6
19-11-2024,15:00:00,45,3,39,90,132,238,9
19-11-2024,16:00:00,44,2,29,95,134,231,7
19-11-2024,17:00:00,43,3,37,,131,213,6
19-11-2024,18:00:00,54,4,56,49,128,206,7
19-11-2024,19:00:00,68,5,63,35,127,209,6
19-11-2024,20:00:00,105,8,105,8,125,221,5
19-11-2024,21:00:00,114,9,119,0,141,209,7
19-11-2024,22:00:00,98,8,108,9,149,254,8
19-11-2024,23:00:00,108,9,121,1,150,270,10
20-11-2024,00:00:00,101,8,103,4,155,294,4
20-11-2024,01:00:00,86,6,84,7,156,284,2
20-11-2024,02:00:00,101,8,104,0,146,281,4
20-11-2024,03:00:00,98,7,95,,151,286,3
20-11-2024,04:00:00,86,7,89,,154,302,1
20-11-2024,05:00:00,77,6,79,,159,294,0
20-11-2024,06:00:00,86,7,98,,146,293,3
20-11-2024,07:00:00,100,7,99,,169,303,2
20-11-2024,08:00:00,102,7,99,,182,307,2
20-11-2024,09:00:00,86,6,85,7,180,308,6
20-11-2024,10:00:00,60,5,64,40,174,306,9
20-11-2024,11:00:00,52,4,53,62,162,283,11
20-11-2024,12:00:00,47,4,49,71,145,273,10
20-11-2024,13:00:00,44,4,48,72,134,237,8
20-11-2024,14:00:00,43,4,46,79,125,207,6
20-11-2024,15:00:00,42,3,41,84,122,189,5
20-11-2024,16:00:00,40,3,38,84,115,171,6
20-11-2024,17:00:00,40,3,33,82,106,157,5
20-11-2024,18:00:00,48,3,36,61,102,149,8
20-11-2024,19:00:00,61,3,34,43,92,123,7
20-11-2024,20:00:00,97,3,44,13,94,119,6
20-11-2024,21:00:00,113,4,58,0,102,120,5
20-11-2024,22:00:00,124,4,64,0,115,158,8
20-11-2024,23:00:00,118,4,54,0,126,179,11
21-11-2024,00:00:00,101,3,45,5,136,199,5
21-11-2024,01:00:00,98,3,47,3,128,201,5
21-11-2024,02:00:00,98,3,49,1,125,202,5
21-11-2024,03:00:00,94,3,47,0,135,210,4
21-11-2024,04:00:00,80,3,37,,136,211,1
21-11-2024,05:00:00,78,2,34,,132,204,1
21-11-2024,06:00:00,82,2,33,,129,218,3
21-11-2024,07:00:00,91,2,36,,130,223,1
21-11-2024,08:00:00,103,3,39,,137,244,2
21-11-2024,09:00:00,92,3,40,5,141,274,6
21-11-2024,10:00:00,69,2,34,38,144,253,11
21-11-2024,11:00:00,60,2,29,66,145,224,12
21-11-2024,12:00:00,55,2,25,79,134,227,11
21-11-2024,13:00:00,50,2,25,80,131,211,8
21-11-2024,14:00:00,50,2,24,89,124,191,6
21-11-2024,15:00:00,46,2,19,89,120,178,7
21-11-2024,16:00:00,46,2,21,90,109,167,7
21-11-2024,17:00:00,46,2,22,77,110,163,6
21-11-2024,18:00:00,56,2,28,46,105,167,6
21-11-2024,19:00:00,86,3,48,19,98,165,6
21-11-2024,20:00:00,106,4,61,2,113,172,5
21-11-2024,21:00:00,114,4,64,0,116,160,6
21-11-2024,22:00:00,126,4,67,0,124,184,9
21-11-2024,23:00:00,116,4,58,0,140,201,12
22-11-2024,00:00:00,110,4,56,0,140,235,6
22-11-2024,01:00:00,110,4,54,,141,201,5
22-11-2024,02:00:00,106,3,51,,143,252,6
22-11-2024,03:00:00,101,3,42,,151,256,3
22-11-2024,04:00:00,96,3,37,,144,221,2
22-11-2024,05:00:00,95,2,35,,136,231,1
22-11-2024,06:00:00,94,2,35,,130,223,3
22-11-2024,07:00:00,98,3,37,,138,228,1
22-11-2024,08:00:00,104,3,39,,140,235,2
22-11-2024,09:00:00,101,3,44,3,141,254,6
22-11-2024,10:00:00,82,3,42,23,152,252,6
22-11-2024,11:00:00,71,3,37,52,148,241,8
22-11-2024,12:00:00,58,2,29,70,151,243,9
22-11-2024,13:00:00,52,2,28,79,139,230,6
22-11-2024,14:00:00,50,2,26,89,126,206,4
22-11-2024,15:00:00,47,2,23,86,117,184,3
22-11-2024,16:00:00,47,2,20,89,110,175,2
22-11-2024,17:00:00,46,1,18,89,108,165,1
22-11-2024,18:00:00,52,2,19,67,107,164,6
22-11-2024,19:00:00,107,4,60,4,105,157,6
22-11-2024,20:00:00,145,5,78,0,124,193,8
22-11-2024,21:00:00,151,5,78,0,148,217,9
22-11-2024,22:00:00,136,4,67,0,168,239,13
22-11-2024,23:00:00,135,4,67,0,170,234,16
23-11-2024,00:00:00,130,4,65,,154,254,7
23-11-2024,01:00:00,126,5,70,,163,242,10
23-11-2024,02:00:00,121,4,61,,167,281,11
23-11-2024,03:00:00,110,3,48,,182,289,4
23-11-2024,04:00:00,104,3,38,,161,263,2
23-11-2024,05:00:00,99,2,34,,151,271,1
23-11-2024,06:00:00,94,2,36,,141,255,1
23-11-2024,07:00:00,101,3,40,,139,219,
23-11-2024,08:00:00,112,3,45,,149,264,1
23-11-2024,09:00:00,109,3,44,4,161,302,5
23-11-2024,10:00:00,82,3,36,29,171,297,5
23-11-2024,11:00:00,77,2,34,51,164,305,8
23-11-2024,12:00:00,70,2,29,72,156,306,7
23-11-2024,13:00:00,64,2,29,88,150,282,5
23-11-2024,14:00:00,57,2,27,96,143,257,3
23-11-2024,15:00:00,56,2,22,111,128,210,2
23-11-2024,16:00:00,54,2,21,108,123,189,1
23-11-2024,17:00:00,52,2,20,94,118,174,0
23-11-2024,18:00:00,72,2,30,50,113,177,6
23-11-2024,19:00:00,105,4,57,8,118,185,5
23-11-2024,20:00:00,115,4,64,0,131,210,6
23-11-2024,21:00:00,114,4,63,0,138,220,6
23-11-2024,22:00:00,117,4,60,,134,202,7
23-11-2024,23:00:00,116,4,56,,138,200,6
24-11-2024,00:00:00,117,4,56,,136,197,5
24-11-2024,01:00:00,117,3,50,,138,200,8
24-11-2024,02:00:00,112,3,45,,144,231,9
24-11-2024,03:00:00,107,3,43,,149,249,5
24-11-2024,04:00:00,100,2,34,,143,240,3
24-11-2024,05:00:00,94,2,31,,137,244,2
24-11-2024,06:00:00,98,2,33,,133,254,3
24-11-2024,07:00:00,101,2,32,,137,256,2
24-11-2024,08:00:00,105,2,34,,136,248,2
24-11-2024,09:00:00,101,2,35,4,139,252,4
24-11-2024,10:00:00,85,3,37,23,138,247,5
24-11-2024,11:00:00,66,2,25,57,145,310,7
24-11-2024,12:00:00,62,2,26,67,,,7
24-11-2024,13:00:00,57,2,25,74,,,5
24-11-2024,14:00:00,55,2,22,81,,,3
24-11-2024,15:00:00,52,2,20,81,,,3
24-11-2024,16:00:00,52,2,21,83,10,,2
24-11-2024,17:00:00,52,2,20,75,,,1
24-11-2024,18:00:00,53,2,26,45,,,6
24-11-2024,19:00:00,103,4,58,2,112,223,4
24-11-2024,20:00:00,128,5,75,0,121,251,5
24-11-2024,21:00:00,131,4,67,0,145,256,7
24-11-2024,22:00:00,118,4,58,0,158,312,8
24-11-2024,23:00:00,109,3,51,2,157,334,8
25-11-2024,00:00:00,118,4,57,0,163,319,6
25-11-2024,01:00:00,113,4,55,,165,312,7
25-11-2024,02:00:00,103,3,44,1,174,316,9
25-11-2024,03:00:00,103,3,45,0,173,314,3
25-11-2024,04:00:00,99,3,38,,166,317,1
25-11-2024,05:00:00,91,2,30,,163,316,
25-11-2024,06:00:00,92,2,32,,159,314,2
25-11-2024,07:00:00,100,2,34,,154,303,0
25-11-2024,08:00:00,103,3,38,,151,306,1
25-11-2024,09:00:00,103,3,39,1,156,309,4
25-11-2024,10:00:00,80,3,36,25,152,311,6
25-11-2024,11:00:00,63,2,27,63,,,12
25-11-2024,12:00:00,56,2,25,67,,,10
25-11-2024,13:00:00,53,2,24,74,10,,8
25-11-2024,14:00:00,51,1,19,83,10,,6
25-11-2024,15:00:00,50,1,18,80,103,125,6
25-11-2024,16:00:00,48,1,18,79,101,105,4
25-11-2024,17:00:00,51,1,16,73,99,93,4
25-11-2024,18:00:00,54,2,20,58,98,87,6
25-11-2024,19:00:00,97,3,50,6,102,78,3
25-11-2024,20:00:00,99,4,53,4,106,76,3
25-11-2024,21:00:00,92,3,49,6,107,75,4
25-11-2024,22:00:00,100,3,50,1,110,62,4
25-11-2024,23:00:00,96,3,49,1,116,64,3
26-11-2024,00:00:00,106,4,54,1,122,86,7
26-11-2024,01:00:00,108,3,52,1,135,121,8
26-11-2024,02:00:00,104,3,50,0,150,112,7
26-11-2024,03:00:00,98,3,44,0,152,91,4
26-11-2024,04:00:00,98,3,43,0,148,76,3
26-11-2024,05:00:00,86,3,42,0,145,70,2
26-11-2024,06:00:00,82,3,41,,143,67,2
26-11-2024,07:00:00,85,3,40,,140,63,2
26-11-2024,08:00:00,101,3,42,,140,63,1
26-11-2024,09:00:00,94,3,40,6,144,66,3
26-11-2024,10:00:00,77,2,34,37,147,76,8
26-11-2024,11:00:00,70,2,34,52,152,88,11
26-11-2024,12:00:00,57,2,26,70,150,84,10
26-11-2024,13:00:00,52,2,24,73,138,70,9
26-11-2024,14:00:00,44,2,19,68,123,77,5
26-11-2024,15:00:00,43,1,17,66,107,75,4
26-11-2024,16:00:00,44,1,14,74,97,65,4
26-11-2024,17:00:00,46,1,15,78,88,59,4
26-11-2024,18:00:00,50,1,18,57,84,59,6
26-11-2024,19:00:00,66,2,32,22,90,58,5
26-11-2024,20:00:00,86,3,48,3,97,59,4
26-11-2024,21:00:00,105,3,51,6,105,57,5
26-11-2024,22:00:00,92,3,43,9,109,53,5
26-11-2024,23:00:00,107,4,54,1,113,51,6
27-11-2024,00:00:00,100,3,49,1,118,57,4
27-11-2024,01:00:00,103,3,47,1,126,62,5
27-11-2024,02:00:00,105,3,49,1,144,68,6
27-11-2024,03:00:00,100,3,47,1,153,73,5
27-11-2024,04:00:00,92,3,43,0,153,75,4
27-11-2024,05:00:00,82,3,42,0,158,70,2
27-11-2024,06:00:00,86,3,47,0,153,65,4
27-11-2024,07:00:00,98,4,55,,160,66,3
27-11-2024,08:00:00,103,3,51,0,191,70,2
27-11-2024,09:00:00,101,3,47,3,201,72,5
27-11-2024,10:00:00,72,3,41,25,178,72,9
27-11-2024,11:00:00,56,2,28,54,154,69,16
27-11-2024,12:00:00,51,2,27,62,134,108,13
27-11-2024,13:00:00,44,2,23,62,100,191,8
27-11-2024,14:00:00,44,2,22,72,100,191,7
27-11-2024,15:00:00,43,2,20,74,,,6
27-11-2024,16:00:00,40,1,17,80,,,6
27-11-2024,17:00:00,42,1,16,80,,,8
27-11-2024,18:00:00,48,2,21,56,,,8
27-11-2024,19:00:00,124,5,73,1,94,153,7
27-11-2024,20:00:00,102,4,59,1,114,152,7
27-11-2024,21:00:00,90,4,53,2,122,154,6
27-11-2024,22:00:00,98,3,51,1,119,147,5
27-11-2024,23:00:00,99,3,46,3,122,153,3
28-11-2024,00:00:00,104,3,49,1,135,203,7
28-11-2024,01:00:00,100,3,43,1,145,237,7
28-11-2024,02:00:00,103,3,45,1,150,264,7
28-11-2024,03:00:00,98,3,47,0,151,281,5
28-11-2024,04:00:00,98,3,47,1,155,272,3
28-11-2024,05:00:00,92,3,43,0,159,262,1
28-11-2024,06:00:00,82,3,44,,156,248,4
28-11-2024,07:00:00,89,3,48,,153,245,3
28-11-2024,08:00:00,102,3,50,,155,246,2
28-11-2024,09:00:00,86,3,42,7,157,248,4
28-11-2024,10:00:00,59,2,30,41,150,248,11
28-11-2024,11:00:00,54,2,29,57,137,237,16
28-11-2024,12:00:00,46,2,29,66,128,205,17
28-11-2024,13:00:00,42,2,24,68,125,189,12
28-11-2024,16:00:00,36,2,21,64,91,160,2
28-11-2024,18:00:00,35,1,18,61,90,134,6
28-11-2024,19:00:00,49,2,28,31,,,7
28-11-2024,20:00:00,57,2,31,21,,,6
28-11-2024,21:00:00,70,3,42,9,,,5
28-11-2024,22:00:00,62,2,33,17,90,194,5
28-11-2024,23:00:00,79,3,43,5,93,182,6
29-11-2024,00:00:00,92,3,45,1,101,173,4
29-11-2024,01:00:00,68,2,34,11,115,191,4
29-11-2024,02:00:00,83,3,43,1,123,208,6
29-11-2024,03:00:00,88,3,41,1,131,237,4
29-11-2024,04:00:00,69,2,32,7,141,258,3
29-11-2024,05:00:00,68,3,38,2,137,226,4
29-11-2024,06:00:00,77,3,44,,124,197,4
29-11-2024,07:00:00,86,3,46,0,134,189,2
29-11-2024,08:00:00,101,3,49,1,142,184,1
29-11-2024,09:00:00,94,3,43,4,147,206,6
29-11-2024,10:00:00,76,3,42,25,147,229,9
29-11-2024,11:00:00,52,2,27,54,141,229,11
29-11-2024,12:00:00,48,2,28,66,126,213,13
29-11-2024,13:00:00,46,2,26,71,112,203,14
29-11-2024,14:00:00,46,2,23,75,107,202,9
29-11-2024,15:00:00,44,2,20,81,,,9
29-11-2024,16:00:00,42,2,20,82,,,9
29-11-2024,17:00:00,40,1,16,77,,,6
29-11-2024,18:00:00,68,3,48,19,,,7
29-11-2024,19:00:00,134,6,92,1,,,9
29-11-2024,20:00:00,146,6,89,1,143,319,13
29-11-2024,21:00:00,119,5,71,0,160,323,8
29-11-2024,22:00:00,93,3,48,14,154,323,8
29-11-2024,23:00:00,111,4,63,2,142,320,7
30-11-2024,00:00:00,125,5,74,1,149,316,6
30-11-2024,01:00:00,119,5,71,1,166,315,7
30-11-2024,02:00:00,116,5,79,1,189,321,10
30-11-2024,03:00:00,110,4,68,1,248,318,4
30-11-2024,04:00:00,104,4,58,0,245,316,1
30-11-2024,05:00:00,86,3,50,0,181,310,1
30-11-2024,06:00:00,78,3,50,,150,280,3
30-11-2024,07:00:00,84,3,49,,155,240,0
30-11-2024,08:00:00,101,3,48,,160,219,1
30-11-2024,09:00:00,98,3,46,2,150,237,4
30-11-2024,10:00:00,71,3,38,34,148,292,8
30-11-2024,11:00:00,68,3,38,59,142,311,10
30-11-2024,12:00:00,59,2,34,77,132,316,13
30-11-2024,13:00:00,51,2,27,79,129,315,13
30-11-2024,14:00:00,50,2,27,90,,,11
30-11-2024,15:00:00,47,2,26,93,,,9
30-11-2024,16:00:00,44,2,23,90,,,8
30-11-2024,17:00:00,48,2,32,53,,,6
30-11-2024,18:00:00,55,2,34,42,,,5
30-11-2024,19:00:00,102,4,64,5,,,5
30-11-2024,20:00:00,139,6,88,1,119,297,8
30-11-2024,21:00:00,139,5,83,0,190,298,8
30-11-2024,22:00:00,130,5,75,0,195,299,13
30-11-2024,23:00:00,129,5,76,0,166,268,16
01-12-2024,00:00:00,120,4,67,0,167,248,6
01-12-2024,01:00:00,116,4,61,0,163,239,6
01-12-2024,02:00:00,114,4,58,0,153,262,7
01-12-2024,03:00:00,108,3,51,0,161,271,4
01-12-2024,04:00:00,110,4,54,0,165,254,2
01-12-2024,05:00:00,105,3,48,,159,253,1
01-12-2024,06:00:00,103,3,43,,145,240,4
01-12-2024,07:00:00,106,3,50,,145,219,2
01-12-2024,08:00:00,111,4,57,,163,224,2
01-12-2024,09:00:00,106,3,51,1,177,251,6
01-12-2024,10:00:00,84,3,41,27,171,291,7
01-12-2024,11:00:00,78,3,40,59,150,303,10
01-12-2024,12:00:00,65,2,32,71,133,301,12
01-12-2024,13:00:00,62,2,32,68,131,284,11
01-12-2024,14:00:00,62,2,29,73,132,277,8
01-12-2024,15:00:00,55,2,24,75,,,6
01-12-2024,16:00:00,52,2,19,74,,,5
01-12-2024,17:00:00,53,2,20,68,,,4
01-12-2024,18:00:00,50,1,19,50,,,8
01-12-2024,19:00:00,64,2,24,24,104,255,7
01-12-2024,20:00:00,90,3,37,11,104,255,6
01-12-2024,21:00:00,103,3,48,1,105,197,6
01-12-2024,22:00:00,101,3,41,3,114,185,5
01-12-2024,23:00:00,96,3,38,5,123,188,5
02-12-2024,00:00:00,100,3,41,6,122,190,6
02-12-2024,01:00:00,115,3,51,,121,187,7
02-12-2024,02:00:00,113,3,48,0,126,210,8
02-12-2024,03:00:00,111,3,44,,140,219,6
02-12-2024,04:00:00,107,3,37,,146,222,7
02-12-2024,05:00:00,100,2,32,,144,228,7
02-12-2024,06:00:00,101,2,34,,139,223,4
02-12-2024,07:00:00,102,2,33,,135,214,3
02-12-2024,08:00:00,101,3,37,,136,228,3
02-12-2024,09:00:00,86,2,31,4,135,231,4
02-12-2024,10:00:00,70,2,26,21,132,235,4
02-12-2024,11:00:00,64,2,21,35,126,222,5
02-12-2024,12:00:00,55,1,19,41,124,199,5
02-12-2024,13:00:00,53,2,20,42,107,162,3
02-12-2024,14:00:00,49,1,15,48,96,162,2
02-12-2024,15:00:00,48,1,14,48,10,,3
02-12-2024,16:00:00,46,1,14,47,10,,1
02-12-2024,17:00:00,44,1,14,46,,,1
02-12-2024,18:00:00,46,1,14,35,,,5
02-12-2024,19:00:00,58,2,23,16,,,5
02-12-2024,20:00:00,62,2,28,13,86,178,4
02-12-2024,21:00:00,69,2,28,9,88,156,4
02-12-2024,22:00:00,58,2,20,20,88,139,4
02-12-2024,23:00:00,62,2,19,10,86,152,5
03-12-2024,00:00:00,61,1,19,8,90,131,4
03-12-2024,01:00:00,62,1,18,17,91,118,4
03-12-2024,02:00:00,56,1,16,19,92,123,5
03-12-2024,03:00:00,52,1,16,20,98,125,5
03-12-2024,04:00:00,53,1,16,20,89,114,5
03-12-2024,05:00:00,50,1,13,22,82,106,5
03-12-2024,06:00:00,51,2,21,15,84,101,4
03-12-2024,07:00:00,54,2,24,6,82,96,2
03-12-2024,08:00:00,54,2,22,8,84,99,2
03-12-2024,09:00:00,60,2,21,8,89,135,5
03-12-2024,10:00:00,56,1,15,23,95,184,5
03-12-2024,11:00:00,54,1,11,31,,,7
03-12-2024,12:00:00,47,1,9,31,,,6
03-12-2024,13:00:00,42,1,9,33,,,6
03-12-2024,14:00:00,41,1,8,36,,,4
03-12-2024,15:00:00,40,1,6,33,,,4
03-12-2024,16:00:00,40,2,21,32,,,4
03-12-2024,17:00:00,41,1,10,34,,,4
03-12-2024,18:00:00,42,1,11,27,,,5
03-12-2024,19:00:00,52,1,16,16,,,5
03-12-2024,20:00:00,60,2,26,8,,,4
03-12-2024,21:00:00,62,2,23,9,,,5
03-12-2024,22:00:00,51,1,11,25,,,6
03-12-2024,23:00:00,53,1,17,18,,,6
04-12-2024,00:00:00,52,1,16,13,,,4
04-12-2024,01:00:00,58,1,12,11,72,119,4
04-12-2024,02:00:00,57,1,13,8,79,159,4
04-12-2024,03:00:00,54,1,12,9,85,152,4
04-12-2024,04:00:00,51,1,9,9,81,98,4
04-12-2024,05:00:00,52,1,9,5,78,92,5
04-12-2024,06:00:00,54,1,10,6,77,75,3
04-12-2024,07:00:00,56,1,10,6,76,77,3
04-12-2024,08:00:00,56,1,11,5,74,85,3
04-12-2024,09:00:00,54,1,12,8,75,79,3
04-12-2024,10:00:00,50,1,12,14,71,71,3
04-12-2024,11:00:00,50,1,11,20,70,91,4
04-12-2024,12:00:00,42,1,10,27,69,117,4
04-12-2024,13:00:00,42,1,10,32,65,101,3
04-12-2024,14:00:00,41,1,9,29,59,92,2
04-12-2024,15:00:00,42,1,9,35,,,3
04-12-2024,16:00:00,40,1,9,37,,,3
04-12-2024,17:00:00,40,1,11,34,,,3
04-12-2024,18:00:00,44,1,13,27,,,4
04-12-2024,19:00:00,64,2,24,9,54,80,4
04-12-2024,20:00:00,122,3,44,0,62,74,4
04-12-2024,21:00:00,136,3,47,0,85,83,8
04-12-2024,22:00:00,135,3,46,,121,86,13
04-12-2024,23:00:00,126,3,43,,126,87,16
05-12-2024,00:00:00,118,3,41,,130,79,5
05-12-2024,01:00:00,113,2,35,,132,81,6
05-12-2024,02:00:00,109,2,29,,130,83,6
05-12-2024,03:00:00,105,2,29,,126,73,5
05-12-2024,04:00:00,101,2,24,,119,66,4
05-12-2024,05:00:00,99,2,21,,111,64,4
05-12-2024,06:00:00,91,2,23,,109,61,4
05-12-2024,07:00:00,86,2,20,,112,61,2
05-12-2024,08:00:00,86,1,19,,110,61,1
05-12-2024,09:00:00,79,2,27,1,106,71,3
05-12-2024,10:00:00,64,2,20,15,107,93,3
05-12-2024,11:00:00,61,2,21,28,107,175,2
05-12-2024,12:00:00,,2,20,,,,3
05-12-2024,13:00:00,,1,16,,,,1
05-12-2024,14:00:00,,,,80,10,,
05-12-2024,15:00:00,19,1,4,97,,,
05-12-2024,16:00:00,16,,,89,,,
05-12-2024,17:00:00,15,1,7,88,,,
05-12-2024,18:00:00,22,1,7,61,,,3
05-12-2024,19:00:00,109,1,3,1,,,5
05-12-2024,20:00:00,103,1,8,1,107,156,4
05-12-2024,21:00:00,72,1,18,13,86,143,2
05-12-2024,22:00:00,79,2,21,2,105,110,3
05-12-2024,23:00:00,85,1,17,,102,91,2
06-12-2024,00:00:00,82,1,13,,98,80,1
06-12-2024,01:00:00,68,1,12,,104,80,1
06-12-2024,02:00:00,48,1,12,2,102,76,1
06-12-2024,03:00:00,48,1,9,,101,74,0
06-12-2024,04:00:00,44,1,4,,98,71,
06-12-2024,05:00:00,42,0,,,100,73,0
06-12-2024,06:00:00,47,0,,,105,65,1
06-12-2024,07:00:00,60,0,,,118,76,1
06-12-2024,08:00:00,68,0,,,119,80,1
06-12-2024,09:00:00,54,0,1,11,118,83,1
06-12-2024,10:00:00,40,1,3,44,113,87,3
06-12-2024,11:00:00,42,1,6,64,109,99,4
06-12-2024,12:00:00,42,1,10,113,112,121,2
06-12-2024,13:00:00,32,1,8,134,106,159,2
06-12-2024,14:00:00,30,1,8,150,105,169,2
06-12-2024,15:00:00,27,1,6,149,123,181,1
06-12-2024,16:00:00,28,1,7,186,125,183,1
06-12-2024,17:00:00,30,1,8,161,115,186,0
06-12-2024,18:00:00,35,1,11,70,,,1
06-12-2024,19:00:00,54,1,18,22,,,0
06-12-2024,20:00:00,32,1,10,54,,,1
06-12-2024,21:00:00,36,1,10,32,,,1
06-12-2024,22:00:00,44,1,12,18,,,1
06-12-2024,23:00:00,50,1,15,6,78,134,0
07-12-2024,00:00:00,89,1,5,0,70,97,2
07-12-2024,01:00:00,102,0,,,85,86,3
07-12-2024,02:00:00,90,0,,,101,76,4
07-12-2024,03:00:00,76,0,,,106,69,2
07-12-2024,04:00:00,66,0,,,106,64,2
07-12-2024,05:00:00,54,0,,,102,59,2
07-12-2024,06:00:00,57,0,,,103,60,1
07-12-2024,07:00:00,62,0,,,104,56,1
07-12-2024,08:00:00,66,0,,,105,62,2
07-12-2024,09:00:00,52,0,3,7,102,64,2
07-12-2024,10:00:00,51,1,7,45,103,119,2
07-12-2024,11:00:00,38,1,7,86,110,228,3
07-12-2024,12:00:00,30,1,8,127,108,200,1
07-12-2024,13:00:00,27,1,9,129,94,173,
07-12-2024,14:00:00,20,1,7,106,,,
07-12-2024,15:00:00,18,1,6,98,,,
07-12-2024,16:00:00,16,1,5,87,,,
07-12-2024,17:00:00,16,1,5,80,,,0
07-12-2024,18:00:00,20,1,7,66,,,1
07-12-2024,19:00:00,28,1,11,43,,,1
07-12-2024,20:00:00,32,1,12,42,,,1
07-12-2024,21:00:00,44,1,15,18,58,93,1
07-12-2024,22:00:00,74,1,11,0,66,81,1
07-12-2024,23:00:00,61,1,19,3,71,75,1
08-12-2024,00:00:00,58,1,18,2,77,75,1
08-12-2024,01:00:00,69,1,10,,81,74,0
08-12-2024,02:00:00,61,1,9,,91,70,0
08-12-2024,03:00:00,52,1,8,,102,82,1
08-12-2024,04:00:00,41,1,8,,103,79,1
08-12-2024,05:00:00,36,1,7,,102,66,0
08-12-2024,06:00:00,40,0,1,,97,53,0
08-12-2024,07:00:00,48,0,,,91,57,0
08-12-2024,08:00:00,68,0,,,101,62,1
08-12-2024,09:00:00,42,0,2,13,112,67,1
08-12-2024,10:00:00,34,1,5,55,109,96,3
08-12-2024,11:00:00,32,1,8,89,106,112,6
08-12-2024,12:00:00,24,1,7,100,99,112,2
08-12-2024,13:00:00,22,1,8,120,83,103,1
08-12-2024,14:00:00,17,1,6,63,76,103,0
08-12-2024,15:00:00,14,1,5,60,69,103,
08-12-2024,16:00:00,14,1,4,60,,,
08-12-2024,17:00:00,14,1,5,58,,,
08-12-2024,18:00:00,19,1,8,55,,,1
08-12-2024,19:00:00,32,1,14,27,,,1
08-12-2024,20:00:00,61,1,15,1,49,76,0
08-12-2024,21:00:00,64,2,19,0,63,76,0
08-12-2024,22:00:00,92,1,4,0,72,75,1
08-12-2024,23:00:00,101,0,,0,83,76,1
09-12-2024,00:00:00,108,0,,0,101,77,2
09-12-2024,01:00:00,86,0,,0,122,89,3
09-12-2024,02:00:00,70,0,,0,122,77,4
09-12-2024,03:00:00,56,0,0,,108,71,0
09-12-2024,04:00:00,52,0,,,96,64,0
09-12-2024,05:00:00,42,0,0,,98,63,
09-12-2024,06:00:00,36,0,1,,101,63,0
09-12-2024,07:00:00,45,0,,,101,53,
09-12-2024,08:00:00,54,0,,,103,58,0
09-12-2024,09:00:00,47,0,,1,104,61,1
09-12-2024,10:00:00,36,2,21,49,105,90,2
09-12-2024,11:00:00,24,1,17,97,106,111,4
09-12-2024,12:00:00,23,1,17,117,109,117,3
09-12-2024,13:00:00,22,2,19,145,113,137,2
09-12-2024,14:00:00,20,1,19,170,95,83,1
09-12-2024,15:00:00,20,1,16,169,89,90,2
09-12-2024,16:00:00,17,1,13,177,90,95,2
09-12-2024,17:00:00,18,1,13,171,85,98,1
09-12-2024,19:00:00,67,3,37,34,88,90,3
09-12-2024,20:00:00,76,3,40,4,102,90,2
09-12-2024,21:00:00,30,1,19,73,109,91,2
09-12-2024,23:00:00,34,2,20,61,90,83,1
10-12-2024,00:00:00,32,1,18,54,95,82,1
10-12-2024,01:00:00,28,1,18,62,95,80,1
10-12-2024,02:00:00,26,1,17,76,90,78,2
10-12-2024,03:00:00,26,1,17,61,87,78,0
10-12-2024,04:00:00,32,2,23,27,86,76,
10-12-2024,05:00:00,36,2,33,2,92,77,0
10-12-2024,06:00:00,38,2,34,1,99,81,0
10-12-2024,07:00:00,48,2,33,0,101,84,0
10-12-2024,08:00:00,54,2,33,0,128,86,0
10-12-2024,09:00:00,46,2,32,7,130,94,1
10-12-2024,10:00:00,30,2,21,77,132,113,4
10-12-2024,11:00:00,26,2,20,97,128,90,5
10-12-2024,12:00:00,24,2,21,115,122,93,4
10-12-2024,13:00:00,23,2,20,133,118,81,3
10-12-2024,14:00:00,22,1,17,166,118,86,2
10-12-2024,15:00:00,22,1,19,158,109,93,4
10-12-2024,16:00:00,22,1,14,181,108,93,4
10-12-2024,18:00:00,21,1,13,159,110,87,2
10-12-2024,19:00:00,54,2,32,42,107,89,2
10-12-2024,21:00:00,,3,,,129,93,
10-12-2024,22:00:00,122,3,46,0,148,98,5
10-12-2024,23:00:00,118,3,44,0,165,114,8
11-12-2024,00:00:00,110,3,40,0,169,130,3
11-12-2024,01:00:00,104,3,37,0,169,130,4
11-12-2024,02:00:00,86,2,35,,168,124,3
11-12-2024,03:00:00,74,2,31,,164,118,0
11-12-2024,04:00:00,57,2,28,,156,105,
11-12-2024,05:00:00,52,2,27,,149,100,
11-12-2024,06:00:00,54,2,28,,134,98,0
11-12-2024,07:00:00,67,2,28,,145,98,
11-12-2024,08:00:00,80,2,23,0,182,137,
11-12-2024,09:00:00,86,2,20,,178,138,2
11-12-2024,10:00:00,50,2,25,51,114,86,4
11-12-2024,11:00:00,38,2,22,105,114,94,9
11-12-2024,12:00:00,34,2,21,128,112,98,6
11-12-2024,14:00:00,28,2,23,160,102,104,4
11-12-2024,15:00:00,26,2,20,182,83,108,2
11-12-2024,16:00:00,24,1,16,221,76,98,1
11-12-2024,18:00:00,44,2,22,116,65,83,2
11-12-2024,19:00:00,56,2,34,65,66,76,1
11-12-2024,20:00:00,105,3,47,5,71,71,1
11-12-2024,21:00:00,120,3,52,0,90,71,3
11-12-2024,22:00:00,117,3,48,0,104,74,4
11-12-2024,23:00:00,111,3,41,0,119,73,5
12-12-2024,00:00:00,108,3,38,0,119,73,2
12-12-2024,01:00:00,110,3,39,0,117,73,3
12-12-2024,02:00:00,103,3,36,0,119,76,5
12-12-2024,03:00:00,101,2,35,0,121,77,3
12-12-2024,04:00:00,84,2,28,,122,78,2
12-12-2024,05:00:00,78,2,26,,116,80,0
12-12-2024,07:00:00,78,2,21,,107,72,
12-12-2024,08:00:00,82,2,21,,111,72,
12-12-2024,09:00:00,75,2,25,13,105,73,1
12-12-2024,10:00:00,52,2,29,53,107,86,2
12-12-2024,11:00:00,44,2,25,84,108,90,4
12-12-2024,12:00:00,34,2,22,121,105,83,5
12-12-2024,14:00:00,32,2,21,236,87,67,2
12-12-2024,15:00:00,30,2,20,300,80,74,0
12-12-2024,16:00:00,28,1,19,303,77,71,
12-12-2024,17:00:00,28,1,15,234,77,70,0
12-12-2024,18:00:00,40,2,25,110,72,66,2
12-12-2024,19:00:00,52,2,33,45,76,62,1
12-12-2024,20:00:00,50,3,40,35,76,61,1
12-12-2024,21:00:00,112,3,50,1,81,60,3
12-12-2024,22:00:00,103,3,45,1,93,64,4
12-12-2024,23:00:00,103,3,42,0,102,70,5
13-12-2024,00:00:00,101,3,42,0,107,71,1
13-12-2024,01:00:00,84,3,40,0,106,71,1
13-12-2024,02:00:00,84,3,37,0,109,72,1
13-12-2024,03:00:00,84,2,34,0,111,75,0
13-12-2024,04:00:00,77,2,31,0,115,81,
13-12-2024,05:00:00,72,2,32,,121,91,
13-12-2024,06:00:00,68,2,33,,131,95,0
13-12-2024,07:00:00,56,2,31,,130,91,
13-12-2024,08:00:00,88,2,31,,121,89,
13-12-2024,09:00:00,100,2,26,0,121,94,1
13-12-2024,10:00:00,34,2,22,70,111,98,3
13-12-2024,11:00:00,30,2,21,95,92,85,6
13-12-2024,12:00:00,26,2,20,116,80,78,4
13-12-2024,15:00:00,19,1,14,161,8,,3
13-12-2024,18:00:00,22,1,13,131,51,,4
13-12-2024,19:00:00,73,3,42,19,60,32,2
13-12-2024,20:00:00,106,4,52,1,83,59,3
13-12-2024,21:00:00,103,3,52,1,90,70,3
13-12-2024,22:00:00,86,3,44,2,92,66,5
13-12-2024,23:00:00,57,2,35,10,95,62,4
14-12-2024,00:00:00,71,3,38,5,96,67,0
14-12-2024,01:00:00,100,3,39,1,97,74,0
14-12-2024,02:00:00,76,3,38,1,109,91,0
14-12-2024,03:00:00,72,3,37,1,,,1
14-12-2024,05:00:00,42,2,32,17,111,82,
14-12-2024,07:00:00,46,2,34,2,103,75,
14-12-2024,08:00:00,46,2,31,3,105,,
14-12-2024,09:00:00,45,2,28,16,,,1
14-12-2024,10:00:00,33,2,22,82,96,116,6
14-12-2024,11:00:00,28,1,18,115,88,67,10
14-12-2024,12:00:00,28,1,17,132,84,57,8
14-12-2024,13:00:00,28,1,15,164,85,60,8
14-12-2024,15:00:00,25,1,13,190,78,53,8
14-12-2024,16:00:00,24,1,12,192,72,61,8
14-12-2024,17:00:00,23,1,12,177,76,55,7
14-12-2024,18:00:00,23,1,13,153,71,56,5
14-12-2024,19:00:00,46,2,29,55,72,51,2
14-12-2024,20:00:00,114,3,52,1,73,55,3
14-12-2024,21:00:00,129,4,57,1,109,86,5
15-12-2024,00:00:00,107,3,50,1,130,98,3
15-12-2024,01:00:00,74,2,34,19,122,107,3
15-12-2024,02:00:00,64,2,28,21,,,3
15-12-2024,03:00:00,59,2,33,10,117,86,
15-12-2024,04:00:00,56,3,37,1,116,90,
15-12-2024,05:00:00,64,3,41,1,113,92,
15-12-2024,06:00:00,54,3,37,0,113,76,0
15-12-2024,07:00:00,56,3,38,0,117,61,
15-12-2024,08:00:00,72,3,37,0,118,80,
15-12-2024,09:00:00,64,2,34,4,120,111,2
15-12-2024,10:00:00,46,2,30,54,112,113,8
15-12-2024,11:00:00,31,2,24,107,113,94,16
15-12-2024,12:00:00,29,2,23,152,102,54,12
15-12-2024,13:00:00,28,2,23,181,93,53,10
15-12-2024,15:00:00,23,1,17,192,84,47,7
15-12-2024,16:00:00,20,1,14,186,76,55,5
15-12-2024,17:00:00,20,1,13,188,73,49,4
15-12-2024,18:00:00,26,1,15,170,69,48,8
15-12-2024,19:00:00,35,2,19,101,68,49,6
15-12-2024,20:00:00,116,4,59,1,73,51,6
15-12-2024,22:00:00,115,4,56,1,122,87,5
15-12-2024,23:00:00,87,3,47,14,122,98,7
16-12-2024,00:00:00,115,4,53,1,125,90,2
16-12-2024,01:00:00,104,3,47,1,131,6,1
16-12-2024,02:00:00,106,3,45,1,,,3
16-12-2024,03:00:00,101,3,41,1,127,160,2
16-12-2024,04:00:00,102,3,40,1,130,161,1
16-12-2024,05:00:00,100,3,37,0,138,150,
16-12-2024,06:00:00,88,3,37,0,135,122,0
16-12-2024,07:00:00,80,2,35,0,,,
16-12-2024,08:00:00,100,2,33,,131,103,
16-12-2024,09:00:00,99,3,36,0,141,164,1
16-12-2024,11:00:00,46,2,35,98,112,81,7
16-12-2024,12:00:00,36,2,32,101,102,78,7
16-12-2024,14:00:00,22,2,23,94,78,62,1
16-12-2024,15:00:00,20,1,18,106,70,48,1
16-12-2024,16:00:00,18,1,15,108,52,45,1
16-12-2024,18:00:00,34,2,32,52,42,41,2
16-12-2024,19:00:00,122,4,63,1,53,39,3
16-12-2024,20:00:00,146,5,69,1,151,48,8
16-12-2024,21:00:00,143,4,64,1,182,56,6
16-12-2024,22:00:00,124,4,57,0,154,67,10
16-12-2024,23:00:00,126,4,55,1,137,72,12
17-12-2024,00:00:00,120,4,53,1,138,78,5
17-12-2024,01:00:00,128,4,53,2,156,86,7
17-12-2024,02:00:00,109,3,43,1,161,95,8
17-12-2024,03:00:00,104,3,39,1,144,102,1
17-12-2024,04:00:00,103,3,39,1,134,108,
17-12-2024,05:00:00,106,3,42,1,149,120,
17-12-2024,06:00:00,103,3,39,1,153,118,2
17-12-2024,07:00:00,102,3,37,0,134,120,2
17-12-2024,08:00:00,106,2,34,0,159,114,1
17-12-2024,09:00:00,110,2,36,0,158,107,2
17-12-2024,10:00:00,82,3,49,16,151,113,3
17-12-2024,11:00:00,68,3,50,72,123,124,8
17-12-2024,12:00:00,52,3,39,103,101,110,8
17-12-2024,13:00:00,40,2,32,141,99,87,5
17-12-2024,14:00:00,33,2,31,149,92,78,2
17-12-2024,15:00:00,25,2,26,150,61,61,
17-12-2024,16:00:00,24,2,24,147,52,54,
17-12-2024,17:00:00,23,2,20,145,72,54,
17-12-2024,18:00:00,28,2,25,94,63,50,4
17-12-2024,19:00:00,,4,,,67,47,
17-12-2024,20:00:00,126,4,65,1,86,50,5
17-12-2024,21:00:00,125,5,70,1,192,69,6
17-12-2024,22:00:00,117,4,62,0,175,78,8
17-12-2024,23:00:00,121,4,61,0,125,85,9
18-12-2024,00:00:00,116,4,61,0,126,90,2
18-12-2024,01:00:00,113,4,57,1,153,91,4
18-12-2024,02:00:00,106,3,49,1,142,95,4
18-12-2024,03:00:00,103,3,46,1,138,94,1
18-12-2024,04:00:00,109,3,47,1,133,92,0
18-12-2024,05:00:00,109,3,43,0,152,116,0
18-12-2024,06:00:00,106,3,40,0,147,125,3
18-12-2024,07:00:00,107,3,41,0,157,119,3
18-12-2024,08:00:00,106,2,36,,144,122,2
18-12-2024,09:00:00,110,3,36,,146,126,2
18-12-2024,10:00:00,92,3,47,9,143,127,2
18-12-2024,11:00:00,86,4,54,46,141,147,6
18-12-2024,13:00:00,50,3,36,136,118,129,8
18-12-2024,14:00:00,32,2,30,127,100,97,5
18-12-2024,15:00:00,30,2,27,131,68,75,1
18-12-2024,16:00:00,30,2,25,143,76,59,
18-12-2024,17:00:00,29,2,23,146,65,66,
18-12-2024,18:00:00,64,3,45,47,62,65,5
18-12-2024,19:00:00,107,5,69,3,93,60,4
18-12-2024,20:00:00,117,4,69,2,105,65,2
18-12-2024,21:00:00,113,5,71,1,125,70,4
18-12-2024,22:00:00,131,4,67,1,129,74,7
18-12-2024,23:00:00,130,4,64,0,141,86,11
19-12-2024,00:00:00,120,4,58,0,148,100,4
19-12-2024,01:00:00,114,4,54,1,146,99,4
19-12-2024,02:00:00,124,4,56,1,155,95,5
19-12-2024,03:00:00,115,3,50,0,158,128,3
19-12-2024,04:00:00,109,3,46,1,157,131,5
19-12-2024,05:00:00,103,3,44,0,157,150,3
19-12-2024,06:00:00,102,3,41,0,153,140,0
19-12-2024,07:00:00,102,3,40,0,144,128,
19-12-2024,08:00:00,106,3,38,0,140,119,
19-12-2024,09:00:00,100,3,36,0,145,114,2
19-12-2024,10:00:00,45,3,50,18,147,125,1
19-12-2024,11:00:00,42,3,52,53,134,143,4
19-12-2024,12:00:00,31,3,46,116,132,144,8
19-12-2024,13:00:00,24,2,34,168,122,118,7
19-12-2024,14:00:00,24,2,35,192,109,95,5
19-12-2024,15:00:00,18,2,29,182,94,75,1
19-12-2024,16:00:00,14,2,26,149,79,68,
19-12-2024,17:00:00,17,2,27,187,62,70,
19-12-2024,18:00:00,28,3,40,70,64,58,4
19-12-2024,19:00:00,46,4,59,3,74,58,2
19-12-2024,20:00:00,58,4,56,0,81,53,1
19-12-2024,21:00:00,64,4,53,,93,53,2
19-12-2024,22:00:00,52,3,52,,92,53,2
19-12-2024,23:00:00,66,4,55,,84,55,3
20-12-2024,00:00:00,72,3,51,,108,55,2
20-12-2024,01:00:00,48,3,44,,107,58,2
20-12-2024,02:00:00,38,3,39,,105,60,3
20-12-2024,03:00:00,31,2,35,,104,59,1
20-12-2024,04:00:00,32,2,34,,94,61,
20-12-2024,05:00:00,26,2,30,,93,62,
20-12-2024,06:00:00,27,2,26,,85,61,0
20-12-2024,07:00:00,29,2,26,,83,61,
20-12-2024,08:00:00,32,2,26,,92,57,
20-12-2024,09:00:00,44,2,26,,96,58,2
20-12-2024,10:00:00,34,3,37,10,96,64,2
20-12-2024,11:00:00,28,2,34,67,100,83,5
20-12-2024,12:00:00,22,2,32,95,98,86,5
20-12-2024,13:00:00,18,2,26,119,94,83,5
20-12-2024,14:00:00,18,2,25,150,83,77,4
20-12-2024,15:00:00,16,2,24,156,77,70,4
20-12-2024,16:00:00,16,2,25,147,77,68,4
20-12-2024,17:00:00,14,2,22,98,77,70,3
20-12-2024,18:00:00,14,2,21,61,77,66,1
20-12-2024,19:00:00,26,2,26,81,77,57,2
20-12-2024,20:00:00,34,2,30,68,77,59,3
20-12-2024,21:00:00,40,3,45,46,77,68,2
20-12-2024,22:00:00,38,3,41,25,77,72,2
20-12-2024,23:00:00,45,3,46,2,77,80,1
21-12-2024,00:00:00,44,3,42,0,77,79,1
21-12-2024,01:00:00,50,3,38,,77,82,1
21-12-2024,02:00:00,51,2,30,,77,80,1
21-12-2024,03:00:00,41,2,24,,77,81,2
21-12-2024,04:00:00,33,2,23,,77,81,2
21-12-2024,05:00:00,32,2,22,,77,82,3
21-12-2024,06:00:00,26,2,20,,77,79,
21-12-2024,07:00:00,26,2,19,,77,75,
21-12-2024,08:00:00,22,2,21,6,77,73,
21-12-2024,09:00:00,20,1,19,32,77,70,1
21-12-2024,10:00:00,23,2,23,25,77,62,2
21-12-2024,11:00:00,23,2,22,61,77,67,1
21-12-2024,12:00:00,21,2,24,88,77,77,3
21-12-2024,13:00:00,20,2,22,121,77,84,5
21-12-2024,14:00:00,19,1,19,160,77,86,6
21-12-2024,15:00:00,18,2,19,157,77,82,6
21-12-2024,16:00:00,14,1,17,128,77,78,4
21-12-2024,17:00:00,12,1,15,91,77,78,4
21-12-2024,18:00:00,12,1,17,62,132,138,1
21-12-2024,19:00:00,14,2,24,44,132,138,2
21-12-2024,20:00:00,18,2,29,22,132,138,0
21-12-2024,21:00:00,16,2,24,38,132,138,2
21-12-2024,22:00:00,16,2,22,32,132,138,2
21-12-2024,23:00:00,20,2,27,8,132,138,2
22-12-2024,00:00:00,22,2,29,3,132,138,
22-12-2024,01:00:00,15,2,22,13,132,138,
22-12-2024,02:00:00,12,1,18,25,132,138,0
22-12-2024,03:00:00,10,1,15,17,132,138,1
22-12-2024,04:00:00,12,1,19,2,132,138,0
22-12-2024,05:00:00,14,2,22,,132,138,
22-12-2024,06:00:00,16,2,21,,132,138,0
22-12-2024,07:00:00,20,1,16,,132,138,0
22-12-2024,08:00:00,28,1,16,,132,138,1
22-12-2024,09:00:00,28,2,19,0,132,138,1
22-12-2024,10:00:00,14,1,19,27,132,138,2
22-12-2024,11:00:00,14,1,18,50,132,138,4
22-12-2024,12:00:00,18,2,20,68,8,5,2
22-12-2024,17:00:00,10,1,13,58,65,49,3
22-12-2024,18:00:00,10,1,14,55,50,40,1
22-12-2024,19:00:00,10,1,14,46,43,35,1
22-12-2024,20:00:00,12,1,16,34,29,18,2
22-12-2024,21:00:00,12,1,14,30,,,1
22-12-2024,22:00:00,14,2,19,15,,,1
22-12-2024,23:00:00,18,2,23,5,,,0
23-12-2024,00:00:00,18,2,23,2,,,0
23-12-2024,01:00:00,12,2,17,11,,,0
23-12-2024,02:00:00,13,1,16,5,,,0
23-12-2024,03:00:00,14,2,17,0,,,0
23-12-2024,04:00:00,12,1,14,8,,,
23-12-2024,05:00:00,11,1,11,8,,,0
23-12-2024,06:00:00,12,1,15,0,,,
23-12-2024,07:00:00,14,1,15,,,,
23-12-2024,08:00:00,22,1,15,,,,
23-12-2024,09:00:00,32,1,15,,,,1
23-12-2024,10:00:00,16,2,17,22,49,30,1
23-12-2024,11:00:00,12,1,13,40,49,30,3
23-12-2024,12:00:00,10,1,16,47,48,30,1
23-12-2024,13:00:00,9,1,15,44,43,27,1
23-12-2024,14:00:00,8,1,14,47,19,12,0
23-12-2024,15:00:00,8,1,10,45,88,70,1
23-12-2024,16:00:00,8,1,12,44,80,77,1
23-12-2024,17:00:00,8,1,14,45,83,70,0
23-12-2024,18:00:00,8,1,15,44,82,76,1
23-12-2024,19:00:00,10,1,16,35,80,72,1
23-12-2024,20:00:00,16,2,23,10,79,72,1
23-12-2024,21:00:00,28,2,29,0,88,72,1
23-12-2024,22:00:00,18,2,26,5,93,73,1
23-12-2024,23:00:00,16,2,25,6,93,70,0
24-12-2024,00:00:00,18,2,25,9,90,67,0
24-12-2024,01:00:00,18,2,24,4,97,66,
24-12-2024,02:00:00,18,2,24,3,100,67,
24-12-2024,03:00:00,16,2,17,6,105,75,0
24-12-2024,04:00:00,18,2,18,0,112,79,0
24-12-2024,05:00:00,18,1,16,,114,82,0
24-12-2024,06:00:00,18,1,16,,120,76,0
24-12-2024,07:00:00,20,1,15,,119,81,0
24-12-2024,08:00:00,26,1,13,,120,86,0
24-12-2024,09:00:00,26,2,21,1,126,88,1
24-12-2024,10:00:00,20,2,18,38,130,95,3
24-12-2024,11:00:00,22,2,24,51,138,106,6
24-12-2024,12:00:00,20,2,22,83,141,132,2
24-12-2024,13:00:00,16,1,16,92,154,154,2
24-12-2024,14:00:00,17,1,15,98,150,184,3
24-12-2024,15:00:00,17,1,15,104,151,236,2
24-12-2024,16:00:00,16,1,15,104,150,242,1
24-12-2024,17:00:00,18,2,17,89,145,231,1
24-12-2024,18:00:00,18,2,17,78,139,226,3
24-12-2024,19:00:00,20,2,20,58,147,195,3
24-12-2024,20:00:00,24,2,24,44,148,190,4
24-12-2024,21:00:00,28,3,31,25,147,184,1
24-12-2024,22:00:00,28,3,33,22,145,192,1
24-12-2024,23:00:00,26,2,26,27,152,192,1
25-12-2024,00:00:00,29,3,33,7,152,167,0
25-12-2024,01:00:00,28,3,30,7,151,174,
25-12-2024,02:00:00,26,2,28,5,151,163,
25-12-2024,03:00:00,24,2,25,4,152,170,0
25-12-2024,04:00:00,24,2,26,1,153,161,
25-12-2024,05:00:00,23,2,22,0,155,156,
25-12-2024,06:00:00,23,2,21,,151,140,0
25-12-2024,07:00:00,34,2,20,,148,151,0
25-12-2024,08:00:00,34,2,18,,165,153,1
25-12-2024,09:00:00,36,2,17,,166,156,1
25-12-2024,10:00:00,26,2,24,18,170,156,1
25-12-2024,11:00:00,21,2,19,56,169,190,4
25-12-2024,12:00:00,20,2,19,81,159,237,2
25-12-2024,13:00:00,18,2,19,106,155,265,2
25-12-2024,14:00:00,16,2,19,116,161,254,3
25-12-2024,15:00:00,15,1,15,112,156,307,2
25-12-2024,16:00:00,14,1,12,105,140,307,1
25-12-2024,17:00:00,14,1,11,101,137,306,1
25-12-2024,18:00:00,14,1,13,82,132,290,2
25-12-2024,19:00:00,28,3,31,22,129,248,1
25-12-2024,20:00:00,30,3,34,25,131,202,1
25-12-2024,21:00:00,28,2,26,47,144,206,2
25-12-2024,22:00:00,31,3,34,20,157,218,2
25-12-2024,23:00:00,32,3,36,12,157,196,2
26-12-2024,00:00:00,31,3,36,15,161,200,1
26-12-2024,01:00:00,34,3,36,5,164,191,0
26-12-2024,02:00:00,30,3,32,2,164,192,
26-12-2024,03:00:00,28,2,28,5,165,183,0
26-12-2024,04:00:00,28,2,27,1,165,177,0
26-12-2024,05:00:00,24,2,21,2,150,164,
26-12-2024,06:00:00,22,2,19,4,148,148,0
26-12-2024,07:00:00,26,2,22,,145,148,0
26-12-2024,08:00:00,32,2,21,,150,149,0
26-12-2024,09:00:00,36,2,23,2,147,144,2
26-12-2024,10:00:00,22,2,21,20,164,154,2
26-12-2024,11:00:00,17,1,16,43,150,164,4
26-12-2024,12:00:00,16,2,17,56,83,81,2
26-12-2024,13:00:00,14,1,16,64,74,72,0
26-12-2024,14:00:00,12,1,13,65,67,63,
26-12-2024,15:00:00,10,1,13,59,54,75,
26-12-2024,16:00:00,10,1,11,65,50,80,
26-12-2024,17:00:00,10,1,11,65,48,68,
26-12-2024,18:00:00,11,1,12,61,43,54,0
26-12-2024,19:00:00,15,1,14,48,42,47,0
26-12-2024,20:00:00,24,2,24,13,43,36,0
26-12-2024,21:00:00,42,3,31,1,46,33,1
26-12-2024,22:00:00,52,3,30,,51,37,2
26-12-2024,23:00:00,48,2,28,,68,38,2
27-12-2024,00:00:00,58,2,27,,70,39,2
27-12-2024,01:00:00,48,2,26,,76,43,3
27-12-2024,02:00:00,46,2,26,,80,46,4
27-12-2024,03:00:00,42,2,24,,85,54,0
27-12-2024,04:00:00,38,2,22,,91,60,1
27-12-2024,05:00:00,38,2,21,,95,63,1
27-12-2024,06:00:00,33,2,17,,102,63,1
27-12-2024,07:00:00,38,2,18,,101,62,1
27-12-2024,08:00:00,43,1,16,,101,63,0
27-12-2024,09:00:00,42,2,21,1,103,67,1
27-12-2024,10:00:00,38,3,31,22,110,72,2
27-12-2024,11:00:00,25,2,23,33,118,80,3
27-12-2024,12:00:00,20,2,20,50,103,72,2
27-12-2024,13:00:00,12,1,14,42,72,58,1
27-12-2024,14:00:00,12,1,13,42,47,37,
27-12-2024,15:00:00,10,1,13,45,30,23,
27-12-2024,16:00:00,9,1,12,47,34,18,
27-12-2024,17:00:00,9,1,11,51,28,18,
27-12-2024,18:00:00,10,1,12,42,28,20,0
27-12-2024,19:00:00,12,1,15,30,25,16,0
27-12-2024,20:00:00,16,2,21,14,29,18,0
27-12-2024,21:00:00,24,2,26,1,32,20,0
27-12-2024,22:00:00,50,2,24,,44,19,0
27-12-2024,23:00:00,47,2,24,,52,22,1
28-12-2024,00:00:00,64,2,22,,58,28,3
28-12-2024,01:00:00,49,2,19,,70,29,4
28-12-2024,02:00:00,44,2,19,,76,39,5
28-12-2024,03:00:00,39,1,15,,74,44,1
28-12-2024,04:00:00,34,1,15,,79,38,2
28-12-2024,05:00:00,31,1,13,,77,36,3
28-12-2024,06:00:00,30,1,14,,73,35,0
28-12-2024,07:00:00,37,1,13,,78,39,0
28-12-2024,08:00:00,41,1,12,,88,43,1
28-12-2024,09:00:00,44,1,15,0,94,47,1
28-12-2024,10:00:00,32,2,27,12,98,52,2
28-12-2024,11:00:00,18,1,16,40,106,62,2
28-12-2024,12:00:00,19,2,17,62,88,60,1
28-12-2024,13:00:00,17,2,18,76,70,51,
28-12-2024,18:00:00,12,1,14,48,41,33,1
28-12-2024,19:00:00,24,2,18,16,46,27,1
28-12-2024,20:00:00,20,2,18,34,45,26,1
28-12-2024,21:00:00,31,2,25,10,51,30,1
28-12-2024,22:00:00,41,2,23,0,69,32,1
28-12-2024,23:00:00,56,2,21,,92,39,2
29-12-2024,00:00:00,43,2,20,,113,41,1
29-12-2024,01:00:00,49,2,17,,116,40,2
29-12-2024,02:00:00,42,2,18,,117,40,2
29-12-2024,03:00:00,36,1,16,,119,43,0
29-12-2024,04:00:00,33,1,17,,120,44,0
29-12-2024,05:00:00,26,1,15,,120,45,0
29-12-2024,06:00:00,28,1,12,,113,45,0
29-12-2024,07:00:00,34,1,11,,106,45,0
29-12-2024,08:00:00,36,1,12,,115,46,0
29-12-2024,09:00:00,41,1,10,,112,47,1
29-12-2024,10:00:00,24,2,20,10,114,54,1
29-12-2024,11:00:00,21,2,19,34,105,56,1
29-12-2024,12:00:00,20,1,15,57,94,54,1
29-12-2024,13:00:00,18,1,16,83,82,52,0
29-12-2024,14:00:00,17,1,16,99,75,50,
29-12-2024,15:00:00,14,1,14,95,76,50,
29-12-2024,16:00:00,14,1,14,92,67,44,1
29-12-2024,17:00:00,14,1,13,80,65,43,0
29-12-2024,18:00:00,15,1,15,39,60,39,1
29-12-2024,19:00:00,28,2,24,17,58,37,1
29-12-2024,20:00:00,32,3,30,2,61,37,1
29-12-2024,21:00:00,23,2,24,14,65,41,1
29-12-2024,22:00:00,38,3,29,0,63,39,1
29-12-2024,23:00:00,42,2,27,,68,41,0
30-12-2024,00:00:00,42,2,25,,73,44,1
30-12-2024,01:00:00,40,2,23,,77,46,2
30-12-2024,02:00:00,31,2,22,,83,47,2
30-12-2024,03:00:00,29,2,19,,88,46,1
30-12-2024,04:00:00,23,1,17,,96,48,0
30-12-2024,05:00:00,22,2,17,,94,48,0
30-12-2024,06:00:00,16,1,12,1,87,45,
30-12-2024,07:00:00,16,1,13,2,81,43,
30-12-2024,08:00:00,16,1,10,2,70,40,
30-12-2024,09:00:00,15,1,11,10,69,38,0
30-12-2024,11:00:00,14,1,13,52,65,39,0
30-12-2024,12:00:00,14,1,13,71,60,42,0
30-12-2024,13:00:00,14,1,12,85,58,55,1
30-12-2024,14:00:00,10,1,11,73,65,70,1
30-12-2024,15:00:00,10,1,11,80,59,93,1
30-12-2024,16:00:00,8,1,9,88,,,0
30-12-2024,17:00:00,8,1,9,81,,,0
30-12-2024,18:00:00,16,1,16,45,,,1
30-12-2024,19:00:00,20,2,24,29,46,72,1
30-12-2024,20:00:00,26,3,32,4,48,49,0
30-12-2024,21:00:00,36,3,36,0,51,43,1
30-12-2024,22:00:00,54,3,35,0,63,41,2
30-12-2024,23:00:00,66,3,31,0,70,42,6
31-12-2024,00:00:00,66,2,28,0,85,47,3
