Year,Month,Day,Date,AQI,AQI_Category_Indian_GOV
2017,1,1,01-01-2017,,Unknown
2017,1,2,02-01-2017,,Unknown
2017,1,3,03-01-2017,,Unknown
2017,1,4,04-01-2017,,Unknown
2017,1,5,05-01-2017,,Unknown
2017,1,6,06-01-2017,,Unknown
2017,1,7,07-01-2017,,Unknown
2017,1,8,08-01-2017,,Unknown
2017,1,9,09-01-2017,,Unknown
2017,1,10,10-01-2017,,Unknown
2017,1,11,11-01-2017,,Unknown
2017,1,12,12-01-2017,,Unknown
2017,1,13,13-01-2017,,Unknown
2017,1,14,14-01-2017,,Unknown
2017,1,15,15-01-2017,,Unknown
2017,1,16,16-01-2017,,Unknown
2017,1,17,17-01-2017,,Unknown
2017,1,18,18-01-2017,,Unknown
2017,1,19,19-01-2017,,Unknown
2017,1,20,20-01-2017,,Unknown
2017,1,21,21-01-2017,,Unknown
2017,1,22,22-01-2017,,Unknown
2017,1,23,23-01-2017,,Unknown
2017,1,24,24-01-2017,,Unknown
2017,1,25,25-01-2017,,Unknown
2017,1,26,26-01-2017,,Unknown
2017,1,27,27-01-2017,,Unknown
2017,1,28,28-01-2017,,Unknown
2017,1,29,29-01-2017,,Unknown
2017,1,30,30-01-2017,,Unknown
2017,1,31,31-01-2017,,Unknown
2017,2,1,01-02-2017,,Unknown
2017,2,2,02-02-2017,,Unknown
2017,2,3,03-02-2017,,Unknown
2017,2,4,04-02-2017,,Unknown
2017,2,5,05-02-2017,,Unknown
2017,2,6,06-02-2017,,Unknown
2017,2,7,07-02-2017,,Unknown
2017,2,8,08-02-2017,,Unknown
2017,2,9,09-02-2017,,Unknown
2017,2,10,10-02-2017,,Unknown
2017,2,11,11-02-2017,,Unknown
2017,2,12,12-02-2017,,Unknown
2017,2,13,13-02-2017,,Unknown
2017,2,14,14-02-2017,,Unknown
2017,2,15,15-02-2017,,Unknown
2017,2,16,16-02-2017,,Unknown
2017,2,17,17-02-2017,,Unknown
2017,2,18,18-02-2017,,Unknown
2017,2,19,19-02-2017,,Unknown
2017,2,20,20-02-2017,,Unknown
2017,2,21,21-02-2017,,Unknown
2017,2,22,22-02-2017,,Unknown
2017,2,23,23-02-2017,,Unknown
2017,2,24,24-02-2017,,Unknown
2017,2,25,25-02-2017,,Unknown
2017,2,26,26-02-2017,,Unknown
2017,2,27,27-02-2017,,Unknown
2017,2,28,28-02-2017,,Unknown
2017,3,1,01-03-2017,,Unknown
2017,3,2,02-03-2017,,Unknown
2017,3,3,03-03-2017,,Unknown
2017,3,4,04-03-2017,,Unknown
2017,3,5,05-03-2017,,Unknown
2017,3,6,06-03-2017,,Unknown
2017,3,7,07-03-2017,,Unknown
2017,3,8,08-03-2017,,Unknown
2017,3,9,09-03-2017,,Unknown
2017,3,10,10-03-2017,,Unknown
2017,3,11,11-03-2017,,Unknown
2017,3,12,12-03-2017,,Unknown
2017,3,13,13-03-2017,,Unknown
2017,3,14,14-03-2017,,Unknown
2017,3,15,15-03-2017,,Unknown
2017,3,16,16-03-2017,,Unknown
2017,3,17,17-03-2017,,Unknown
2017,3,18,18-03-2017,,Unknown
2017,3,19,19-03-2017,,Unknown
2017,3,20,20-03-2017,,Unknown
2017,3,21,21-03-2017,,Unknown
2017,3,22,22-03-2017,,Unknown
2017,3,23,23-03-2017,,Unknown
2017,3,24,24-03-2017,,Unknown
2017,3,25,25-03-2017,,Unknown
2017,3,26,26-03-2017,,Unknown
2017,3,27,27-03-2017,,Unknown
2017,3,28,28-03-2017,,Unknown
2017,3,29,29-03-2017,,Unknown
2017,3,30,30-03-2017,,Unknown
2017,3,31,31-03-2017,,Unknown
2017,4,1,01-04-2017,,Unknown
2017,4,2,02-04-2017,,Unknown
2017,4,3,03-04-2017,,Unknown
2017,4,4,04-04-2017,,Unknown
2017,4,5,05-04-2017,,Unknown
2017,4,6,06-04-2017,,Unknown
2017,4,7,07-04-2017,,Unknown
2017,4,8,08-04-2017,,Unknown
2017,4,9,09-04-2017,,Unknown
2017,4,10,10-04-2017,,Unknown
2017,4,11,11-04-2017,,Unknown
2017,4,12,12-04-2017,,Unknown
2017,4,13,13-04-2017,,Unknown
2017,4,14,14-04-2017,,Unknown
2017,4,15,15-04-2017,,Unknown
2017,4,16,16-04-2017,,Unknown
2017,4,17,17-04-2017,,Unknown
2017,4,18,18-04-2017,,Unknown
2017,4,19,19-04-2017,,Unknown
2017,4,20,20-04-2017,,Unknown
2017,4,21,21-04-2017,,Unknown
2017,4,22,22-04-2017,,Unknown
2017,4,23,23-04-2017,,Unknown
2017,4,24,24-04-2017,,Unknown
2017,4,25,25-04-2017,,Unknown
2017,4,26,26-04-2017,,Unknown
2017,4,27,27-04-2017,,Unknown
2017,4,28,28-04-2017,,Unknown
2017,4,29,29-04-2017,,Unknown
2017,4,30,30-04-2017,,Unknown
2017,5,1,01-05-2017,,Unknown
2017,5,2,02-05-2017,,Unknown
2017,5,3,03-05-2017,,Unknown
2017,5,4,04-05-2017,,Unknown
2017,5,5,05-05-2017,,Unknown
2017,5,6,06-05-2017,,Unknown
2017,5,7,07-05-2017,,Unknown
2017,5,8,08-05-2017,,Unknown
2017,5,9,09-05-2017,,Unknown
2017,5,10,10-05-2017,,Unknown
2017,5,11,11-05-2017,,Unknown
2017,5,12,12-05-2017,,Unknown
2017,5,13,13-05-2017,,Unknown
2017,5,14,14-05-2017,,Unknown
2017,5,15,15-05-2017,,Unknown
2017,5,16,16-05-2017,,Unknown
2017,5,17,17-05-2017,,Unknown
2017,5,18,18-05-2017,,Unknown
2017,5,19,19-05-2017,,Unknown
2017,5,20,20-05-2017,,Unknown
2017,5,21,21-05-2017,,Unknown
2017,5,22,22-05-2017,,Unknown
2017,5,23,23-05-2017,,Unknown
2017,5,24,24-05-2017,,Unknown
2017,5,25,25-05-2017,,Unknown
2017,5,26,26-05-2017,,Unknown
2017,5,27,27-05-2017,,Unknown
2017,5,28,28-05-2017,,Unknown
2017,5,29,29-05-2017,,Unknown
2017,5,30,30-05-2017,,Unknown
2017,5,31,31-05-2017,,Unknown
2017,6,1,01-06-2017,,Unknown
2017,6,2,02-06-2017,,Unknown
2017,6,3,03-06-2017,,Unknown
2017,6,4,04-06-2017,,Unknown
2017,6,5,05-06-2017,,Unknown
2017,6,6,06-06-2017,,Unknown
2017,6,7,07-06-2017,,Unknown
2017,6,8,08-06-2017,,Unknown
2017,6,9,09-06-2017,,Unknown
2017,6,10,10-06-2017,,Unknown
2017,6,11,11-06-2017,,Unknown
2017,6,12,12-06-2017,,Unknown
2017,6,13,13-06-2017,,Unknown
2017,6,14,14-06-2017,,Unknown
2017,6,15,15-06-2017,,Unknown
2017,6,16,16-06-2017,,Unknown
2017,6,17,17-06-2017,,Unknown
2017,6,18,18-06-2017,,Unknown
2017,6,19,19-06-2017,,Unknown
2017,6,20,20-06-2017,,Unknown
2017,6,21,21-06-2017,,Unknown
2017,6,22,22-06-2017,,Unknown
2017,6,23,23-06-2017,,Unknown
2017,6,24,24-06-2017,,Unknown
2017,6,25,25-06-2017,,Unknown
2017,6,26,26-06-2017,,Unknown
2017,6,27,27-06-2017,,Unknown
2017,6,28,28-06-2017,,Unknown
2017,6,29,29-06-2017,,Unknown
2017,6,30,30-06-2017,,Unknown
2017,7,1,01-07-2017,,Unknown
2017,7,2,02-07-2017,,Unknown
2017,7,3,03-07-2017,,Unknown
2017,7,4,04-07-2017,,Unknown
2017,7,5,05-07-2017,,Unknown
2017,7,6,06-07-2017,,Unknown
2017,7,7,07-07-2017,,Unknown
2017,7,8,08-07-2017,,Unknown
2017,7,9,09-07-2017,,Unknown
2017,7,10,10-07-2017,,Unknown
2017,7,11,11-07-2017,,Unknown
2017,7,12,12-07-2017,,Unknown
2017,7,13,13-07-2017,,Unknown
2017,7,14,14-07-2017,,Unknown
2017,7,15,15-07-2017,,Unknown
2017,7,16,16-07-2017,,Unknown
2017,7,17,17-07-2017,,Unknown
2017,7,18,18-07-2017,,Unknown
2017,7,19,19-07-2017,,Unknown
2017,7,20,20-07-2017,,Unknown
2017,7,21,21-07-2017,,Unknown
2017,7,22,22-07-2017,,Unknown
2017,7,23,23-07-2017,,Unknown
2017,7,24,24-07-2017,,Unknown
2017,7,25,25-07-2017,,Unknown
2017,7,26,26-07-2017,,Unknown
2017,7,27,27-07-2017,,Unknown
2017,7,28,28-07-2017,,Unknown
2017,7,29,29-07-2017,,Unknown
2017,7,30,30-07-2017,,Unknown
2017,7,31,31-07-2017,,Unknown
2017,8,1,01-08-2017,,Unknown
2017,8,2,02-08-2017,,Unknown
2017,8,3,03-08-2017,,Unknown
2017,8,4,04-08-2017,,Unknown
2017,8,5,05-08-2017,,Unknown
2017,8,6,06-08-2017,,Unknown
2017,8,7,07-08-2017,,Unknown
2017,8,8,08-08-2017,,Unknown
2017,8,9,09-08-2017,,Unknown
2017,8,10,10-08-2017,,Unknown
2017,8,11,11-08-2017,,Unknown
2017,8,12,12-08-2017,,Unknown
2017,8,13,13-08-2017,,Unknown
2017,8,14,14-08-2017,,Unknown
2017,8,15,15-08-2017,,Unknown
2017,8,16,16-08-2017,,Unknown
2017,8,17,17-08-2017,,Unknown
2017,8,18,18-08-2017,,Unknown
2017,8,19,19-08-2017,,Unknown
2017,8,20,20-08-2017,,Unknown
2017,8,21,21-08-2017,,Unknown
2017,8,22,22-08-2017,,Unknown
2017,8,23,23-08-2017,,Unknown
2017,8,24,24-08-2017,,Unknown
2017,8,25,25-08-2017,,Unknown
2017,8,26,26-08-2017,,Unknown
2017,8,27,27-08-2017,,Unknown
2017,8,28,28-08-2017,,Unknown
2017,8,29,29-08-2017,,Unknown
2017,8,30,30-08-2017,,Unknown
2017,8,31,31-08-2017,,Unknown
2017,9,1,01-09-2017,,Unknown
2017,9,2,02-09-2017,,Unknown
2017,9,3,03-09-2017,,Unknown
2017,9,4,04-09-2017,,Unknown
2017,9,5,05-09-2017,,Unknown
2017,9,6,06-09-2017,,Unknown
2017,9,7,07-09-2017,,Unknown
2017,9,8,08-09-2017,,Unknown
2017,9,9,09-09-2017,,Unknown
2017,9,10,10-09-2017,,Unknown
2017,9,11,11-09-2017,,Unknown
2017,9,12,12-09-2017,,Unknown
2017,9,13,13-09-2017,,Unknown
2017,9,14,14-09-2017,,Unknown
2017,9,15,15-09-2017,,Unknown
2017,9,16,16-09-2017,,Unknown
2017,9,17,17-09-2017,,Unknown
2017,9,18,18-09-2017,,Unknown
2017,9,19,19-09-2017,,Unknown
2017,9,20,20-09-2017,,Unknown
2017,9,21,21-09-2017,,Unknown
2017,9,22,22-09-2017,,Unknown
2017,9,23,23-09-2017,,Unknown
2017,9,24,24-09-2017,,Unknown
2017,9,25,25-09-2017,,Unknown
2017,9,26,26-09-2017,,Unknown
2017,9,27,27-09-2017,,Unknown
2017,9,28,28-09-2017,,Unknown
2017,9,29,29-09-2017,,Unknown
2017,9,30,30-09-2017,,Unknown
2017,10,1,01-10-2017,,Unknown
2017,10,2,02-10-2017,,Unknown
2017,10,3,03-10-2017,,Unknown
2017,10,4,04-10-2017,,Unknown
2017,10,5,05-10-2017,,Unknown
2017,10,6,06-10-2017,,Unknown
2017,10,7,07-10-2017,,Unknown
2017,10,8,08-10-2017,,Unknown
2017,10,9,09-10-2017,,Unknown
2017,10,10,10-10-2017,,Unknown
2017,10,11,11-10-2017,,Unknown
2017,10,12,12-10-2017,,Unknown
2017,10,13,13-10-2017,,Unknown
2017,10,14,14-10-2017,,Unknown
2017,10,15,15-10-2017,,Unknown
2017,10,16,16-10-2017,,Unknown
2017,10,17,17-10-2017,,Unknown
2017,10,18,18-10-2017,,Unknown
2017,10,19,19-10-2017,,Unknown
2017,10,20,20-10-2017,,Unknown
2017,10,21,21-10-2017,,Unknown
2017,10,22,22-10-2017,,Unknown
2017,10,23,23-10-2017,,Unknown
2017,10,24,24-10-2017,,Unknown
2017,10,25,25-10-2017,,Unknown
2017,10,26,26-10-2017,,Unknown
2017,10,27,27-10-2017,,Unknown
2017,10,28,28-10-2017,,Unknown
2017,10,29,29-10-2017,,Unknown
2017,10,30,30-10-2017,,Unknown
2017,10,31,31-10-2017,,Unknown
2017,11,1,01-11-2017,,Unknown
2017,11,2,02-11-2017,,Unknown
2017,11,3,03-11-2017,,Unknown
2017,11,4,04-11-2017,,Unknown
2017,11,5,05-11-2017,,Unknown
2017,11,6,06-11-2017,,Unknown
2017,11,7,07-11-2017,,Unknown
2017,11,8,08-11-2017,,Unknown
2017,11,9,09-11-2017,,Unknown
2017,11,10,10-11-2017,,Unknown
2017,11,11,11-11-2017,,Unknown
2017,11,12,12-11-2017,,Unknown
2017,11,13,13-11-2017,,Unknown
2017,11,14,14-11-2017,,Unknown
2017,11,15,15-11-2017,,Unknown
2017,11,16,16-11-2017,,Unknown
2017,11,17,17-11-2017,,Unknown
2017,11,18,18-11-2017,,Unknown
2017,11,19,19-11-2017,,Unknown
2017,11,20,20-11-2017,107,Moderate
2017,11,21,21-11-2017,83,Satisfactory
2017,11,22,22-11-2017,92,Satisfactory
2017,11,23,23-11-2017,74,Satisfactory
2017,11,24,24-11-2017,64,Satisfactory
2017,11,25,25-11-2017,77,Satisfactory
2017,11,26,26-11-2017,138,Moderate
2017,11,27,27-11-2017,129,Moderate
2017,11,28,28-11-2017,114,Moderate
2017,11,29,29-11-2017,116,Moderate
2017,11,30,30-11-2017,133,Moderate
2017,12,1,01-12-2017,143,Moderate
2017,12,2,02-12-2017,127,Moderate
2017,12,3,03-12-2017,122,Moderate
2017,12,4,04-12-2017,112,Moderate
2017,12,5,05-12-2017,82,Satisfactory
2017,12,6,06-12-2017,56,Satisfactory
2017,12,7,07-12-2017,58,Satisfactory
2017,12,8,08-12-2017,68,Satisfactory
2017,12,9,09-12-2017,165,Moderate
2017,12,10,10-12-2017,111,Moderate
2017,12,11,11-12-2017,107,Moderate
2017,12,12,12-12-2017,87,Satisfactory
2017,12,13,13-12-2017,70,Satisfactory
2017,12,14,14-12-2017,77,Satisfactory
2017,12,15,15-12-2017,75,Satisfactory
2017,12,16,16-12-2017,107,Moderate
2017,12,17,17-12-2017,127,Moderate
2017,12,18,18-12-2017,111,Moderate
2017,12,19,19-12-2017,119,Moderate
2017,12,20,20-12-2017,121,Moderate
2017,12,21,21-12-2017,162,Moderate
2017,12,22,22-12-2017,122,Moderate
2017,12,23,23-12-2017,123,Moderate
2017,12,24,24-12-2017,112,Moderate
2017,12,25,25-12-2017,95,Satisfactory
2017,12,26,26-12-2017,99,Satisfactory
2017,12,27,27-12-2017,107,Moderate
2017,12,28,28-12-2017,113,Moderate
2017,12,29,29-12-2017,94,Satisfactory
2017,12,30,30-12-2017,85,Satisfactory
2017,12,31,31-12-2017,91,Satisfactory
2018,1,1,01-01-2018,75,Satisfactory
2018,1,2,02-01-2018,76,Satisfactory
2018,1,3,03-01-2018,79,Satisfactory
2018,1,4,04-01-2018,84,Satisfactory
2018,1,5,05-01-2018,97,Satisfactory
2018,1,6,06-01-2018,84,Satisfactory
2018,1,7,07-01-2018,63,Satisfactory
2018,1,8,08-01-2018,65,Satisfactory
2018,1,9,09-01-2018,78,Satisfactory
2018,1,10,10-01-2018,104,Moderate
2018,1,11,11-01-2018,106,Moderate
2018,1,12,12-01-2018,97,Satisfactory
2018,1,13,13-01-2018,94,Satisfactory
2018,1,14,14-01-2018,94,Satisfactory
2018,1,15,15-01-2018,82,Satisfactory
2018,1,16,16-01-2018,94,Satisfactory
2018,1,17,17-01-2018,65,Satisfactory
2018,1,18,18-01-2018,53,Satisfactory
2018,1,19,19-01-2018,61,Satisfactory
2018,1,20,20-01-2018,71,Satisfactory
2018,1,21,21-01-2018,68,Satisfactory
2018,1,22,22-01-2018,72,Satisfactory
2018,1,23,23-01-2018,62,Satisfactory
2018,1,24,24-01-2018,69,Satisfactory
2018,1,25,25-01-2018,65,Satisfactory
2018,1,26,26-01-2018,72,Satisfactory
2018,1,27,27-01-2018,69,Satisfactory
2018,1,28,28-01-2018,69,Satisfactory
2018,1,29,29-01-2018,85,Satisfactory
2018,1,30,30-01-2018,103,Moderate
2018,1,31,31-01-2018,,Unknown
2018,2,1,01-02-2018,73,Satisfactory
2018,2,2,02-02-2018,70,Satisfactory
2018,2,3,03-02-2018,89,Satisfactory
2018,2,4,04-02-2018,93,Satisfactory
2018,2,5,05-02-2018,87,Satisfactory
2018,2,6,06-02-2018,75,Satisfactory
2018,2,7,07-02-2018,75,Satisfactory
2018,2,8,08-02-2018,53,Satisfactory
2018,2,9,09-02-2018,70,Satisfactory
2018,2,10,10-02-2018,89,Satisfactory
2018,2,11,11-02-2018,128,Moderate
2018,2,12,12-02-2018,70,Satisfactory
2018,2,13,13-02-2018,84,Satisfactory
2018,2,14,14-02-2018,,Unknown
2018,2,15,15-02-2018,115,Moderate
2018,2,16,16-02-2018,134,Moderate
2018,2,17,17-02-2018,114,Moderate
2018,2,18,18-02-2018,116,Moderate
2018,2,19,19-02-2018,111,Moderate
2018,2,20,20-02-2018,123,Moderate
2018,2,21,21-02-2018,137,Moderate
2018,2,22,22-02-2018,139,Moderate
2018,2,23,23-02-2018,132,Moderate
2018,2,24,24-02-2018,116,Moderate
2018,2,25,25-02-2018,168,Moderate
2018,2,26,26-02-2018,435,Severe
2018,2,27,27-02-2018,121,Moderate
2018,2,28,28-02-2018,143,Moderate
2018,3,1,01-03-2018,114,Moderate
2018,3,2,02-03-2018,127,Moderate
2018,3,3,03-03-2018,132,Moderate
2018,3,4,04-03-2018,126,Moderate
2018,3,5,05-03-2018,117,Moderate
2018,3,6,06-03-2018,149,Moderate
2018,3,7,07-03-2018,153,Moderate
2018,3,8,08-03-2018,113,Moderate
2018,3,9,09-03-2018,108,Moderate
2018,3,10,10-03-2018,136,Moderate
2018,3,11,11-03-2018,126,Moderate
2018,3,12,12-03-2018,120,Moderate
2018,3,13,13-03-2018,131,Moderate
2018,3,14,14-03-2018,124,Moderate
2018,3,15,15-03-2018,130,Moderate
2018,3,16,16-03-2018,94,Satisfactory
2018,3,17,17-03-2018,118,Moderate
2018,3,18,18-03-2018,113,Moderate
2018,3,19,19-03-2018,89,Satisfactory
2018,3,20,20-03-2018,82,Satisfactory
2018,3,21,21-03-2018,81,Satisfactory
2018,3,22,22-03-2018,91,Satisfactory
2018,3,23,23-03-2018,95,Satisfactory
2018,3,24,24-03-2018,117,Moderate
2018,3,25,25-03-2018,98,Satisfactory
2018,3,26,26-03-2018,149,Moderate
2018,3,27,27-03-2018,124,Moderate
2018,3,28,28-03-2018,98,Satisfactory
2018,3,29,29-03-2018,93,Satisfactory
2018,3,30,30-03-2018,81,Satisfactory
2018,3,31,31-03-2018,86,Satisfactory
2018,4,1,01-04-2018,93,Satisfactory
2018,4,2,02-04-2018,105,Moderate
2018,4,3,03-04-2018,102,Moderate
2018,4,4,04-04-2018,113,Moderate
2018,4,5,05-04-2018,130,Moderate
2018,4,6,06-04-2018,123,Moderate
2018,4,7,07-04-2018,137,Moderate
2018,4,8,08-04-2018,124,Moderate
2018,4,9,09-04-2018,100,Satisfactory
2018,4,10,10-04-2018,110,Moderate
2018,4,11,11-04-2018,109,Moderate
2018,4,12,12-04-2018,103,Moderate
2018,4,13,13-04-2018,113,Moderate
2018,4,14,14-04-2018,96,Satisfactory
2018,4,15,15-04-2018,98,Satisfactory
2018,4,16,16-04-2018,91,Satisfactory
2018,4,17,17-04-2018,111,Moderate
2018,4,18,18-04-2018,106,Moderate
2018,4,19,19-04-2018,110,Moderate
2018,4,20,20-04-2018,95,Satisfactory
2018,4,21,21-04-2018,78,Satisfactory
2018,4,22,22-04-2018,102,Moderate
2018,4,23,23-04-2018,94,Satisfactory
2018,4,24,24-04-2018,103,Moderate
2018,4,25,25-04-2018,94,Satisfactory
2018,4,26,26-04-2018,86,Satisfactory
2018,4,27,27-04-2018,78,Satisfactory
2018,4,28,28-04-2018,81,Satisfactory
2018,4,29,29-04-2018,81,Satisfactory
2018,4,30,30-04-2018,77,Satisfactory
2018,5,1,01-05-2018,99,Satisfactory
2018,5,2,02-05-2018,97,Satisfactory
2018,5,3,03-05-2018,80,Satisfactory
2018,5,4,04-05-2018,93,Satisfactory
2018,5,5,05-05-2018,88,Satisfactory
2018,5,6,06-05-2018,102,Moderate
2018,5,7,07-05-2018,76,Satisfactory
2018,5,8,08-05-2018,87,Satisfactory
2018,5,9,09-05-2018,98,Satisfactory
2018,5,10,10-05-2018,111,Moderate
2018,5,11,11-05-2018,92,Satisfactory
2018,5,12,12-05-2018,,Unknown
2018,5,13,13-05-2018,,Unknown
2018,5,14,14-05-2018,,Unknown
2018,5,15,15-05-2018,,Unknown
2018,5,16,16-05-2018,,Unknown
2018,5,17,17-05-2018,,Unknown
2018,5,18,18-05-2018,,Unknown
2018,5,19,19-05-2018,106,Moderate
2018,5,20,20-05-2018,121,Moderate
2018,5,21,21-05-2018,,Unknown
2018,5,22,22-05-2018,112,Moderate
2018,5,23,23-05-2018,101,Moderate
2018,5,24,24-05-2018,122,Moderate
2018,5,25,25-05-2018,108,Moderate
2018,5,26,26-05-2018,83,Satisfactory
2018,5,27,27-05-2018,99,Satisfactory
2018,5,28,28-05-2018,83,Satisfactory
2018,5,29,29-05-2018,79,Satisfactory
2018,5,30,30-05-2018,69,Satisfactory
2018,5,31,31-05-2018,83,Satisfactory
2018,6,1,01-06-2018,94,Satisfactory
2018,6,2,02-06-2018,77,Satisfactory
2018,6,3,03-06-2018,49,Good
2018,6,4,04-06-2018,53,Satisfactory
2018,6,5,05-06-2018,67,Satisfactory
2018,6,6,06-06-2018,71,Satisfactory
2018,6,7,07-06-2018,57,Satisfactory
2018,6,8,08-06-2018,58,Satisfactory
2018,6,9,09-06-2018,52,Satisfactory
2018,6,10,10-06-2018,51,Satisfactory
2018,6,11,11-06-2018,69,Satisfactory
2018,6,12,12-06-2018,86,Satisfactory
2018,6,13,13-06-2018,95,Satisfactory
2018,6,14,14-06-2018,90,Satisfactory
2018,6,15,15-06-2018,73,Satisfactory
2018,6,16,16-06-2018,64,Satisfactory
2018,6,17,17-06-2018,58,Satisfactory
2018,6,18,18-06-2018,56,Satisfactory
2018,6,19,19-06-2018,59,Satisfactory
2018,6,20,20-06-2018,70,Satisfactory
2018,6,21,21-06-2018,90,Satisfactory
2018,6,22,22-06-2018,54,Satisfactory
2018,6,23,23-06-2018,52,Satisfactory
2018,6,24,24-06-2018,50,Good
2018,6,25,25-06-2018,52,Satisfactory
2018,6,26,26-06-2018,52,Satisfactory
2018,6,27,27-06-2018,52,Satisfactory
2018,6,28,28-06-2018,58,Satisfactory
2018,6,29,29-06-2018,53,Satisfactory
2018,6,30,30-06-2018,52,Satisfactory
2018,7,1,01-07-2018,49,Good
2018,7,2,02-07-2018,52,Satisfactory
2018,7,3,03-07-2018,54,Satisfactory
2018,7,4,04-07-2018,52,Satisfactory
2018,7,5,05-07-2018,,Unknown
2018,7,6,06-07-2018,55,Satisfactory
2018,7,7,07-07-2018,53,Satisfactory
2018,7,8,08-07-2018,50,Good
2018,7,9,09-07-2018,57,Satisfactory
2018,7,10,10-07-2018,57,Satisfactory
2018,7,11,11-07-2018,54,Satisfactory
2018,7,12,12-07-2018,56,Satisfactory
2018,7,13,13-07-2018,57,Satisfactory
2018,7,14,14-07-2018,55,Satisfactory
2018,7,15,15-07-2018,54,Satisfactory
2018,7,16,16-07-2018,58,Satisfactory
2018,7,17,17-07-2018,60,Satisfactory
2018,7,18,18-07-2018,56,Satisfactory
2018,7,19,19-07-2018,57,Satisfactory
2018,7,20,20-07-2018,56,Satisfactory
2018,7,21,21-07-2018,54,Satisfactory
2018,7,22,22-07-2018,53,Satisfactory
2018,7,23,23-07-2018,56,Satisfactory
2018,7,24,24-07-2018,56,Satisfactory
2018,7,25,25-07-2018,55,Satisfactory
2018,7,26,26-07-2018,61,Satisfactory
2018,7,27,27-07-2018,62,Satisfactory
2018,7,28,28-07-2018,63,Satisfactory
2018,7,29,29-07-2018,71,Satisfactory
2018,7,30,30-07-2018,63,Satisfactory
2018,7,31,31-07-2018,75,Satisfactory
2018,8,1,01-08-2018,87,Satisfactory
2018,8,2,02-08-2018,73,Satisfactory
2018,8,3,03-08-2018,51,Satisfactory
2018,8,4,04-08-2018,52,Satisfactory
2018,8,5,05-08-2018,49,Good
2018,8,6,06-08-2018,52,Satisfactory
2018,8,7,07-08-2018,53,Satisfactory
2018,8,8,08-08-2018,54,Satisfactory
2018,8,9,09-08-2018,50,Good
2018,8,10,10-08-2018,53,Satisfactory
2018,8,11,11-08-2018,50,Good
2018,8,12,12-08-2018,49,Good
2018,8,13,13-08-2018,55,Satisfactory
2018,8,14,14-08-2018,49,Good
2018,8,15,15-08-2018,49,Good
2018,8,16,16-08-2018,53,Satisfactory
2018,8,17,17-08-2018,52,Satisfactory
2018,8,18,18-08-2018,55,Satisfactory
2018,8,19,19-08-2018,50,Good
2018,8,20,20-08-2018,54,Satisfactory
2018,8,21,21-08-2018,60,Satisfactory
2018,8,22,22-08-2018,53,Satisfactory
2018,8,23,23-08-2018,57,Satisfactory
2018,8,24,24-08-2018,53,Satisfactory
2018,8,25,25-08-2018,53,Satisfactory
2018,8,26,26-08-2018,51,Satisfactory
2018,8,27,27-08-2018,56,Satisfactory
2018,8,28,28-08-2018,56,Satisfactory
2018,8,29,29-08-2018,56,Satisfactory
2018,8,30,30-08-2018,68,Satisfactory
2018,8,31,31-08-2018,54,Satisfactory
2018,9,1,01-09-2018,50,Good
2018,9,2,02-09-2018,46,Good
2018,9,3,03-09-2018,51,Satisfactory
2018,9,4,04-09-2018,51,Satisfactory
2018,9,5,05-09-2018,52,Satisfactory
2018,9,6,06-09-2018,54,Satisfactory
2018,9,7,07-09-2018,50,Good
2018,9,8,08-09-2018,49,Good
2018,9,9,09-09-2018,54,Satisfactory
2018,9,10,10-09-2018,51,Satisfactory
2018,9,11,11-09-2018,58,Satisfactory
2018,9,12,12-09-2018,63,Satisfactory
2018,9,13,13-09-2018,50,Good
2018,9,14,14-09-2018,50,Good
2018,9,15,15-09-2018,54,Satisfactory
2018,9,16,16-09-2018,52,Satisfactory
2018,9,17,17-09-2018,50,Good
2018,9,18,18-09-2018,55,Satisfactory
2018,9,19,19-09-2018,57,Satisfactory
2018,9,20,20-09-2018,87,Satisfactory
2018,9,21,21-09-2018,75,Satisfactory
2018,9,22,22-09-2018,90,Satisfactory
2018,9,23,23-09-2018,79,Satisfactory
2018,9,24,24-09-2018,76,Satisfactory
2018,9,25,25-09-2018,75,Satisfactory
2018,9,26,26-09-2018,94,Satisfactory
2018,9,27,27-09-2018,94,Satisfactory
2018,9,28,28-09-2018,84,Satisfactory
2018,9,29,29-09-2018,74,Satisfactory
2018,9,30,30-09-2018,82,Satisfactory
2018,10,1,01-10-2018,87,Satisfactory
2018,10,2,02-10-2018,87,Satisfactory
2018,10,3,03-10-2018,65,Satisfactory
2018,10,4,04-10-2018,78,Satisfactory
2018,10,5,05-10-2018,73,Satisfactory
2018,10,6,06-10-2018,105,Moderate
2018,10,7,07-10-2018,115,Moderate
2018,10,8,08-10-2018,107,Moderate
2018,10,9,09-10-2018,106,Moderate
2018,10,10,10-10-2018,121,Moderate
2018,10,11,11-10-2018,126,Moderate
2018,10,12,12-10-2018,133,Moderate
2018,10,13,13-10-2018,122,Moderate
2018,10,14,14-10-2018,107,Moderate
2018,10,15,15-10-2018,112,Moderate
2018,10,16,16-10-2018,115,Moderate
2018,10,17,17-10-2018,113,Moderate
2018,10,18,18-10-2018,83,Satisfactory
2018,10,19,19-10-2018,82,Satisfactory
2018,10,20,20-10-2018,90,Satisfactory
2018,10,21,21-10-2018,107,Moderate
2018,10,22,22-10-2018,104,Moderate
2018,10,23,23-10-2018,99,Satisfactory
2018,10,24,24-10-2018,97,Satisfactory
2018,10,25,25-10-2018,114,Moderate
2018,10,26,26-10-2018,99,Satisfactory
2018,10,27,27-10-2018,126,Moderate
2018,10,28,28-10-2018,117,Moderate
2018,10,29,29-10-2018,103,Moderate
2018,10,30,30-10-2018,116,Moderate
2018,10,31,31-10-2018,148,Moderate
2018,11,1,01-11-2018,158,Moderate
2018,11,2,02-11-2018,96,Satisfactory
2018,11,3,03-11-2018,118,Moderate
2018,11,4,04-11-2018,91,Satisfactory
2018,11,5,05-11-2018,98,Satisfactory
2018,11,6,06-11-2018,99,Satisfactory
2018,11,7,07-11-2018,104,Moderate
2018,11,8,08-11-2018,186,Moderate
2018,11,9,09-11-2018,141,Moderate
2018,11,10,10-11-2018,123,Moderate
2018,11,11,11-11-2018,126,Moderate
2018,11,12,12-11-2018,112,Moderate
2018,11,13,13-11-2018,138,Moderate
2018,11,14,14-11-2018,127,Moderate
2018,11,15,15-11-2018,130,Moderate
2018,11,16,16-11-2018,136,Moderate
2018,11,17,17-11-2018,129,Moderate
2018,11,18,18-11-2018,132,Moderate
2018,11,19,19-11-2018,121,Moderate
2018,11,20,20-11-2018,113,Moderate
2018,11,21,21-11-2018,115,Moderate
2018,11,22,22-11-2018,130,Moderate
2018,11,23,23-11-2018,209,Poor
2018,11,24,24-11-2018,239,Poor
2018,11,25,25-11-2018,169,Moderate
2018,11,26,26-11-2018,184,Moderate
2018,11,27,27-11-2018,209,Poor
2018,11,28,28-11-2018,175,Moderate
2018,11,29,29-11-2018,195,Moderate
2018,11,30,30-11-2018,197,Moderate
2018,12,1,01-12-2018,200,Moderate
2018,12,2,02-12-2018,243,Poor
2018,12,3,03-12-2018,230,Poor
2018,12,4,04-12-2018,227,Poor
2018,12,5,05-12-2018,203,Poor
2018,12,6,06-12-2018,124,Moderate
2018,12,7,07-12-2018,133,Moderate
2018,12,8,08-12-2018,143,Moderate
2018,12,9,09-12-2018,90,Satisfactory
2018,12,10,10-12-2018,92,Satisfactory
2018,12,11,11-12-2018,115,Moderate
2018,12,12,12-12-2018,135,Moderate
2018,12,13,13-12-2018,98,Satisfactory
2018,12,14,14-12-2018,178,Moderate
2018,12,15,15-12-2018,175,Moderate
2018,12,16,16-12-2018,237,Poor
2018,12,17,17-12-2018,214,Poor
2018,12,18,18-12-2018,211,Poor
2018,12,19,19-12-2018,171,Moderate
2018,12,20,20-12-2018,184,Moderate
2018,12,21,21-12-2018,178,Moderate
2018,12,22,22-12-2018,150,Moderate
2018,12,23,23-12-2018,183,Moderate
2018,12,24,24-12-2018,178,Moderate
2018,12,25,25-12-2018,152,Moderate
2018,12,26,26-12-2018,121,Moderate
2018,12,27,27-12-2018,143,Moderate
2018,12,28,28-12-2018,241,Poor
2018,12,29,29-12-2018,,Unknown
2018,12,30,30-12-2018,,Unknown
2018,12,31,31-12-2018,,Unknown
2019,1,1,01-01-2019,,Unknown
2019,1,2,02-01-2019,206,Poor
2019,1,3,03-01-2019,162,Moderate
2019,1,4,04-01-2019,182,Moderate
2019,1,5,05-01-2019,202,Poor
2019,1,6,06-01-2019,201,Poor
2019,1,7,07-01-2019,170,Moderate
2019,1,8,08-01-2019,221,Poor
2019,1,9,09-01-2019,206,Poor
2019,1,10,10-01-2019,244,Poor
2019,1,11,11-01-2019,251,Poor
2019,1,12,12-01-2019,212,Poor
2019,1,13,13-01-2019,180,Moderate
2019,1,14,14-01-2019,172,Moderate
2019,1,15,15-01-2019,241,Poor
2019,1,16,16-01-2019,223,Poor
2019,1,17,17-01-2019,221,Poor
2019,1,18,18-01-2019,216,Poor
2019,1,19,19-01-2019,218,Poor
2019,1,20,20-01-2019,199,Moderate
2019,1,21,21-01-2019,195,Moderate
2019,1,22,22-01-2019,100,Satisfactory
2019,1,23,23-01-2019,81,Satisfactory
2019,1,24,24-01-2019,105,Moderate
2019,1,25,25-01-2019,130,Moderate
2019,1,26,26-01-2019,139,Moderate
2019,1,27,27-01-2019,123,Moderate
2019,1,28,28-01-2019,109,Moderate
2019,1,29,29-01-2019,130,Moderate
2019,1,30,30-01-2019,188,Moderate
2019,1,31,31-01-2019,170,Moderate
2019,2,1,01-02-2019,199,Moderate
2019,2,2,02-02-2019,138,Moderate
2019,2,3,03-02-2019,148,Moderate
2019,2,4,04-02-2019,140,Moderate
2019,2,5,05-02-2019,151,Moderate
2019,2,6,06-02-2019,157,Moderate
2019,2,7,07-02-2019,82,Satisfactory
2019,2,8,08-02-2019,94,Satisfactory
2019,2,9,09-02-2019,148,Moderate
2019,2,10,10-02-2019,232,Poor
2019,2,11,11-02-2019,191,Moderate
2019,2,12,12-02-2019,179,Moderate
2019,2,13,13-02-2019,128,Moderate
2019,2,14,14-02-2019,118,Moderate
2019,2,15,15-02-2019,101,Moderate
2019,2,16,16-02-2019,86,Satisfactory
2019,2,17,17-02-2019,97,Satisfactory
2019,2,18,18-02-2019,132,Moderate
2019,2,19,19-02-2019,112,Moderate
2019,2,20,20-02-2019,162,Moderate
2019,2,21,21-02-2019,102,Moderate
2019,2,22,22-02-2019,102,Moderate
2019,2,23,23-02-2019,116,Moderate
2019,2,24,24-02-2019,109,Moderate
2019,2,25,25-02-2019,100,Satisfactory
2019,2,26,26-02-2019,109,Moderate
2019,2,27,27-02-2019,118,Moderate
2019,2,28,28-02-2019,102,Moderate
2019,3,1,01-03-2019,130,Moderate
2019,3,2,02-03-2019,150,Moderate
2019,3,3,03-03-2019,90,Satisfactory
2019,3,4,04-03-2019,67,Satisfactory
2019,3,5,05-03-2019,111,Moderate
2019,3,6,06-03-2019,114,Moderate
2019,3,7,07-03-2019,108,Moderate
2019,3,8,08-03-2019,125,Moderate
2019,3,9,09-03-2019,125,Moderate
2019,3,10,10-03-2019,133,Moderate
2019,3,11,11-03-2019,119,Moderate
2019,3,12,12-03-2019,143,Moderate
2019,3,13,13-03-2019,121,Moderate
2019,3,14,14-03-2019,117,Moderate
2019,3,15,15-03-2019,133,Moderate
2019,3,16,16-03-2019,124,Moderate
2019,3,17,17-03-2019,100,Satisfactory
2019,3,18,18-03-2019,113,Moderate
2019,3,19,19-03-2019,125,Moderate
2019,3,20,20-03-2019,116,Moderate
2019,3,21,21-03-2019,101,Moderate
2019,3,22,22-03-2019,,Unknown
2019,3,23,23-03-2019,127,Moderate
2019,3,24,24-03-2019,128,Moderate
2019,3,25,25-03-2019,168,Moderate
2019,3,26,26-03-2019,166,Moderate
2019,3,27,27-03-2019,141,Moderate
2019,3,28,28-03-2019,145,Moderate
2019,3,29,29-03-2019,136,Moderate
2019,3,30,30-03-2019,135,Moderate
2019,3,31,31-03-2019,114,Moderate
2019,4,1,01-04-2019,95,Satisfactory
2019,4,2,02-04-2019,81,Satisfactory
2019,4,3,03-04-2019,99,Satisfactory
2019,4,4,04-04-2019,104,Moderate
2019,4,5,05-04-2019,102,Moderate
2019,4,6,06-04-2019,78,Satisfactory
2019,4,7,07-04-2019,86,Satisfactory
2019,4,8,08-04-2019,88,Satisfactory
2019,4,9,09-04-2019,84,Satisfactory
2019,4,10,10-04-2019,87,Satisfactory
2019,4,11,11-04-2019,101,Moderate
2019,4,12,12-04-2019,94,Satisfactory
2019,4,13,13-04-2019,114,Moderate
2019,4,14,14-04-2019,78,Satisfactory
2019,4,15,15-04-2019,80,Satisfactory
2019,4,16,16-04-2019,112,Moderate
2019,4,17,17-04-2019,127,Moderate
2019,4,18,18-04-2019,74,Satisfactory
2019,4,19,19-04-2019,121,Moderate
2019,4,20,20-04-2019,78,Satisfactory
2019,4,21,21-04-2019,65,Satisfactory
2019,4,22,22-04-2019,63,Satisfactory
2019,4,23,23-04-2019,68,Satisfactory
2019,4,24,24-04-2019,62,Satisfactory
2019,4,25,25-04-2019,95,Satisfactory
2019,4,26,26-04-2019,114,Moderate
2019,4,27,27-04-2019,140,Moderate
2019,4,28,28-04-2019,,Unknown
2019,4,29,29-04-2019,,Unknown
2019,4,30,30-04-2019,,Unknown
2019,5,1,01-05-2019,130,Moderate
2019,5,2,02-05-2019,106,Moderate
2019,5,3,03-05-2019,108,Moderate
2019,5,4,04-05-2019,92,Satisfactory
2019,5,5,05-05-2019,87,Satisfactory
2019,5,6,06-05-2019,89,Satisfactory
2019,5,7,07-05-2019,101,Moderate
2019,5,8,08-05-2019,69,Satisfactory
2019,5,9,09-05-2019,64,Satisfactory
2019,5,10,10-05-2019,56,Satisfactory
2019,5,11,11-05-2019,68,Satisfactory
2019,5,12,12-05-2019,77,Satisfactory
2019,5,13,13-05-2019,74,Satisfactory
2019,5,14,14-05-2019,,Unknown
2019,5,15,15-05-2019,,Unknown
2019,5,16,16-05-2019,,Unknown
2019,5,17,17-05-2019,,Unknown
2019,5,18,18-05-2019,,Unknown
2019,5,19,19-05-2019,,Unknown
2019,5,20,20-05-2019,,Unknown
2019,5,21,21-05-2019,86,Satisfactory
2019,5,22,22-05-2019,80,Satisfactory
2019,5,23,23-05-2019,70,Satisfactory
2019,5,24,24-05-2019,79,Satisfactory
2019,5,25,25-05-2019,97,Satisfactory
2019,5,26,26-05-2019,79,Satisfactory
2019,5,27,27-05-2019,,Unknown
2019,5,28,28-05-2019,,Unknown
2019,5,29,29-05-2019,,Unknown
2019,5,30,30-05-2019,,Unknown
2019,5,31,31-05-2019,68,Satisfactory
2019,6,1,01-06-2019,64,Satisfactory
2019,6,2,02-06-2019,59,Satisfactory
2019,6,3,03-06-2019,,Unknown
2019,6,4,04-06-2019,,Unknown
2019,6,5,05-06-2019,71,Satisfactory
2019,6,6,06-06-2019,64,Satisfactory
2019,6,7,07-06-2019,60,Satisfactory
2019,6,8,08-06-2019,75,Satisfactory
2019,6,9,09-06-2019,66,Satisfactory
2019,6,10,10-06-2019,45,Good
2019,6,11,11-06-2019,45,Good
2019,6,12,12-06-2019,65,Satisfactory
2019,6,13,13-06-2019,65,Satisfactory
2019,6,14,14-06-2019,62,Satisfactory
2019,6,15,15-06-2019,61,Satisfactory
2019,6,16,16-06-2019,61,Satisfactory
2019,6,17,17-06-2019,60,Satisfactory
2019,6,18,18-06-2019,61,Satisfactory
2019,6,19,19-06-2019,62,Satisfactory
2019,6,20,20-06-2019,65,Satisfactory
2019,6,21,21-06-2019,72,Satisfactory
2019,6,22,22-06-2019,80,Satisfactory
2019,6,23,23-06-2019,83,Satisfactory
2019,6,24,24-06-2019,63,Satisfactory
2019,6,25,25-06-2019,64,Satisfactory
2019,6,26,26-06-2019,63,Satisfactory
2019,6,27,27-06-2019,63,Satisfactory
2019,6,28,28-06-2019,,Unknown
2019,6,29,29-06-2019,63,Satisfactory
2019,6,30,30-06-2019,63,Satisfactory
2019,7,1,01-07-2019,62,Satisfactory
2019,7,2,02-07-2019,64,Satisfactory
2019,7,3,03-07-2019,64,Satisfactory
2019,7,4,04-07-2019,62,Satisfactory
2019,7,5,05-07-2019,64,Satisfactory
2019,7,6,06-07-2019,63,Satisfactory
2019,7,7,07-07-2019,62,Satisfactory
2019,7,8,08-07-2019,61,Satisfactory
2019,7,9,09-07-2019,63,Satisfactory
2019,7,10,10-07-2019,19,Good
2019,7,11,11-07-2019,87,Satisfactory
2019,7,12,12-07-2019,65,Satisfactory
2019,7,13,13-07-2019,68,Satisfactory
2019,7,14,14-07-2019,68,Satisfactory
2019,7,15,15-07-2019,68,Satisfactory
2019,7,16,16-07-2019,68,Satisfactory
2019,7,17,17-07-2019,68,Satisfactory
2019,7,18,18-07-2019,68,Satisfactory
2019,7,19,19-07-2019,68,Satisfactory
2019,7,20,20-07-2019,68,Satisfactory
2019,7,21,21-07-2019,68,Satisfactory
2019,7,22,22-07-2019,68,Satisfactory
2019,7,23,23-07-2019,68,Satisfactory
2019,7,24,24-07-2019,68,Satisfactory
2019,7,25,25-07-2019,69,Satisfactory
2019,7,26,26-07-2019,68,Satisfactory
2019,7,27,27-07-2019,68,Satisfactory
2019,7,28,28-07-2019,68,Satisfactory
2019,7,29,29-07-2019,68,Satisfactory
2019,7,30,30-07-2019,74,Satisfactory
2019,7,31,31-07-2019,74,Satisfactory
2019,8,1,01-08-2019,74,Satisfactory
2019,8,2,02-08-2019,74,Satisfactory
2019,8,3,03-08-2019,74,Satisfactory
2019,8,4,04-08-2019,75,Satisfactory
2019,8,5,05-08-2019,74,Satisfactory
2019,8,6,06-08-2019,74,Satisfactory
2019,8,7,07-08-2019,74,Satisfactory
2019,8,8,08-08-2019,74,Satisfactory
2019,8,9,09-08-2019,74,Satisfactory
2019,8,10,10-08-2019,74,Satisfactory
2019,8,11,11-08-2019,74,Satisfactory
2019,8,12,12-08-2019,74,Satisfactory
2019,8,13,13-08-2019,74,Satisfactory
2019,8,14,14-08-2019,74,Satisfactory
2019,8,15,15-08-2019,74,Satisfactory
2019,8,16,16-08-2019,74,Satisfactory
2019,8,17,17-08-2019,74,Satisfactory
2019,8,18,18-08-2019,74,Satisfactory
2019,8,19,19-08-2019,74,Satisfactory
2019,8,20,20-08-2019,74,Satisfactory
2019,8,21,21-08-2019,74,Satisfactory
2019,8,22,22-08-2019,74,Satisfactory
2019,8,23,23-08-2019,74,Satisfactory
2019,8,24,24-08-2019,74,Satisfactory
2019,8,25,25-08-2019,74,Satisfactory
2019,8,26,26-08-2019,74,Satisfactory
2019,8,27,27-08-2019,74,Satisfactory
2019,8,28,28-08-2019,74,Satisfactory
2019,8,29,29-08-2019,74,Satisfactory
2019,8,30,30-08-2019,74,Satisfactory
2019,8,31,31-08-2019,74,Satisfactory
2019,9,1,01-09-2019,74,Satisfactory
2019,9,2,02-09-2019,74,Satisfactory
2019,9,3,03-09-2019,74,Satisfactory
2019,9,4,04-09-2019,74,Satisfactory
2019,9,5,05-09-2019,74,Satisfactory
2019,9,6,06-09-2019,74,Satisfactory
2019,9,7,07-09-2019,74,Satisfactory
2019,9,8,08-09-2019,74,Satisfactory
2019,9,9,09-09-2019,74,Satisfactory
2019,9,10,10-09-2019,74,Satisfactory
2019,9,11,11-09-2019,74,Satisfactory
2019,9,12,12-09-2019,74,Satisfactory
2019,9,13,13-09-2019,74,Satisfactory
2019,9,14,14-09-2019,74,Satisfactory
2019,9,15,15-09-2019,74,Satisfactory
2019,9,16,16-09-2019,74,Satisfactory
2019,9,17,17-09-2019,74,Satisfactory
2019,9,18,18-09-2019,74,Satisfactory
2019,9,19,19-09-2019,74,Satisfactory
2019,9,20,20-09-2019,,Unknown
2019,9,21,21-09-2019,,Unknown
2019,9,22,22-09-2019,86,Satisfactory
2019,9,23,23-09-2019,86,Satisfactory
2019,9,24,24-09-2019,86,Satisfactory
2019,9,25,25-09-2019,86,Satisfactory
2019,9,26,26-09-2019,87,Satisfactory
2019,9,27,27-09-2019,86,Satisfactory
2019,9,28,28-09-2019,86,Satisfactory
2019,9,29,29-09-2019,86,Satisfactory
2019,9,30,30-09-2019,86,Satisfactory
2019,10,1,01-10-2019,86,Satisfactory
2019,10,2,02-10-2019,86,Satisfactory
2019,10,3,03-10-2019,85,Satisfactory
2019,10,4,04-10-2019,86,Satisfactory
2019,10,5,05-10-2019,86,Satisfactory
2019,10,6,06-10-2019,86,Satisfactory
2019,10,7,07-10-2019,86,Satisfactory
2019,10,8,08-10-2019,86,Satisfactory
2019,10,9,09-10-2019,86,Satisfactory
2019,10,10,10-10-2019,,Unknown
2019,10,11,11-10-2019,,Unknown
2019,10,12,12-10-2019,86,Satisfactory
2019,10,13,13-10-2019,86,Satisfactory
2019,10,14,14-10-2019,85,Satisfactory
2019,10,15,15-10-2019,168,Moderate
2019,10,16,16-10-2019,156,Moderate
2019,10,17,17-10-2019,194,Moderate
2019,10,18,18-10-2019,,Unknown
2019,10,19,19-10-2019,,Unknown
2019,10,20,20-10-2019,86,Satisfactory
2019,10,21,21-10-2019,86,Satisfactory
2019,10,22,22-10-2019,86,Satisfactory
2019,10,23,23-10-2019,87,Satisfactory
2019,10,24,24-10-2019,82,Satisfactory
2019,10,25,25-10-2019,83,Satisfactory
2019,10,26,26-10-2019,83,Satisfactory
2019,10,27,27-10-2019,82,Satisfactory
2019,10,28,28-10-2019,123,Moderate
2019,10,29,29-10-2019,99,Satisfactory
2019,10,30,30-10-2019,101,Moderate
2019,10,31,31-10-2019,100,Satisfactory
2019,11,1,01-11-2019,94,Satisfactory
2019,11,2,02-11-2019,92,Satisfactory
2019,11,3,03-11-2019,92,Satisfactory
2019,11,4,04-11-2019,92,Satisfactory
2019,11,5,05-11-2019,91,Satisfactory
2019,11,6,06-11-2019,84,Satisfactory
2019,11,7,07-11-2019,85,Satisfactory
2019,11,8,08-11-2019,83,Satisfactory
2019,11,9,09-11-2019,78,Satisfactory
2019,11,10,10-11-2019,79,Satisfactory
2019,11,11,11-11-2019,81,Satisfactory
2019,11,12,12-11-2019,135,Moderate
2019,11,13,13-11-2019,135,Moderate
2019,11,14,14-11-2019,155,Moderate
2019,11,15,15-11-2019,168,Moderate
2019,11,16,16-11-2019,140,Moderate
2019,11,17,17-11-2019,157,Moderate
2019,11,18,18-11-2019,174,Moderate
2019,11,19,19-11-2019,202,Poor
2019,11,20,20-11-2019,205,Poor
2019,11,21,21-11-2019,214,Poor
2019,11,22,22-11-2019,206,Poor
2019,11,23,23-11-2019,179,Moderate
2019,11,24,24-11-2019,187,Moderate
2019,11,25,25-11-2019,193,Moderate
2019,11,26,26-11-2019,174,Moderate
2019,11,27,27-11-2019,173,Moderate
2019,11,28,28-11-2019,196,Moderate
2019,11,29,29-11-2019,178,Moderate
2019,11,30,30-11-2019,178,Moderate
2019,12,1,01-12-2019,169,Moderate
2019,12,2,02-12-2019,124,Moderate
2019,12,3,03-12-2019,85,Satisfactory
2019,12,4,04-12-2019,85,Satisfactory
2019,12,5,05-12-2019,151,Moderate
2019,12,6,06-12-2019,215,Poor
2019,12,7,07-12-2019,172,Moderate
2019,12,8,08-12-2019,211,Poor
2019,12,9,09-12-2019,134,Moderate
2019,12,10,10-12-2019,169,Moderate
2019,12,11,11-12-2019,128,Moderate
2019,12,12,12-12-2019,134,Moderate
2019,12,13,13-12-2019,121,Moderate
2019,12,14,14-12-2019,118,Moderate
2019,12,15,15-12-2019,132,Moderate
2019,12,16,16-12-2019,130,Moderate
2019,12,17,17-12-2019,151,Moderate
2019,12,18,18-12-2019,165,Moderate
2019,12,19,19-12-2019,193,Moderate
2019,12,20,20-12-2019,214,Poor
2019,12,21,21-12-2019,179,Moderate
2019,12,22,22-12-2019,213,Poor
2019,12,23,23-12-2019,207,Poor
2019,12,24,24-12-2019,205,Poor
2019,12,25,25-12-2019,201,Poor
2019,12,26,26-12-2019,167,Moderate
2019,12,27,27-12-2019,146,Moderate
2019,12,28,28-12-2019,184,Moderate
2019,12,29,29-12-2019,144,Moderate
2019,12,30,30-12-2019,152,Moderate
2019,12,31,31-12-2019,125,Moderate
2020,1,1,01-01-2020,130,Moderate
2020,1,2,02-01-2020,116,Moderate
2020,1,3,03-01-2020,108,Moderate
2020,1,4,04-01-2020,149,Moderate
2020,1,5,05-01-2020,198,Moderate
2020,1,6,06-01-2020,170,Moderate
2020,1,7,07-01-2020,230,Poor
2020,1,8,08-01-2020,105,Moderate
2020,1,9,09-01-2020,115,Moderate
2020,1,10,10-01-2020,172,Moderate
2020,1,11,11-01-2020,219,Poor
2020,1,12,12-01-2020,210,Poor
2020,1,13,13-01-2020,188,Moderate
2020,1,14,14-01-2020,113,Moderate
2020,1,15,15-01-2020,141,Moderate
2020,1,16,16-01-2020,100,Satisfactory
2020,1,17,17-01-2020,117,Moderate
2020,1,18,18-01-2020,163,Moderate
2020,1,19,19-01-2020,202,Poor
2020,1,20,20-01-2020,182,Moderate
2020,1,21,21-01-2020,170,Moderate
2020,1,22,22-01-2020,149,Moderate
2020,1,23,23-01-2020,169,Moderate
2020,1,24,24-01-2020,181,Moderate
2020,1,25,25-01-2020,198,Moderate
2020,1,26,26-01-2020,221,Poor
2020,1,27,27-01-2020,155,Moderate
2020,1,28,28-01-2020,111,Moderate
2020,1,29,29-01-2020,83,Satisfactory
2020,1,30,30-01-2020,100,Satisfactory
2020,1,31,31-01-2020,142,Moderate
2020,2,1,01-02-2020,153,Moderate
2020,2,2,02-02-2020,165,Moderate
2020,2,3,03-02-2020,104,Moderate
2020,2,4,04-02-2020,95,Satisfactory
2020,2,5,05-02-2020,128,Moderate
2020,2,6,06-02-2020,109,Moderate
2020,2,7,07-02-2020,88,Satisfactory
2020,2,8,08-02-2020,100,Satisfactory
2020,2,9,09-02-2020,91,Satisfactory
2020,2,10,10-02-2020,76,Satisfactory
2020,2,11,11-02-2020,75,Satisfactory
2020,2,12,12-02-2020,104,Moderate
2020,2,13,13-02-2020,108,Moderate
2020,2,14,14-02-2020,147,Moderate
2020,2,15,15-02-2020,119,Moderate
2020,2,16,16-02-2020,116,Moderate
2020,2,17,17-02-2020,94,Satisfactory
2020,2,18,18-02-2020,204,Poor
2020,2,19,19-02-2020,132,Moderate
2020,2,20,20-02-2020,151,Moderate
2020,2,21,21-02-2020,136,Moderate
2020,2,22,22-02-2020,146,Moderate
2020,2,23,23-02-2020,123,Moderate
2020,2,24,24-02-2020,150,Moderate
2020,2,25,25-02-2020,111,Moderate
2020,2,26,26-02-2020,122,Moderate
2020,2,27,27-02-2020,166,Moderate
2020,2,28,28-02-2020,169,Moderate
2020,2,29,29-02-2020,,Unknown
2020,3,1,01-03-2020,86,Satisfactory
2020,3,2,02-03-2020,100,Satisfactory
2020,3,3,03-03-2020,133,Moderate
2020,3,4,04-03-2020,91,Satisfactory
2020,3,5,05-03-2020,103,Moderate
2020,3,6,06-03-2020,93,Satisfactory
2020,3,7,07-03-2020,91,Satisfactory
2020,3,8,08-03-2020,93,Satisfactory
2020,3,9,09-03-2020,82,Satisfactory
2020,3,10,10-03-2020,82,Satisfactory
2020,3,11,11-03-2020,89,Satisfactory
2020,3,12,12-03-2020,81,Satisfactory
2020,3,13,13-03-2020,83,Satisfactory
2020,3,14,14-03-2020,107,Moderate
2020,3,15,15-03-2020,134,Moderate
2020,3,16,16-03-2020,145,Moderate
2020,3,17,17-03-2020,92,Satisfactory
2020,3,18,18-03-2020,95,Satisfactory
2020,3,19,19-03-2020,88,Satisfactory
2020,3,20,20-03-2020,80,Satisfactory
2020,3,21,21-03-2020,81,Satisfactory
2020,3,22,22-03-2020,82,Satisfactory
2020,3,23,23-03-2020,74,Satisfactory
2020,3,24,24-03-2020,62,Satisfactory
2020,3,25,25-03-2020,54,Satisfactory
2020,3,26,26-03-2020,60,Satisfactory
2020,3,27,27-03-2020,59,Satisfactory
2020,3,28,28-03-2020,67,Satisfactory
2020,3,29,29-03-2020,62,Satisfactory
2020,3,30,30-03-2020,61,Satisfactory
2020,3,31,31-03-2020,53,Satisfactory
2020,4,1,01-04-2020,49,Good
2020,4,2,02-04-2020,49,Good
2020,4,3,03-04-2020,53,Satisfactory
2020,4,4,04-04-2020,50,Good
2020,4,5,05-04-2020,48,Good
2020,4,6,06-04-2020,50,Good
2020,4,7,07-04-2020,52,Satisfactory
2020,4,8,08-04-2020,71,Satisfactory
2020,4,9,09-04-2020,61,Satisfactory
2020,4,10,10-04-2020,50,Good
2020,4,11,11-04-2020,51,Satisfactory
2020,4,12,12-04-2020,51,Satisfactory
2020,4,13,13-04-2020,51,Satisfactory
2020,4,14,14-04-2020,58,Satisfactory
2020,4,15,15-04-2020,51,Satisfactory
2020,4,16,16-04-2020,58,Satisfactory
2020,4,17,17-04-2020,48,Good
2020,4,18,18-04-2020,52,Satisfactory
2020,4,19,19-04-2020,51,Satisfactory
2020,4,20,20-04-2020,52,Satisfactory
2020,4,21,21-04-2020,50,Good
2020,4,22,22-04-2020,50,Good
2020,4,23,23-04-2020,50,Good
2020,4,24,24-04-2020,52,Satisfactory
2020,4,25,25-04-2020,51,Satisfactory
2020,4,26,26-04-2020,100,Satisfactory
2020,4,27,27-04-2020,48,Good
2020,4,28,28-04-2020,53,Satisfactory
2020,4,29,29-04-2020,50,Good
2020,4,30,30-04-2020,51,Satisfactory
2020,5,1,01-05-2020,52,Satisfactory
2020,5,2,02-05-2020,50,Good
2020,5,3,03-05-2020,50,Good
2020,5,4,04-05-2020,48,Good
2020,5,5,05-05-2020,49,Good
2020,5,6,06-05-2020,49,Good
2020,5,7,07-05-2020,101,Moderate
2020,5,8,08-05-2020,385,Very Poor
2020,5,9,09-05-2020,49,Good
2020,5,10,10-05-2020,51,Satisfactory
2020,5,11,11-05-2020,52,Satisfactory
2020,5,12,12-05-2020,52,Satisfactory
2020,5,13,13-05-2020,52,Satisfactory
2020,5,14,14-05-2020,55,Satisfactory
2020,5,15,15-05-2020,55,Satisfactory
2020,5,16,16-05-2020,54,Satisfactory
2020,5,17,17-05-2020,51,Satisfactory
2020,5,18,18-05-2020,53,Satisfactory
2020,5,19,19-05-2020,58,Satisfactory
2020,5,20,20-05-2020,53,Satisfactory
2020,5,21,21-05-2020,56,Satisfactory
2020,5,22,22-05-2020,55,Satisfactory
2020,5,23,23-05-2020,74,Satisfactory
2020,5,24,24-05-2020,57,Satisfactory
2020,5,25,25-05-2020,59,Satisfactory
2020,5,26,26-05-2020,55,Satisfactory
2020,5,27,27-05-2020,58,Satisfactory
2020,5,28,28-05-2020,59,Satisfactory
2020,5,29,29-05-2020,75,Satisfactory
2020,5,30,30-05-2020,57,Satisfactory
2020,5,31,31-05-2020,59,Satisfactory
2020,6,1,01-06-2020,61,Satisfactory
2020,6,2,02-06-2020,62,Satisfactory
2020,6,3,03-06-2020,59,Satisfactory
2020,6,4,04-06-2020,61,Satisfactory
2020,6,5,05-06-2020,59,Satisfactory
2020,6,6,06-06-2020,58,Satisfactory
2020,6,7,07-06-2020,58,Satisfactory
2020,6,8,08-06-2020,61,Satisfactory
2020,6,9,09-06-2020,49,Good
2020,6,10,10-06-2020,46,Good
2020,6,11,11-06-2020,45,Good
2020,6,12,12-06-2020,46,Good
2020,6,13,13-06-2020,46,Good
2020,6,14,14-06-2020,44,Good
2020,6,15,15-06-2020,,Unknown
2020,6,16,16-06-2020,,Unknown
2020,6,17,17-06-2020,,Unknown
2020,6,18,18-06-2020,,Unknown
2020,6,19,19-06-2020,,Unknown
2020,6,20,20-06-2020,,Unknown
2020,6,21,21-06-2020,,Unknown
2020,6,22,22-06-2020,,Unknown
2020,6,23,23-06-2020,46,Good
2020,6,24,24-06-2020,62,Satisfactory
2020,6,25,25-06-2020,81,Satisfactory
2020,6,26,26-06-2020,78,Satisfactory
2020,6,27,27-06-2020,77,Satisfactory
2020,6,28,28-06-2020,79,Satisfactory
2020,6,29,29-06-2020,76,Satisfactory
2020,6,30,30-06-2020,79,Satisfactory
2020,7,1,01-07-2020,78,Satisfactory
2020,7,2,02-07-2020,69,Satisfactory
2020,7,3,03-07-2020,66,Satisfactory
2020,7,4,04-07-2020,63,Satisfactory
2020,7,5,05-07-2020,61,Satisfactory
2020,7,6,06-07-2020,59,Satisfactory
2020,7,7,07-07-2020,60,Satisfactory
2020,7,8,08-07-2020,63,Satisfactory
2020,7,9,09-07-2020,67,Satisfactory
2020,7,10,10-07-2020,67,Satisfactory
2020,7,11,11-07-2020,57,Satisfactory
2020,7,12,12-07-2020,56,Satisfactory
2020,7,13,13-07-2020,56,Satisfactory
2020,7,14,14-07-2020,55,Satisfactory
2020,7,15,15-07-2020,55,Satisfactory
2020,7,16,16-07-2020,56,Satisfactory
2020,7,17,17-07-2020,54,Satisfactory
2020,7,18,18-07-2020,52,Satisfactory
2020,7,19,19-07-2020,57,Satisfactory
2020,7,20,20-07-2020,52,Satisfactory
2020,7,21,21-07-2020,55,Satisfactory
2020,7,22,22-07-2020,54,Satisfactory
2020,7,23,23-07-2020,50,Good
2020,7,24,24-07-2020,47,Good
2020,7,25,25-07-2020,48,Good
2020,7,26,26-07-2020,49,Good
2020,7,27,27-07-2020,48,Good
2020,7,28,28-07-2020,50,Good
2020,7,29,29-07-2020,54,Satisfactory
2020,7,30,30-07-2020,51,Satisfactory
2020,7,31,31-07-2020,50,Good
2020,8,1,01-08-2020,51,Satisfactory
2020,8,2,02-08-2020,48,Good
2020,8,3,03-08-2020,46,Good
2020,8,4,04-08-2020,,Unknown
2020,8,5,05-08-2020,46,Good
2020,8,6,06-08-2020,46,Good
2020,8,7,07-08-2020,47,Good
2020,8,8,08-08-2020,47,Good
2020,8,9,09-08-2020,44,Good
2020,8,10,10-08-2020,43,Good
2020,8,11,11-08-2020,46,Good
2020,8,12,12-08-2020,49,Good
2020,8,13,13-08-2020,48,Good
2020,8,14,14-08-2020,48,Good
2020,8,15,15-08-2020,50,Good
2020,8,16,16-08-2020,47,Good
2020,8,17,17-08-2020,47,Good
2020,8,18,18-08-2020,50,Good
2020,8,19,19-08-2020,50,Good
2020,8,20,20-08-2020,51,Satisfactory
2020,8,21,21-08-2020,50,Good
2020,8,22,22-08-2020,49,Good
2020,8,23,23-08-2020,47,Good
2020,8,24,24-08-2020,50,Good
2020,8,25,25-08-2020,56,Satisfactory
2020,8,26,26-08-2020,53,Satisfactory
2020,8,27,27-08-2020,55,Satisfactory
2020,8,28,28-08-2020,55,Satisfactory
2020,8,29,29-08-2020,55,Satisfactory
2020,8,30,30-08-2020,57,Satisfactory
2020,8,31,31-08-2020,59,Satisfactory
2020,9,1,01-09-2020,62,Satisfactory
2020,9,2,02-09-2020,63,Satisfactory
2020,9,3,03-09-2020,60,Satisfactory
2020,9,4,04-09-2020,59,Satisfactory
2020,9,5,05-09-2020,56,Satisfactory
2020,9,6,06-09-2020,57,Satisfactory
2020,9,7,07-09-2020,57,Satisfactory
2020,9,8,08-09-2020,52,Satisfactory
2020,9,9,09-09-2020,52,Satisfactory
2020,9,10,10-09-2020,53,Satisfactory
2020,9,11,11-09-2020,53,Satisfactory
2020,9,12,12-09-2020,43,Good
2020,9,13,13-09-2020,45,Good
2020,9,14,14-09-2020,44,Good
2020,9,15,15-09-2020,46,Good
2020,9,16,16-09-2020,45,Good
2020,9,17,17-09-2020,50,Good
2020,9,18,18-09-2020,49,Good
2020,9,19,19-09-2020,,Unknown
2020,9,20,20-09-2020,,Unknown
2020,9,21,21-09-2020,,Unknown
2020,9,22,22-09-2020,,Unknown
2020,9,23,23-09-2020,,Unknown
2020,9,24,24-09-2020,,Unknown
2020,9,25,25-09-2020,47,Good
2020,9,26,26-09-2020,,Unknown
2020,9,27,27-09-2020,,Unknown
2020,9,28,28-09-2020,,Unknown
2020,9,29,29-09-2020,,Unknown
2020,9,30,30-09-2020,,Unknown
2020,10,1,01-10-2020,,Unknown
2020,10,2,02-10-2020,,Unknown
2020,10,3,03-10-2020,,Unknown
2020,10,4,04-10-2020,,Unknown
2020,10,5,05-10-2020,,Unknown
2020,10,6,06-10-2020,,Unknown
2020,10,7,07-10-2020,,Unknown
2020,10,8,08-10-2020,,Unknown
2020,10,9,09-10-2020,,Unknown
2020,10,10,10-10-2020,,Unknown
2020,10,11,11-10-2020,,Unknown
2020,10,12,12-10-2020,,Unknown
2020,10,13,13-10-2020,,Unknown
2020,10,14,14-10-2020,,Unknown
2020,10,15,15-10-2020,,Unknown
2020,10,16,16-10-2020,,Unknown
2020,10,17,17-10-2020,,Unknown
2020,10,18,18-10-2020,,Unknown
2020,10,19,19-10-2020,,Unknown
2020,10,20,20-10-2020,,Unknown
2020,10,21,21-10-2020,,Unknown
2020,10,22,22-10-2020,53,Satisfactory
2020,10,23,23-10-2020,47,Good
2020,10,24,24-10-2020,,Unknown
2020,10,25,25-10-2020,49,Good
2020,10,26,26-10-2020,,Unknown
2020,10,27,27-10-2020,102,Moderate
2020,10,28,28-10-2020,,Unknown
2020,10,29,29-10-2020,,Unknown
2020,10,30,30-10-2020,,Unknown
2020,10,31,31-10-2020,68,Satisfactory
2020,11,1,01-11-2020,82,Satisfactory
2020,11,2,02-11-2020,119,Moderate
2020,11,3,03-11-2020,98,Satisfactory
2020,11,4,04-11-2020,79,Satisfactory
2020,11,5,05-11-2020,60,Satisfactory
2020,11,6,06-11-2020,65,Satisfactory
2020,11,7,07-11-2020,75,Satisfactory
2020,11,8,08-11-2020,77,Satisfactory
2020,11,9,09-11-2020,62,Satisfactory
2020,11,10,10-11-2020,68,Satisfactory
2020,11,11,11-11-2020,78,Satisfactory
2020,11,12,12-11-2020,,Unknown
2020,11,13,13-11-2020,,Unknown
2020,11,14,14-11-2020,96,Satisfactory
2020,11,15,15-11-2020,195,Moderate
2020,11,16,16-11-2020,125,Moderate
2020,11,17,17-11-2020,66,Satisfactory
2020,11,18,18-11-2020,76,Satisfactory
2020,11,19,19-11-2020,91,Satisfactory
2020,11,20,20-11-2020,62,Satisfactory
2020,11,21,21-11-2020,64,Satisfactory
2020,11,22,22-11-2020,80,Satisfactory
2020,11,23,23-11-2020,85,Satisfactory
2020,11,24,24-11-2020,97,Satisfactory
2020,11,25,25-11-2020,165,Moderate
2020,11,26,26-11-2020,151,Moderate
2020,11,27,27-11-2020,120,Moderate
2020,11,28,28-11-2020,70,Satisfactory
2020,11,29,29-11-2020,71,Satisfactory
2020,11,30,30-11-2020,106,Moderate
2020,12,1,01-12-2020,121,Moderate
2020,12,2,02-12-2020,136,Moderate
2020,12,3,03-12-2020,136,Moderate
2020,12,4,04-12-2020,148,Moderate
2020,12,5,05-12-2020,137,Moderate
2020,12,6,06-12-2020,149,Moderate
2020,12,7,07-12-2020,145,Moderate
2020,12,8,08-12-2020,112,Moderate
2020,12,9,09-12-2020,121,Moderate
2020,12,10,10-12-2020,92,Satisfactory
2020,12,11,11-12-2020,111,Moderate
2020,12,12,12-12-2020,141,Moderate
2020,12,13,13-12-2020,121,Moderate
2020,12,14,14-12-2020,108,Moderate
2020,12,15,15-12-2020,160,Moderate
2020,12,16,16-12-2020,125,Moderate
2020,12,17,17-12-2020,116,Moderate
2020,12,18,18-12-2020,112,Moderate
2020,12,19,19-12-2020,158,Moderate
2020,12,20,20-12-2020,140,Moderate
2020,12,21,21-12-2020,120,Moderate
2020,12,22,22-12-2020,82,Satisfactory
2020,12,23,23-12-2020,,Unknown
2020,12,24,24-12-2020,182,Moderate
2020,12,25,25-12-2020,170,Moderate
2020,12,26,26-12-2020,138,Moderate
2020,12,27,27-12-2020,179,Moderate
2020,12,28,28-12-2020,136,Moderate
2020,12,29,29-12-2020,114,Moderate
2020,12,30,30-12-2020,130,Moderate
2020,12,31,31-12-2020,147,Moderate
2021,1,1,01-01-2021,144,Moderate
2021,1,2,02-01-2021,156,Moderate
2021,1,3,03-01-2021,177,Moderate
2021,1,4,04-01-2021,148,Moderate
2021,1,5,05-01-2021,114,Moderate
2021,1,6,06-01-2021,81,Satisfactory
2021,1,7,07-01-2021,113,Moderate
2021,1,8,08-01-2021,51,Satisfactory
2021,1,9,09-01-2021,77,Satisfactory
2021,1,10,10-01-2021,72,Satisfactory
2021,1,11,11-01-2021,102,Moderate
2021,1,12,12-01-2021,97,Satisfactory
2021,1,13,13-01-2021,129,Moderate
2021,1,14,14-01-2021,90,Satisfactory
2021,1,15,15-01-2021,118,Moderate
2021,1,16,16-01-2021,99,Satisfactory
2021,1,17,17-01-2021,76,Satisfactory
2021,1,18,18-01-2021,129,Moderate
2021,1,19,19-01-2021,136,Moderate
2021,1,20,20-01-2021,106,Moderate
2021,1,21,21-01-2021,87,Satisfactory
2021,1,22,22-01-2021,131,Moderate
2021,1,23,23-01-2021,182,Moderate
2021,1,24,24-01-2021,112,Moderate
2021,1,25,25-01-2021,128,Moderate
2021,1,26,26-01-2021,130,Moderate
2021,1,27,27-01-2021,134,Moderate
2021,1,28,28-01-2021,163,Moderate
2021,1,29,29-01-2021,156,Moderate
2021,1,30,30-01-2021,144,Moderate
2021,1,31,31-01-2021,144,Moderate
2021,2,1,01-02-2021,178,Moderate
2021,2,2,02-02-2021,130,Moderate
2021,2,3,03-02-2021,155,Moderate
2021,2,4,04-02-2021,169,Moderate
2021,2,5,05-02-2021,135,Moderate
2021,2,6,06-02-2021,107,Moderate
2021,2,7,07-02-2021,104,Moderate
2021,2,8,08-02-2021,114,Moderate
2021,2,9,09-02-2021,130,Moderate
2021,2,10,10-02-2021,146,Moderate
2021,2,11,11-02-2021,135,Moderate
2021,2,12,12-02-2021,131,Moderate
2021,2,13,13-02-2021,170,Moderate
2021,2,14,14-02-2021,145,Moderate
2021,2,15,15-02-2021,141,Moderate
2021,2,16,16-02-2021,120,Moderate
2021,2,17,17-02-2021,97,Satisfactory
2021,2,18,18-02-2021,113,Moderate
2021,2,19,19-02-2021,66,Satisfactory
2021,2,20,20-02-2021,110,Moderate
2021,2,21,21-02-2021,98,Satisfactory
2021,2,22,22-02-2021,108,Moderate
2021,2,23,23-02-2021,117,Moderate
2021,2,24,24-02-2021,120,Moderate
2021,2,25,25-02-2021,113,Moderate
2021,2,26,26-02-2021,93,Satisfactory
2021,2,27,27-02-2021,88,Satisfactory
2021,2,28,28-02-2021,101,Moderate
2021,3,1,01-03-2021,92,Satisfactory
2021,3,2,02-03-2021,118,Moderate
2021,3,3,03-03-2021,103,Moderate
2021,3,4,04-03-2021,124,Moderate
2021,3,5,05-03-2021,111,Moderate
2021,3,6,06-03-2021,117,Moderate
2021,3,7,07-03-2021,123,Moderate
2021,3,8,08-03-2021,96,Satisfactory
2021,3,9,09-03-2021,124,Moderate
2021,3,10,10-03-2021,119,Moderate
2021,3,11,11-03-2021,108,Moderate
2021,3,12,12-03-2021,97,Satisfactory
2021,3,13,13-03-2021,102,Moderate
2021,3,14,14-03-2021,109,Moderate
2021,3,15,15-03-2021,113,Moderate
2021,3,16,16-03-2021,110,Moderate
2021,3,17,17-03-2021,131,Moderate
2021,3,18,18-03-2021,125,Moderate
2021,3,19,19-03-2021,86,Satisfactory
2021,3,20,20-03-2021,95,Satisfactory
2021,3,21,21-03-2021,151,Moderate
2021,3,22,22-03-2021,112,Moderate
2021,3,23,23-03-2021,103,Moderate
2021,3,24,24-03-2021,162,Moderate
2021,3,25,25-03-2021,140,Moderate
2021,3,26,26-03-2021,111,Moderate
2021,3,27,27-03-2021,137,Moderate
2021,3,28,28-03-2021,143,Moderate
2021,3,29,29-03-2021,125,Moderate
2021,3,30,30-03-2021,92,Satisfactory
2021,3,31,31-03-2021,80,Satisfactory
2021,4,1,01-04-2021,82,Satisfactory
2021,4,2,02-04-2021,115,Moderate
2021,4,3,03-04-2021,104,Moderate
2021,4,4,04-04-2021,97,Satisfactory
2021,4,5,05-04-2021,106,Moderate
2021,4,6,06-04-2021,111,Moderate
2021,4,7,07-04-2021,99,Satisfactory
2021,4,8,08-04-2021,103,Moderate
2021,4,9,09-04-2021,93,Satisfactory
2021,4,10,10-04-2021,99,Satisfactory
2021,4,11,11-04-2021,92,Satisfactory
2021,4,12,12-04-2021,86,Satisfactory
2021,4,13,13-04-2021,103,Moderate
2021,4,14,14-04-2021,86,Satisfactory
2021,4,15,15-04-2021,80,Satisfactory
2021,4,16,16-04-2021,82,Satisfactory
2021,4,17,17-04-2021,86,Satisfactory
2021,4,18,18-04-2021,90,Satisfactory
2021,4,19,19-04-2021,80,Satisfactory
2021,4,20,20-04-2021,101,Moderate
2021,4,21,21-04-2021,78,Satisfactory
2021,4,22,22-04-2021,99,Satisfactory
2021,4,23,23-04-2021,93,Satisfactory
2021,4,24,24-04-2021,74,Satisfactory
2021,4,25,25-04-2021,79,Satisfactory
2021,4,26,26-04-2021,74,Satisfactory
2021,4,27,27-04-2021,86,Satisfactory
2021,4,28,28-04-2021,70,Satisfactory
2021,4,29,29-04-2021,84,Satisfactory
2021,4,30,30-04-2021,68,Satisfactory
2021,5,1,01-05-2021,69,Satisfactory
2021,5,2,02-05-2021,87,Satisfactory
2021,5,3,03-05-2021,72,Satisfactory
2021,5,4,04-05-2021,69,Satisfactory
2021,5,5,05-05-2021,74,Satisfactory
2021,5,6,06-05-2021,72,Satisfactory
2021,5,7,07-05-2021,64,Satisfactory
2021,5,8,08-05-2021,71,Satisfactory
2021,5,9,09-05-2021,63,Satisfactory
2021,5,10,10-05-2021,58,Satisfactory
2021,5,11,11-05-2021,54,Satisfactory
2021,5,12,12-05-2021,54,Satisfactory
2021,5,13,13-05-2021,50,Good
2021,5,14,14-05-2021,57,Satisfactory
2021,5,15,15-05-2021,57,Satisfactory
2021,5,16,16-05-2021,51,Satisfactory
2021,5,17,17-05-2021,55,Satisfactory
2021,5,18,18-05-2021,50,Good
2021,5,19,19-05-2021,47,Good
2021,5,20,20-05-2021,58,Satisfactory
2021,5,21,21-05-2021,69,Satisfactory
2021,5,22,22-05-2021,69,Satisfactory
2021,5,23,23-05-2021,65,Satisfactory
2021,5,24,24-05-2021,69,Satisfactory
2021,5,25,25-05-2021,68,Satisfactory
2021,5,26,26-05-2021,66,Satisfactory
2021,5,27,27-05-2021,68,Satisfactory
2021,5,28,28-05-2021,63,Satisfactory
2021,5,29,29-05-2021,60,Satisfactory
2021,5,30,30-05-2021,54,Satisfactory
2021,5,31,31-05-2021,54,Satisfactory
2021,6,1,01-06-2021,54,Satisfactory
2021,6,2,02-06-2021,50,Good
2021,6,3,03-06-2021,65,Satisfactory
2021,6,4,04-06-2021,60,Satisfactory
2021,6,5,05-06-2021,56,Satisfactory
2021,6,6,06-06-2021,59,Satisfactory
2021,6,7,07-06-2021,62,Satisfactory
2021,6,8,08-06-2021,66,Satisfactory
2021,6,9,09-06-2021,70,Satisfactory
2021,6,10,10-06-2021,70,Satisfactory
2021,6,11,11-06-2021,74,Satisfactory
2021,6,12,12-06-2021,86,Satisfactory
2021,6,13,13-06-2021,71,Satisfactory
2021,6,14,14-06-2021,101,Moderate
2021,6,15,15-06-2021,64,Satisfactory
2021,6,16,16-06-2021,69,Satisfactory
2021,6,17,17-06-2021,81,Satisfactory
2021,6,18,18-06-2021,97,Satisfactory
2021,6,19,19-06-2021,76,Satisfactory
2021,6,20,20-06-2021,63,Satisfactory
2021,6,21,21-06-2021,126,Moderate
2021,6,22,22-06-2021,98,Satisfactory
2021,6,23,23-06-2021,89,Satisfactory
2021,6,24,24-06-2021,73,Satisfactory
2021,6,25,25-06-2021,60,Satisfactory
2021,6,26,26-06-2021,63,Satisfactory
2021,6,27,27-06-2021,64,Satisfactory
2021,6,28,28-06-2021,63,Satisfactory
2021,6,29,29-06-2021,76,Satisfactory
2021,6,30,30-06-2021,61,Satisfactory
2021,7,1,01-07-2021,69,Satisfactory
2021,7,2,02-07-2021,70,Satisfactory
2021,7,3,03-07-2021,71,Satisfactory
2021,7,4,04-07-2021,70,Satisfactory
2021,7,5,05-07-2021,76,Satisfactory
2021,7,6,06-07-2021,83,Satisfactory
2021,7,7,07-07-2021,89,Satisfactory
2021,7,8,08-07-2021,79,Satisfactory
2021,7,9,09-07-2021,71,Satisfactory
2021,7,10,10-07-2021,76,Satisfactory
2021,7,11,11-07-2021,79,Satisfactory
2021,7,12,12-07-2021,88,Satisfactory
2021,7,13,13-07-2021,65,Satisfactory
2021,7,14,14-07-2021,76,Satisfactory
2021,7,15,15-07-2021,62,Satisfactory
2021,7,16,16-07-2021,67,Satisfactory
2021,7,17,17-07-2021,72,Satisfactory
2021,7,18,18-07-2021,67,Satisfactory
2021,7,19,19-07-2021,88,Satisfactory
2021,7,20,20-07-2021,72,Satisfactory
2021,7,21,21-07-2021,64,Satisfactory
2021,7,22,22-07-2021,72,Satisfactory
2021,7,23,23-07-2021,104,Moderate
2021,7,24,24-07-2021,73,Satisfactory
2021,7,25,25-07-2021,69,Satisfactory
2021,7,26,26-07-2021,61,Satisfactory
2021,7,27,27-07-2021,60,Satisfactory
2021,7,28,28-07-2021,66,Satisfactory
2021,7,29,29-07-2021,65,Satisfactory
2021,7,30,30-07-2021,56,Satisfactory
2021,7,31,31-07-2021,55,Satisfactory
2021,8,1,01-08-2021,70,Satisfactory
2021,8,2,02-08-2021,71,Satisfactory
2021,8,3,03-08-2021,51,Satisfactory
2021,8,4,04-08-2021,57,Satisfactory
2021,8,5,05-08-2021,59,Satisfactory
2021,8,6,06-08-2021,74,Satisfactory
2021,8,7,07-08-2021,66,Satisfactory
2021,8,8,08-08-2021,61,Satisfactory
2021,8,9,09-08-2021,59,Satisfactory
2021,8,10,10-08-2021,64,Satisfactory
2021,8,11,11-08-2021,69,Satisfactory
2021,8,12,12-08-2021,65,Satisfactory
2021,8,13,13-08-2021,64,Satisfactory
2021,8,14,14-08-2021,65,Satisfactory
2021,8,15,15-08-2021,55,Satisfactory
2021,8,16,16-08-2021,71,Satisfactory
2021,8,17,17-08-2021,67,Satisfactory
2021,8,18,18-08-2021,72,Satisfactory
2021,8,19,19-08-2021,64,Satisfactory
2021,8,20,20-08-2021,67,Satisfactory
2021,8,21,21-08-2021,70,Satisfactory
2021,8,22,22-08-2021,59,Satisfactory
2021,8,23,23-08-2021,60,Satisfactory
2021,8,24,24-08-2021,74,Satisfactory
2021,8,25,25-08-2021,66,Satisfactory
2021,8,26,26-08-2021,74,Satisfactory
2021,8,27,27-08-2021,89,Satisfactory
2021,8,28,28-08-2021,67,Satisfactory
2021,8,29,29-08-2021,74,Satisfactory
2021,8,30,30-08-2021,81,Satisfactory
2021,8,31,31-08-2021,66,Satisfactory
2021,9,1,01-09-2021,70,Satisfactory
2021,9,2,02-09-2021,57,Satisfactory
2021,9,3,03-09-2021,59,Satisfactory
2021,9,4,04-09-2021,76,Satisfactory
2021,9,5,05-09-2021,66,Satisfactory
2021,9,6,06-09-2021,51,Satisfactory
2021,9,7,07-09-2021,72,Satisfactory
2021,9,8,08-09-2021,54,Satisfactory
2021,9,9,09-09-2021,69,Satisfactory
2021,9,10,10-09-2021,57,Satisfactory
2021,9,11,11-09-2021,65,Satisfactory
2021,9,12,12-09-2021,70,Satisfactory
2021,9,13,13-09-2021,85,Satisfactory
2021,9,14,14-09-2021,70,Satisfactory
2021,9,15,15-09-2021,64,Satisfactory
2021,9,16,16-09-2021,67,Satisfactory
2021,9,17,17-09-2021,73,Satisfactory
2021,9,18,18-09-2021,70,Satisfactory
2021,9,19,19-09-2021,71,Satisfactory
2021,9,20,20-09-2021,75,Satisfactory
2021,9,21,21-09-2021,66,Satisfactory
2021,9,22,22-09-2021,58,Satisfactory
2021,9,23,23-09-2021,66,Satisfactory
2021,9,24,24-09-2021,74,Satisfactory
2021,9,25,25-09-2021,66,Satisfactory
2021,9,26,26-09-2021,65,Satisfactory
2021,9,27,27-09-2021,76,Satisfactory
2021,9,28,28-09-2021,71,Satisfactory
2021,9,29,29-09-2021,53,Satisfactory
2021,9,30,30-09-2021,66,Satisfactory
2021,10,1,01-10-2021,73,Satisfactory
2021,10,2,02-10-2021,67,Satisfactory
2021,10,3,03-10-2021,65,Satisfactory
2021,10,4,04-10-2021,72,Satisfactory
2021,10,5,05-10-2021,58,Satisfactory
2021,10,6,06-10-2021,76,Satisfactory
2021,10,7,07-10-2021,62,Satisfactory
2021,10,8,08-10-2021,70,Satisfactory
2021,10,9,09-10-2021,64,Satisfactory
2021,10,10,10-10-2021,58,Satisfactory
2021,10,11,11-10-2021,62,Satisfactory
2021,10,12,12-10-2021,52,Satisfactory
2021,10,13,13-10-2021,77,Satisfactory
2021,10,14,14-10-2021,103,Moderate
2021,10,15,15-10-2021,55,Satisfactory
2021,10,16,16-10-2021,82,Satisfactory
2021,10,17,17-10-2021,69,Satisfactory
2021,10,18,18-10-2021,70,Satisfactory
2021,10,19,19-10-2021,60,Satisfactory
2021,10,20,20-10-2021,66,Satisfactory
2021,10,21,21-10-2021,83,Satisfactory
2021,10,22,22-10-2021,84,Satisfactory
2021,10,23,23-10-2021,90,Satisfactory
2021,10,24,24-10-2021,81,Satisfactory
2021,10,25,25-10-2021,82,Satisfactory
2021,10,26,26-10-2021,91,Satisfactory
2021,10,27,27-10-2021,102,Moderate
2021,10,28,28-10-2021,121,Moderate
2021,10,29,29-10-2021,135,Moderate
2021,10,30,30-10-2021,108,Moderate
2021,10,31,31-10-2021,114,Moderate
2021,11,1,01-11-2021,136,Moderate
2021,11,2,02-11-2021,88,Satisfactory
2021,11,3,03-11-2021,135,Moderate
2021,11,4,04-11-2021,138,Moderate
2021,11,5,05-11-2021,118,Moderate
2021,11,6,06-11-2021,83,Satisfactory
2021,11,7,07-11-2021,83,Satisfactory
2021,11,8,08-11-2021,157,Moderate
2021,11,9,09-11-2021,187,Moderate
2021,11,10,10-11-2021,177,Moderate
2021,11,11,11-11-2021,202,Poor
2021,11,12,12-11-2021,208,Poor
2021,11,13,13-11-2021,197,Moderate
2021,11,14,14-11-2021,196,Moderate
2021,11,15,15-11-2021,178,Moderate
2021,11,16,16-11-2021,192,Moderate
2021,11,17,17-11-2021,54,Satisfactory
2021,11,18,18-11-2021,57,Satisfactory
2021,11,19,19-11-2021,91,Satisfactory
2021,11,20,20-11-2021,70,Satisfactory
2021,11,21,21-11-2021,70,Satisfactory
2021,11,22,22-11-2021,61,Satisfactory
2021,11,23,23-11-2021,73,Satisfactory
2021,11,24,24-11-2021,94,Satisfactory
2021,11,25,25-11-2021,134,Moderate
2021,11,26,26-11-2021,112,Moderate
2021,11,27,27-11-2021,112,Moderate
2021,11,28,28-11-2021,146,Moderate
2021,11,29,29-11-2021,154,Moderate
2021,11,30,30-11-2021,115,Moderate
2021,12,1,01-12-2021,116,Moderate
2021,12,2,02-12-2021,80,Satisfactory
2021,12,3,03-12-2021,81,Satisfactory
2021,12,4,04-12-2021,46,Good
2021,12,5,05-12-2021,84,Satisfactory
2021,12,6,06-12-2021,68,Satisfactory
2021,12,7,07-12-2021,145,Moderate
2021,12,8,08-12-2021,175,Moderate
2021,12,9,09-12-2021,151,Moderate
2021,12,10,10-12-2021,150,Moderate
2021,12,11,11-12-2021,164,Moderate
2021,12,12,12-12-2021,183,Moderate
2021,12,13,13-12-2021,203,Poor
2021,12,14,14-12-2021,151,Moderate
2021,12,15,15-12-2021,103,Moderate
2021,12,16,16-12-2021,160,Moderate
2021,12,17,17-12-2021,162,Moderate
2021,12,18,18-12-2021,211,Poor
2021,12,19,19-12-2021,280,Poor
2021,12,20,20-12-2021,274,Poor
2021,12,21,21-12-2021,200,Moderate
2021,12,22,22-12-2021,197,Moderate
2021,12,23,23-12-2021,196,Moderate
2021,12,24,24-12-2021,168,Moderate
2021,12,25,25-12-2021,145,Moderate
2021,12,26,26-12-2021,121,Moderate
2021,12,27,27-12-2021,153,Moderate
2021,12,28,28-12-2021,184,Moderate
2021,12,29,29-12-2021,161,Moderate
2021,12,30,30-12-2021,184,Moderate
2021,12,31,31-12-2021,128,Moderate
2022,1,1,01-01-2022,160,Moderate
2022,1,2,02-01-2022,109,Moderate
2022,1,3,03-01-2022,124,Moderate
2022,1,4,04-01-2022,167,Moderate
2022,1,5,05-01-2022,155,Moderate
2022,1,6,06-01-2022,131,Moderate
2022,1,7,07-01-2022,158,Moderate
2022,1,8,08-01-2022,94,Satisfactory
2022,1,9,09-01-2022,102,Moderate
2022,1,10,10-01-2022,90,Satisfactory
2022,1,11,11-01-2022,94,Satisfactory
2022,1,12,12-01-2022,76,Satisfactory
2022,1,13,13-01-2022,162,Moderate
2022,1,14,14-01-2022,137,Moderate
2022,1,15,15-01-2022,125,Moderate
2022,1,16,16-01-2022,127,Moderate
2022,1,17,17-01-2022,131,Moderate
2022,1,18,18-01-2022,109,Moderate
2022,1,19,19-01-2022,102,Moderate
2022,1,20,20-01-2022,93,Satisfactory
2022,1,21,21-01-2022,93,Satisfactory
2022,1,22,22-01-2022,103,Moderate
2022,1,23,23-01-2022,132,Moderate
2022,1,24,24-01-2022,340,Very Poor
2022,1,25,25-01-2022,250,Poor
2022,1,26,26-01-2022,198,Moderate
2022,1,27,27-01-2022,,Unknown
2022,1,28,28-01-2022,146,Moderate
2022,1,29,29-01-2022,171,Moderate
2022,1,30,30-01-2022,175,Moderate
2022,1,31,31-01-2022,117,Moderate
2022,2,1,01-02-2022,112,Moderate
2022,2,2,02-02-2022,129,Moderate
2022,2,3,03-02-2022,108,Moderate
2022,2,4,04-02-2022,108,Moderate
2022,2,5,05-02-2022,159,Moderate
2022,2,6,06-02-2022,182,Moderate
2022,2,7,07-02-2022,147,Moderate
2022,2,8,08-02-2022,166,Moderate
2022,2,9,09-02-2022,110,Moderate
2022,2,10,10-02-2022,121,Moderate
2022,2,11,11-02-2022,126,Moderate
2022,2,12,12-02-2022,141,Moderate
2022,2,13,13-02-2022,147,Moderate
2022,2,14,14-02-2022,114,Moderate
2022,2,15,15-02-2022,102,Moderate
2022,2,16,16-02-2022,91,Satisfactory
2022,2,17,17-02-2022,79,Satisfactory
2022,2,18,18-02-2022,85,Satisfactory
2022,2,19,19-02-2022,99,Satisfactory
2022,2,20,20-02-2022,86,Satisfactory
2022,2,21,21-02-2022,110,Moderate
2022,2,22,22-02-2022,141,Moderate
2022,2,23,23-02-2022,162,Moderate
2022,2,24,24-02-2022,161,Moderate
2022,2,25,25-02-2022,147,Moderate
2022,2,26,26-02-2022,138,Moderate
2022,2,27,27-02-2022,144,Moderate
2022,2,28,28-02-2022,119,Moderate
2022,3,1,01-03-2022,126,Moderate
2022,3,2,02-03-2022,160,Moderate
2022,3,3,03-03-2022,132,Moderate
2022,3,4,04-03-2022,130,Moderate
2022,3,5,05-03-2022,127,Moderate
2022,3,6,06-03-2022,124,Moderate
2022,3,7,07-03-2022,149,Moderate
2022,3,8,08-03-2022,126,Moderate
2022,3,9,09-03-2022,133,Moderate
2022,3,10,10-03-2022,133,Moderate
2022,3,11,11-03-2022,160,Moderate
2022,3,12,12-03-2022,108,Moderate
2022,3,13,13-03-2022,129,Moderate
2022,3,14,14-03-2022,136,Moderate
2022,3,15,15-03-2022,154,Moderate
2022,3,16,16-03-2022,172,Moderate
2022,3,17,17-03-2022,188,Moderate
2022,3,18,18-03-2022,168,Moderate
2022,3,19,19-03-2022,150,Moderate
2022,3,20,20-03-2022,127,Moderate
2022,3,21,21-03-2022,131,Moderate
2022,3,22,22-03-2022,172,Moderate
2022,3,23,23-03-2022,175,Moderate
2022,3,24,24-03-2022,160,Moderate
2022,3,25,25-03-2022,149,Moderate
2022,3,26,26-03-2022,134,Moderate
2022,3,27,27-03-2022,124,Moderate
2022,3,28,28-03-2022,125,Moderate
2022,3,29,29-03-2022,115,Moderate
2022,3,30,30-03-2022,108,Moderate
2022,3,31,31-03-2022,104,Moderate
2022,4,1,01-04-2022,109,Moderate
2022,4,2,02-04-2022,120,Moderate
2022,4,3,03-04-2022,137,Moderate
2022,4,4,04-04-2022,131,Moderate
2022,4,5,05-04-2022,126,Moderate
2022,4,6,06-04-2022,110,Moderate
2022,4,7,07-04-2022,134,Moderate
2022,4,8,08-04-2022,103,Moderate
2022,4,9,09-04-2022,111,Moderate
2022,4,10,10-04-2022,101,Moderate
2022,4,11,11-04-2022,102,Moderate
2022,4,12,12-04-2022,111,Moderate
2022,4,13,13-04-2022,153,Moderate
2022,4,14,14-04-2022,157,Moderate
2022,4,15,15-04-2022,122,Moderate
2022,4,16,16-04-2022,85,Satisfactory
2022,4,17,17-04-2022,108,Moderate
2022,4,18,18-04-2022,82,Satisfactory
2022,4,19,19-04-2022,117,Moderate
2022,4,20,20-04-2022,111,Moderate
2022,4,21,21-04-2022,130,Moderate
2022,4,22,22-04-2022,163,Moderate
2022,4,23,23-04-2022,116,Moderate
2022,4,24,24-04-2022,108,Moderate
2022,4,25,25-04-2022,119,Moderate
2022,4,26,26-04-2022,111,Moderate
2022,4,27,27-04-2022,128,Moderate
2022,4,28,28-04-2022,162,Moderate
2022,4,29,29-04-2022,115,Moderate
2022,4,30,30-04-2022,100,Satisfactory
2022,5,1,01-05-2022,75,Satisfactory
2022,5,2,02-05-2022,88,Satisfactory
2022,5,3,03-05-2022,86,Satisfactory
2022,5,4,04-05-2022,97,Satisfactory
2022,5,5,05-05-2022,118,Moderate
2022,5,6,06-05-2022,188,Moderate
2022,5,7,07-05-2022,236,Poor
2022,5,8,08-05-2022,210,Poor
2022,5,9,09-05-2022,177,Moderate
2022,5,10,10-05-2022,129,Moderate
2022,5,11,11-05-2022,104,Moderate
2022,5,12,12-05-2022,109,Moderate
2022,5,13,13-05-2022,110,Moderate
2022,5,14,14-05-2022,125,Moderate
2022,5,15,15-05-2022,115,Moderate
2022,5,16,16-05-2022,127,Moderate
2022,5,17,17-05-2022,183,Moderate
2022,5,18,18-05-2022,193,Moderate
2022,5,19,19-05-2022,250,Poor
2022,5,20,20-05-2022,186,Moderate
2022,5,21,21-05-2022,155,Moderate
2022,5,22,22-05-2022,105,Moderate
2022,5,23,23-05-2022,70,Satisfactory
2022,5,24,24-05-2022,65,Satisfactory
2022,5,25,25-05-2022,98,Satisfactory
2022,5,26,26-05-2022,131,Moderate
2022,5,27,27-05-2022,90,Satisfactory
2022,5,28,28-05-2022,84,Satisfactory
2022,5,29,29-05-2022,84,Satisfactory
2022,5,30,30-05-2022,87,Satisfactory
2022,5,31,31-05-2022,108,Moderate
2022,6,1,01-06-2022,104,Moderate
2022,6,2,02-06-2022,114,Moderate
2022,6,3,03-06-2022,110,Moderate
2022,6,4,04-06-2022,128,Moderate
2022,6,5,05-06-2022,88,Satisfactory
2022,6,6,06-06-2022,88,Satisfactory
2022,6,7,07-06-2022,84,Satisfactory
2022,6,8,08-06-2022,82,Satisfactory
2022,6,9,09-06-2022,80,Satisfactory
2022,6,10,10-06-2022,77,Satisfactory
2022,6,11,11-06-2022,79,Satisfactory
2022,6,12,12-06-2022,79,Satisfactory
2022,6,13,13-06-2022,72,Satisfactory
2022,6,14,14-06-2022,76,Satisfactory
2022,6,15,15-06-2022,80,Satisfactory
2022,6,16,16-06-2022,75,Satisfactory
2022,6,17,17-06-2022,83,Satisfactory
2022,6,18,18-06-2022,80,Satisfactory
2022,6,19,19-06-2022,76,Satisfactory
2022,6,20,20-06-2022,81,Satisfactory
2022,6,21,21-06-2022,83,Satisfactory
2022,6,22,22-06-2022,78,Satisfactory
2022,6,23,23-06-2022,85,Satisfactory
2022,6,24,24-06-2022,75,Satisfactory
2022,6,25,25-06-2022,70,Satisfactory
2022,6,26,26-06-2022,74,Satisfactory
2022,6,27,27-06-2022,83,Satisfactory
2022,6,28,28-06-2022,93,Satisfactory
2022,6,29,29-06-2022,84,Satisfactory
2022,6,30,30-06-2022,69,Satisfactory
2022,7,1,01-07-2022,74,Satisfactory
2022,7,2,02-07-2022,91,Satisfactory
2022,7,3,03-07-2022,68,Satisfactory
2022,7,4,04-07-2022,84,Satisfactory
2022,7,5,05-07-2022,87,Satisfactory
2022,7,6,06-07-2022,86,Satisfactory
2022,7,7,07-07-2022,97,Satisfactory
2022,7,8,08-07-2022,49,Good
2022,7,9,09-07-2022,48,Good
2022,7,10,10-07-2022,62,Satisfactory
2022,7,11,11-07-2022,51,Satisfactory
2022,7,12,12-07-2022,,Unknown
2022,7,13,13-07-2022,,Unknown
2022,7,14,14-07-2022,65,Satisfactory
2022,7,15,15-07-2022,63,Satisfactory
2022,7,16,16-07-2022,60,Satisfactory
2022,7,17,17-07-2022,60,Satisfactory
2022,7,18,18-07-2022,63,Satisfactory
2022,7,19,19-07-2022,63,Satisfactory
2022,7,20,20-07-2022,63,Satisfactory
2022,7,21,21-07-2022,58,Satisfactory
2022,7,22,22-07-2022,,Unknown
2022,7,23,23-07-2022,,Unknown
2022,7,24,24-07-2022,,Unknown
2022,7,25,25-07-2022,,Unknown
2022,7,26,26-07-2022,,Unknown
2022,7,27,27-07-2022,,Unknown
2022,7,28,28-07-2022,,Unknown
2022,7,29,29-07-2022,,Unknown
2022,7,30,30-07-2022,,Unknown
2022,7,31,31-07-2022,,Unknown
2022,8,1,01-08-2022,,Unknown
2022,8,2,02-08-2022,,Unknown
2022,8,3,03-08-2022,,Unknown
2022,8,4,04-08-2022,,Unknown
2022,8,5,05-08-2022,,Unknown
2022,8,6,06-08-2022,,Unknown
2022,8,7,07-08-2022,,Unknown
2022,8,8,08-08-2022,,Unknown
2022,8,9,09-08-2022,,Unknown
2022,8,10,10-08-2022,,Unknown
2022,8,11,11-08-2022,,Unknown
2022,8,12,12-08-2022,,Unknown
2022,8,13,13-08-2022,,Unknown
2022,8,14,14-08-2022,,Unknown
2022,8,15,15-08-2022,,Unknown
2022,8,16,16-08-2022,,Unknown
2022,8,17,17-08-2022,,Unknown
2022,8,18,18-08-2022,,Unknown
2022,8,19,19-08-2022,,Unknown
2022,8,20,20-08-2022,,Unknown
2022,8,21,21-08-2022,,Unknown
2022,8,22,22-08-2022,,Unknown
2022,8,23,23-08-2022,,Unknown
2022,8,24,24-08-2022,,Unknown
2022,8,25,25-08-2022,,Unknown
2022,8,26,26-08-2022,,Unknown
2022,8,27,27-08-2022,,Unknown
2022,8,28,28-08-2022,,Unknown
2022,8,29,29-08-2022,,Unknown
2022,8,30,30-08-2022,,Unknown
2022,8,31,31-08-2022,,Unknown
2022,9,1,01-09-2022,,Unknown
2022,9,2,02-09-2022,,Unknown
2022,9,3,03-09-2022,,Unknown
2022,9,4,04-09-2022,,Unknown
2022,9,5,05-09-2022,,Unknown
2022,9,6,06-09-2022,,Unknown
2022,9,7,07-09-2022,,Unknown
2022,9,8,08-09-2022,,Unknown
2022,9,9,09-09-2022,,Unknown
2022,9,10,10-09-2022,,Unknown
2022,9,11,11-09-2022,,Unknown
2022,9,12,12-09-2022,,Unknown
2022,9,13,13-09-2022,,Unknown
2022,9,14,14-09-2022,,Unknown
2022,9,15,15-09-2022,45,Good
2022,9,16,16-09-2022,,Unknown
2022,9,17,17-09-2022,,Unknown
2022,9,18,18-09-2022,,Unknown
2022,9,19,19-09-2022,,Unknown
2022,9,20,20-09-2022,,Unknown
2022,9,21,21-09-2022,105,Moderate
2022,9,22,22-09-2022,98,Satisfactory
2022,9,23,23-09-2022,,Unknown
2022,9,24,24-09-2022,59,Satisfactory
2022,9,25,25-09-2022,,Unknown
2022,9,26,26-09-2022,,Unknown
2022,9,27,27-09-2022,,Unknown
2022,9,28,28-09-2022,,Unknown
2022,9,29,29-09-2022,,Unknown
2022,9,30,30-09-2022,,Unknown
2022,10,1,01-10-2022,,Unknown
2022,10,2,02-10-2022,,Unknown
2022,10,3,03-10-2022,,Unknown
2022,10,4,04-10-2022,,Unknown
2022,10,5,05-10-2022,,Unknown
2022,10,6,06-10-2022,,Unknown
2022,10,7,07-10-2022,,Unknown
2022,10,8,08-10-2022,,Unknown
2022,10,9,09-10-2022,,Unknown
2022,10,10,10-10-2022,,Unknown
2022,10,11,11-10-2022,,Unknown
2022,10,12,12-10-2022,,Unknown
2022,10,13,13-10-2022,,Unknown
2022,10,14,14-10-2022,,Unknown
2022,10,15,15-10-2022,,Unknown
2022,10,16,16-10-2022,,Unknown
2022,10,17,17-10-2022,,Unknown
2022,10,18,18-10-2022,106,Moderate
2022,10,19,19-10-2022,,Unknown
2022,10,20,20-10-2022,52,Satisfactory
2022,10,21,21-10-2022,43,Good
2022,10,22,22-10-2022,,Unknown
2022,10,23,23-10-2022,,Unknown
2022,10,24,24-10-2022,,Unknown
2022,10,25,25-10-2022,122,Moderate
2022,10,26,26-10-2022,78,Satisfactory
2022,10,27,27-10-2022,122,Moderate
2022,10,28,28-10-2022,,Unknown
2022,10,29,29-10-2022,,Unknown
2022,10,30,30-10-2022,,Unknown
2022,10,31,31-10-2022,,Unknown
2022,11,1,01-11-2022,,Unknown
2022,11,2,02-11-2022,,Unknown
2022,11,3,03-11-2022,,Unknown
2022,11,4,04-11-2022,,Unknown
2022,11,5,05-11-2022,,Unknown
2022,11,6,06-11-2022,,Unknown
2022,11,7,07-11-2022,,Unknown
2022,11,8,08-11-2022,,Unknown
2022,11,9,09-11-2022,43,Good
2022,11,10,10-11-2022,43,Good
2022,11,11,11-11-2022,,Unknown
2022,11,12,12-11-2022,,Unknown
2022,11,13,13-11-2022,,Unknown
2022,11,14,14-11-2022,,Unknown
2022,11,15,15-11-2022,,Unknown
2022,11,16,16-11-2022,,Unknown
2022,11,17,17-11-2022,,Unknown
2022,11,18,18-11-2022,,Unknown
2022,11,19,19-11-2022,,Unknown
2022,11,20,20-11-2022,296,Poor
2022,11,21,21-11-2022,325,Very Poor
2022,11,22,22-11-2022,44,Good
2022,11,23,23-11-2022,43,Good
2022,11,24,24-11-2022,43,Good
2022,11,25,25-11-2022,,Unknown
2022,11,26,26-11-2022,,Unknown
2022,11,27,27-11-2022,,Unknown
2022,11,28,28-11-2022,,Unknown
2022,11,29,29-11-2022,,Unknown
2022,11,30,30-11-2022,,Unknown
2022,12,1,01-12-2022,,Unknown
2022,12,2,02-12-2022,,Unknown
2022,12,3,03-12-2022,,Unknown
2022,12,4,04-12-2022,,Unknown
2022,12,5,05-12-2022,,Unknown
2022,12,6,06-12-2022,,Unknown
2022,12,7,07-12-2022,153,Moderate
2022,12,8,08-12-2022,173,Moderate
2022,12,9,09-12-2022,174,Moderate
2022,12,10,10-12-2022,,Unknown
2022,12,11,11-12-2022,,Unknown
2022,12,12,12-12-2022,,Unknown
2022,12,13,13-12-2022,,Unknown
2022,12,14,14-12-2022,,Unknown
2022,12,15,15-12-2022,,Unknown
2022,12,16,16-12-2022,,Unknown
2022,12,17,17-12-2022,,Unknown
2022,12,18,18-12-2022,,Unknown
2022,12,19,19-12-2022,,Unknown
2022,12,20,20-12-2022,,Unknown
2022,12,21,21-12-2022,,Unknown
2022,12,22,22-12-2022,,Unknown
2022,12,23,23-12-2022,,Unknown
2022,12,24,24-12-2022,,Unknown
2022,12,25,25-12-2022,,Unknown
2022,12,26,26-12-2022,,Unknown
2022,12,27,27-12-2022,,Unknown
2022,12,28,28-12-2022,,Unknown
2022,12,29,29-12-2022,,Unknown
2022,12,30,30-12-2022,,Unknown
2022,12,31,31-12-2022,,Unknown
2023,1,1,01-01-2023,,Unknown
2023,1,2,02-01-2023,,Unknown
2023,1,3,03-01-2023,,Unknown
2023,1,4,04-01-2023,,Unknown
2023,1,5,05-01-2023,,Unknown
2023,1,6,06-01-2023,,Unknown
2023,1,7,07-01-2023,,Unknown
2023,1,8,08-01-2023,,Unknown
2023,1,9,09-01-2023,,Unknown
2023,1,10,10-01-2023,,Unknown
2023,1,11,11-01-2023,,Unknown
2023,1,12,12-01-2023,,Unknown
2023,1,13,13-01-2023,,Unknown
2023,1,14,14-01-2023,,Unknown
2023,1,15,15-01-2023,,Unknown
2023,1,16,16-01-2023,,Unknown
2023,1,17,17-01-2023,,Unknown
2023,1,18,18-01-2023,,Unknown
2023,1,19,19-01-2023,,Unknown
2023,1,20,20-01-2023,43,Good
2023,1,21,21-01-2023,140,Moderate
2023,1,22,22-01-2023,115,Moderate
2023,1,23,23-01-2023,141,Moderate
2023,1,24,24-01-2023,209,Poor
2023,1,25,25-01-2023,206,Poor
2023,1,26,26-01-2023,211,Poor
2023,1,27,27-01-2023,184,Moderate
2023,1,28,28-01-2023,206,Poor
2023,1,29,29-01-2023,172,Moderate
2023,1,30,30-01-2023,152,Moderate
2023,1,31,31-01-2023,153,Moderate
2023,2,1,01-02-2023,162,Moderate
2023,2,2,02-02-2023,201,Poor
2023,2,3,03-02-2023,166,Moderate
2023,2,4,04-02-2023,185,Moderate
2023,2,5,05-02-2023,186,Moderate
2023,2,6,06-02-2023,166,Moderate
2023,2,7,07-02-2023,184,Moderate
2023,2,8,08-02-2023,190,Moderate
2023,2,9,09-02-2023,203,Poor
2023,2,10,10-02-2023,196,Moderate
2023,2,11,11-02-2023,100,Satisfactory
2023,2,12,12-02-2023,134,Moderate
2023,2,13,13-02-2023,96,Satisfactory
2023,2,14,14-02-2023,175,Moderate
2023,2,15,15-02-2023,155,Moderate
2023,2,16,16-02-2023,150,Moderate
2023,2,17,17-02-2023,188,Moderate
2023,2,18,18-02-2023,144,Moderate
2023,2,19,19-02-2023,143,Moderate
2023,2,20,20-02-2023,152,Moderate
2023,2,21,21-02-2023,126,Moderate
2023,2,22,22-02-2023,125,Moderate
2023,2,23,23-02-2023,146,Moderate
2023,2,24,24-02-2023,148,Moderate
2023,2,25,25-02-2023,168,Moderate
2023,2,26,26-02-2023,148,Moderate
2023,2,27,27-02-2023,138,Moderate
2023,2,28,28-02-2023,144,Moderate
2023,3,1,01-03-2023,142,Moderate
2023,3,2,02-03-2023,171,Moderate
2023,3,3,03-03-2023,188,Moderate
2023,3,4,04-03-2023,229,Poor
2023,3,5,05-03-2023,185,Moderate
2023,3,6,06-03-2023,179,Moderate
2023,3,7,07-03-2023,132,Moderate
2023,3,8,08-03-2023,136,Moderate
2023,3,9,09-03-2023,122,Moderate
2023,3,10,10-03-2023,127,Moderate
2023,3,11,11-03-2023,137,Moderate
2023,3,12,12-03-2023,152,Moderate
2023,3,13,13-03-2023,163,Moderate
2023,3,14,14-03-2023,130,Moderate
2023,3,15,15-03-2023,139,Moderate
2023,3,16,16-03-2023,153,Moderate
2023,3,17,17-03-2023,117,Moderate
2023,3,18,18-03-2023,106,Moderate
2023,3,19,19-03-2023,103,Moderate
2023,3,20,20-03-2023,92,Satisfactory
2023,3,21,21-03-2023,100,Satisfactory
2023,3,22,22-03-2023,98,Satisfactory
2023,3,23,23-03-2023,93,Satisfactory
2023,3,24,24-03-2023,89,Satisfactory
2023,3,25,25-03-2023,92,Satisfactory
2023,3,26,26-03-2023,83,Satisfactory
2023,3,27,27-03-2023,90,Satisfactory
2023,3,28,28-03-2023,90,Satisfactory
2023,3,29,29-03-2023,91,Satisfactory
2023,3,30,30-03-2023,94,Satisfactory
2023,3,31,31-03-2023,96,Satisfactory
2023,4,1,01-04-2023,90,Satisfactory
2023,4,2,02-04-2023,92,Satisfactory
2023,4,3,03-04-2023,94,Satisfactory
2023,4,4,04-04-2023,101,Moderate
2023,4,5,05-04-2023,76,Satisfactory
2023,4,6,06-04-2023,94,Satisfactory
2023,4,7,07-04-2023,141,Moderate
2023,4,8,08-04-2023,101,Moderate
2023,4,9,09-04-2023,94,Satisfactory
2023,4,10,10-04-2023,106,Moderate
2023,4,11,11-04-2023,102,Moderate
2023,4,12,12-04-2023,128,Moderate
2023,4,13,13-04-2023,121,Moderate
2023,4,14,14-04-2023,116,Moderate
2023,4,15,15-04-2023,155,Moderate
2023,4,16,16-04-2023,186,Moderate
2023,4,17,17-04-2023,207,Poor
2023,4,18,18-04-2023,149,Moderate
2023,4,19,19-04-2023,221,Poor
2023,4,20,20-04-2023,366,Very Poor
2023,4,21,21-04-2023,72,Satisfactory
2023,4,22,22-04-2023,70,Satisfactory
2023,4,23,23-04-2023,68,Satisfactory
2023,4,24,24-04-2023,67,Satisfactory
2023,4,25,25-04-2023,76,Satisfactory
2023,4,26,26-04-2023,136,Moderate
2023,4,27,27-04-2023,122,Moderate
2023,4,28,28-04-2023,118,Moderate
2023,4,29,29-04-2023,98,Satisfactory
2023,4,30,30-04-2023,92,Satisfactory
2023,5,1,01-05-2023,98,Satisfactory
2023,5,2,02-05-2023,123,Moderate
2023,5,3,03-05-2023,131,Moderate
2023,5,4,04-05-2023,128,Moderate
2023,5,5,05-05-2023,120,Moderate
2023,5,6,06-05-2023,127,Moderate
2023,5,7,07-05-2023,132,Moderate
2023,5,8,08-05-2023,128,Moderate
2023,5,9,09-05-2023,130,Moderate
2023,5,10,10-05-2023,141,Moderate
2023,5,11,11-05-2023,163,Moderate
2023,5,12,12-05-2023,164,Moderate
2023,5,13,13-05-2023,127,Moderate
2023,5,14,14-05-2023,111,Moderate
2023,5,15,15-05-2023,116,Moderate
2023,5,16,16-05-2023,129,Moderate
2023,5,17,17-05-2023,122,Moderate
2023,5,18,18-05-2023,130,Moderate
2023,5,19,19-05-2023,125,Moderate
2023,5,20,20-05-2023,104,Moderate
2023,5,21,21-05-2023,99,Satisfactory
2023,5,22,22-05-2023,102,Moderate
2023,5,23,23-05-2023,97,Satisfactory
2023,5,24,24-05-2023,95,Satisfactory
2023,5,25,25-05-2023,94,Satisfactory
2023,5,26,26-05-2023,232,Poor
2023,5,27,27-05-2023,91,Satisfactory
2023,5,28,28-05-2023,92,Satisfactory
2023,5,29,29-05-2023,96,Satisfactory
2023,5,30,30-05-2023,113,Moderate
2023,5,31,31-05-2023,96,Satisfactory
2023,6,1,01-06-2023,110,Moderate
2023,6,2,02-06-2023,108,Moderate
2023,6,3,03-06-2023,120,Moderate
2023,6,4,04-06-2023,132,Moderate
2023,6,5,05-06-2023,97,Satisfactory
2023,6,6,06-06-2023,90,Satisfactory
2023,6,7,07-06-2023,102,Moderate
2023,6,8,08-06-2023,102,Moderate
2023,6,9,09-06-2023,108,Moderate
2023,6,10,10-06-2023,101,Moderate
2023,6,11,11-06-2023,103,Moderate
2023,6,12,12-06-2023,107,Moderate
2023,6,13,13-06-2023,97,Satisfactory
2023,6,14,14-06-2023,94,Satisfactory
2023,6,15,15-06-2023,94,Satisfactory
2023,6,16,16-06-2023,106,Moderate
2023,6,17,17-06-2023,110,Moderate
2023,6,18,18-06-2023,112,Moderate
2023,6,19,19-06-2023,113,Moderate
2023,6,20,20-06-2023,110,Moderate
2023,6,21,21-06-2023,103,Moderate
2023,6,22,22-06-2023,124,Moderate
2023,6,23,23-06-2023,105,Moderate
2023,6,24,24-06-2023,105,Moderate
2023,6,25,25-06-2023,105,Moderate
2023,6,26,26-06-2023,103,Moderate
2023,6,27,27-06-2023,104,Moderate
2023,6,28,28-06-2023,103,Moderate
2023,6,29,29-06-2023,121,Moderate
2023,6,30,30-06-2023,99,Satisfactory
2023,7,1,01-07-2023,116,Moderate
2023,7,2,02-07-2023,102,Moderate
2023,7,3,03-07-2023,104,Moderate
2023,7,4,04-07-2023,94,Satisfactory
2023,7,5,05-07-2023,95,Satisfactory
2023,7,6,06-07-2023,90,Satisfactory
2023,7,7,07-07-2023,89,Satisfactory
2023,7,8,08-07-2023,88,Satisfactory
2023,7,9,09-07-2023,120,Moderate
2023,7,10,10-07-2023,98,Satisfactory
2023,7,11,11-07-2023,115,Moderate
2023,7,12,12-07-2023,123,Moderate
2023,7,13,13-07-2023,122,Moderate
2023,7,14,14-07-2023,119,Moderate
2023,7,15,15-07-2023,104,Moderate
2023,7,16,16-07-2023,103,Moderate
2023,7,17,17-07-2023,103,Moderate
2023,7,18,18-07-2023,108,Moderate
2023,7,19,19-07-2023,101,Moderate
2023,7,20,20-07-2023,85,Satisfactory
2023,7,21,21-07-2023,83,Satisfactory
2023,7,22,22-07-2023,85,Satisfactory
2023,7,23,23-07-2023,82,Satisfactory
2023,7,24,24-07-2023,87,Satisfactory
2023,7,25,25-07-2023,91,Satisfactory
2023,7,26,26-07-2023,86,Satisfactory
2023,7,27,27-07-2023,89,Satisfactory
2023,7,28,28-07-2023,87,Satisfactory
2023,7,29,29-07-2023,78,Satisfactory
2023,7,30,30-07-2023,78,Satisfactory
2023,7,31,31-07-2023,93,Satisfactory
2023,8,1,01-08-2023,94,Satisfactory
2023,8,2,02-08-2023,90,Satisfactory
2023,8,3,03-08-2023,92,Satisfactory
2023,8,4,04-08-2023,94,Satisfactory
2023,8,5,05-08-2023,94,Satisfactory
2023,8,6,06-08-2023,94,Satisfactory
2023,8,7,07-08-2023,100,Satisfactory
2023,8,8,08-08-2023,115,Moderate
2023,8,9,09-08-2023,95,Satisfactory
2023,8,10,10-08-2023,90,Satisfactory
2023,8,11,11-08-2023,94,Satisfactory
2023,8,12,12-08-2023,99,Satisfactory
2023,8,13,13-08-2023,85,Satisfactory
2023,8,14,14-08-2023,83,Satisfactory
2023,8,15,15-08-2023,84,Satisfactory
2023,8,16,16-08-2023,81,Satisfactory
2023,8,17,17-08-2023,87,Satisfactory
2023,8,18,18-08-2023,92,Satisfactory
2023,8,19,19-08-2023,72,Satisfactory
2023,8,20,20-08-2023,60,Satisfactory
2023,8,21,21-08-2023,71,Satisfactory
2023,8,22,22-08-2023,94,Satisfactory
2023,8,23,23-08-2023,79,Satisfactory
2023,8,24,24-08-2023,84,Satisfactory
2023,8,25,25-08-2023,81,Satisfactory
2023,8,26,26-08-2023,78,Satisfactory
2023,8,27,27-08-2023,79,Satisfactory
2023,8,28,28-08-2023,82,Satisfactory
2023,8,29,29-08-2023,83,Satisfactory
2023,8,30,30-08-2023,104,Moderate
2023,8,31,31-08-2023,115,Moderate
2023,9,1,01-09-2023,107,Moderate
2023,9,2,02-09-2023,73,Satisfactory
2023,9,3,03-09-2023,70,Satisfactory
2023,9,4,04-09-2023,77,Satisfactory
2023,9,5,05-09-2023,95,Satisfactory
2023,9,6,06-09-2023,104,Moderate
2023,9,7,07-09-2023,92,Satisfactory
2023,9,8,08-09-2023,74,Satisfactory
2023,9,9,09-09-2023,79,Satisfactory
2023,9,10,10-09-2023,87,Satisfactory
2023,9,11,11-09-2023,81,Satisfactory
2023,9,12,12-09-2023,83,Satisfactory
2023,9,13,13-09-2023,78,Satisfactory
2023,9,14,14-09-2023,79,Satisfactory
2023,9,15,15-09-2023,79,Satisfactory
2023,9,16,16-09-2023,76,Satisfactory
2023,9,17,17-09-2023,77,Satisfactory
2023,9,18,18-09-2023,82,Satisfactory
2023,9,19,19-09-2023,77,Satisfactory
2023,9,20,20-09-2023,73,Satisfactory
2023,9,21,21-09-2023,70,Satisfactory
2023,9,22,22-09-2023,72,Satisfactory
2023,9,23,23-09-2023,73,Satisfactory
2023,9,24,24-09-2023,76,Satisfactory
2023,9,25,25-09-2023,80,Satisfactory
2023,9,26,26-09-2023,86,Satisfactory
2023,9,27,27-09-2023,86,Satisfactory
2023,9,28,28-09-2023,110,Moderate
2023,9,29,29-09-2023,101,Moderate
2023,9,30,30-09-2023,98,Satisfactory
2023,10,1,01-10-2023,94,Satisfactory
2023,10,2,02-10-2023,103,Moderate
2023,10,3,03-10-2023,113,Moderate
2023,10,4,04-10-2023,131,Moderate
2023,10,5,05-10-2023,127,Moderate
2023,10,6,06-10-2023,126,Moderate
2023,10,7,07-10-2023,128,Moderate
2023,10,8,08-10-2023,154,Moderate
2023,10,9,09-10-2023,134,Moderate
2023,10,10,10-10-2023,144,Moderate
2023,10,11,11-10-2023,117,Moderate
2023,10,12,12-10-2023,130,Moderate
2023,10,13,13-10-2023,172,Moderate
2023,10,14,14-10-2023,167,Moderate
2023,10,15,15-10-2023,154,Moderate
2023,10,16,16-10-2023,164,Moderate
2023,10,17,17-10-2023,176,Moderate
2023,10,18,18-10-2023,170,Moderate
2023,10,19,19-10-2023,152,Moderate
2023,10,20,20-10-2023,158,Moderate
2023,10,21,21-10-2023,176,Moderate
2023,10,22,22-10-2023,127,Moderate
2023,10,23,23-10-2023,145,Moderate
2023,10,24,24-10-2023,138,Moderate
2023,10,25,25-10-2023,126,Moderate
2023,10,26,26-10-2023,147,Moderate
2023,10,27,27-10-2023,125,Moderate
2023,10,28,28-10-2023,137,Moderate
2023,10,29,29-10-2023,163,Moderate
2023,10,30,30-10-2023,154,Moderate
2023,10,31,31-10-2023,148,Moderate
2023,11,1,01-11-2023,158,Moderate
2023,11,2,02-11-2023,149,Moderate
2023,11,3,03-11-2023,163,Moderate
2023,11,4,04-11-2023,178,Moderate
2023,11,5,05-11-2023,183,Moderate
2023,11,6,06-11-2023,151,Moderate
2023,11,7,07-11-2023,168,Moderate
2023,11,8,08-11-2023,121,Moderate
2023,11,9,09-11-2023,95,Satisfactory
2023,11,10,10-11-2023,94,Satisfactory
2023,11,11,11-11-2023,108,Moderate
2023,11,12,12-11-2023,165,Moderate
2023,11,13,13-11-2023,262,Poor
2023,11,14,14-11-2023,183,Moderate
2023,11,15,15-11-2023,165,Moderate
2023,11,16,16-11-2023,155,Moderate
2023,11,17,17-11-2023,142,Moderate
2023,11,18,18-11-2023,176,Moderate
2023,11,19,19-11-2023,153,Moderate
2023,11,20,20-11-2023,133,Moderate
2023,11,21,21-11-2023,129,Moderate
2023,11,22,22-11-2023,149,Moderate
2023,11,23,23-11-2023,140,Moderate
2023,11,24,24-11-2023,133,Moderate
2023,11,25,25-11-2023,131,Moderate
2023,11,26,26-11-2023,118,Moderate
2023,11,27,27-11-2023,79,Satisfactory
2023,11,28,28-11-2023,99,Satisfactory
2023,11,29,29-11-2023,115,Moderate
2023,11,30,30-11-2023,108,Moderate
2023,12,1,01-12-2023,107,Moderate
2023,12,2,02-12-2023,105,Moderate
2023,12,3,03-12-2023,127,Moderate
2023,12,4,04-12-2023,121,Moderate
2023,12,5,05-12-2023,115,Moderate
2023,12,6,06-12-2023,147,Moderate
2023,12,7,07-12-2023,135,Moderate
2023,12,8,08-12-2023,130,Moderate
2023,12,9,09-12-2023,132,Moderate
2023,12,10,10-12-2023,155,Moderate
2023,12,11,11-12-2023,157,Moderate
2023,12,12,12-12-2023,131,Moderate
2023,12,13,13-12-2023,132,Moderate
2023,12,14,14-12-2023,156,Moderate
2023,12,15,15-12-2023,171,Moderate
2023,12,16,16-12-2023,182,Moderate
2023,12,17,17-12-2023,171,Moderate
2023,12,18,18-12-2023,163,Moderate
2023,12,19,19-12-2023,174,Moderate
2023,12,20,20-12-2023,168,Moderate
2023,12,21,21-12-2023,186,Moderate
2023,12,22,22-12-2023,211,Poor
2023,12,23,23-12-2023,215,Poor
2023,12,24,24-12-2023,191,Moderate
2023,12,25,25-12-2023,205,Poor
2023,12,26,26-12-2023,231,Poor
2023,12,27,27-12-2023,177,Moderate
2023,12,28,28-12-2023,194,Moderate
2023,12,29,29-12-2023,196,Moderate
2023,12,30,30-12-2023,177,Moderate
2023,12,31,31-12-2023,145,Moderate
2024,1,1,01-01-2024,142,Moderate
2024,1,2,02-01-2024,141,Moderate
2024,1,3,03-01-2024,156,Moderate
2024,1,4,04-01-2024,156,Moderate
2024,1,5,05-01-2024,148,Moderate
2024,1,6,06-01-2024,126,Moderate
2024,1,7,07-01-2024,119,Moderate
2024,1,8,08-01-2024,93,Satisfactory
2024,1,9,09-01-2024,116,Moderate
2024,1,10,10-01-2024,91,Satisfactory
2024,1,11,11-01-2024,117,Moderate
2024,1,12,12-01-2024,131,Moderate
2024,1,13,13-01-2024,142,Moderate
2024,1,14,14-01-2024,160,Moderate
2024,1,15,15-01-2024,83,Satisfactory
2024,1,16,16-01-2024,94,Satisfactory
2024,1,17,17-01-2024,111,Moderate
2024,1,18,18-01-2024,96,Satisfactory
2024,1,19,19-01-2024,105,Moderate
2024,1,20,20-01-2024,103,Moderate
2024,1,21,21-01-2024,134,Moderate
2024,1,22,22-01-2024,116,Moderate
2024,1,23,23-01-2024,114,Moderate
2024,1,24,24-01-2024,123,Moderate
2024,1,25,25-01-2024,129,Moderate
2024,1,26,26-01-2024,157,Moderate
2024,1,27,27-01-2024,146,Moderate
2024,1,28,28-01-2024,176,Moderate
2024,1,29,29-01-2024,188,Moderate
2024,1,30,30-01-2024,148,Moderate
2024,1,31,31-01-2024,131,Moderate
2024,2,1,01-02-2024,107,Moderate
2024,2,2,02-02-2024,108,Moderate
2024,2,3,03-02-2024,140,Moderate
2024,2,4,04-02-2024,154,Moderate
2024,2,5,05-02-2024,129,Moderate
2024,2,6,06-02-2024,162,Moderate
2024,2,7,07-02-2024,116,Moderate
2024,2,8,08-02-2024,131,Moderate
2024,2,9,09-02-2024,139,Moderate
2024,2,10,10-02-2024,124,Moderate
2024,2,11,11-02-2024,114,Moderate
2024,2,12,12-02-2024,130,Moderate
2024,2,13,13-02-2024,131,Moderate
2024,2,14,14-02-2024,134,Moderate
2024,2,15,15-02-2024,130,Moderate
2024,2,16,16-02-2024,122,Moderate
2024,2,17,17-02-2024,123,Moderate
2024,2,18,18-02-2024,130,Moderate
2024,2,19,19-02-2024,107,Moderate
2024,2,20,20-02-2024,83,Satisfactory
2024,2,21,21-02-2024,81,Satisfactory
2024,2,22,22-02-2024,88,Satisfactory
2024,2,23,23-02-2024,113,Moderate
2024,2,24,24-02-2024,123,Moderate
2024,2,25,25-02-2024,120,Moderate
2024,2,26,26-02-2024,131,Moderate
2024,2,27,27-02-2024,134,Moderate
2024,2,28,28-02-2024,105,Moderate
2024,2,29,29-02-2024,119,Moderate
2024,3,1,01-03-2024,117,Moderate
2024,3,2,02-03-2024,95,Satisfactory
2024,3,3,03-03-2024,78,Satisfactory
2024,3,4,04-03-2024,83,Satisfactory
2024,3,5,05-03-2024,120,Moderate
2024,3,6,06-03-2024,147,Moderate
2024,3,7,07-03-2024,131,Moderate
2024,3,8,08-03-2024,132,Moderate
2024,3,9,09-03-2024,120,Moderate
2024,3,10,10-03-2024,113,Moderate
2024,3,11,11-03-2024,121,Moderate
2024,3,12,12-03-2024,144,Moderate
2024,3,13,13-03-2024,102,Moderate
2024,3,14,14-03-2024,106,Moderate
2024,3,15,15-03-2024,108,Moderate
2024,3,16,16-03-2024,104,Moderate
2024,3,17,17-03-2024,107,Moderate
2024,3,18,18-03-2024,92,Satisfactory
2024,3,19,19-03-2024,100,Satisfactory
2024,3,20,20-03-2024,114,Moderate
2024,3,21,21-03-2024,130,Moderate
2024,3,22,22-03-2024,136,Moderate
2024,3,23,23-03-2024,131,Moderate
2024,3,24,24-03-2024,126,Moderate
2024,3,25,25-03-2024,126,Moderate
2024,3,26,26-03-2024,129,Moderate
2024,3,27,27-03-2024,119,Moderate
2024,3,28,28-03-2024,116,Moderate
2024,3,29,29-03-2024,120,Moderate
2024,3,30,30-03-2024,131,Moderate
2024,3,31,31-03-2024,117,Moderate
2024,4,1,01-04-2024,99,Satisfactory
2024,4,2,02-04-2024,113,Moderate
2024,4,3,03-04-2024,124,Moderate
2024,4,4,04-04-2024,109,Moderate
2024,4,5,05-04-2024,115,Moderate
2024,4,6,06-04-2024,113,Moderate
2024,4,7,07-04-2024,103,Moderate
2024,4,8,08-04-2024,100,Satisfactory
2024,4,9,09-04-2024,96,Satisfactory
2024,4,10,10-04-2024,106,Moderate
2024,4,11,11-04-2024,120,Moderate
2024,4,12,12-04-2024,101,Moderate
2024,4,13,13-04-2024,93,Satisfactory
2024,4,14,14-04-2024,88,Satisfactory
2024,4,15,15-04-2024,111,Moderate
2024,4,16,16-04-2024,113,Moderate
2024,4,17,17-04-2024,117,Moderate
2024,4,18,18-04-2024,105,Moderate
2024,4,19,19-04-2024,99,Satisfactory
2024,4,20,20-04-2024,101,Moderate
2024,4,21,21-04-2024,91,Satisfactory
2024,4,22,22-04-2024,97,Satisfactory
2024,4,23,23-04-2024,88,Satisfactory
2024,4,24,24-04-2024,95,Satisfactory
2024,4,25,25-04-2024,87,Satisfactory
2024,4,26,26-04-2024,82,Satisfactory
2024,4,27,27-04-2024,96,Satisfactory
2024,4,28,28-04-2024,109,Moderate
2024,4,29,29-04-2024,113,Moderate
2024,4,30,30-04-2024,106,Moderate
2024,5,1,01-05-2024,117,Moderate
2024,5,2,02-05-2024,96,Satisfactory
2024,5,3,03-05-2024,105,Moderate
2024,5,4,04-05-2024,109,Moderate
2024,5,5,05-05-2024,95,Satisfactory
2024,5,6,06-05-2024,75,Satisfactory
2024,5,7,07-05-2024,78,Satisfactory
2024,5,8,08-05-2024,103,Moderate
2024,5,9,09-05-2024,102,Moderate
2024,5,10,10-05-2024,102,Moderate
2024,5,11,11-05-2024,112,Moderate
2024,5,12,12-05-2024,70,Satisfactory
2024,5,13,13-05-2024,121,Moderate
2024,5,14,14-05-2024,104,Moderate
2024,5,15,15-05-2024,149,Moderate
2024,5,16,16-05-2024,134,Moderate
2024,5,17,17-05-2024,156,Moderate
2024,5,18,18-05-2024,140,Moderate
2024,5,19,19-05-2024,126,Moderate
2024,5,20,20-05-2024,101,Moderate
2024,5,21,21-05-2024,108,Moderate
2024,5,22,22-05-2024,115,Moderate
2024,5,23,23-05-2024,81,Satisfactory
2024,5,24,24-05-2024,88,Satisfactory
2024,5,25,25-05-2024,94,Satisfactory
2024,5,26,26-05-2024,102,Moderate
2024,5,27,27-05-2024,81,Satisfactory
2024,5,28,28-05-2024,84,Satisfactory
2024,5,29,29-05-2024,68,Satisfactory
2024,5,30,30-05-2024,78,Satisfactory
2024,5,31,31-05-2024,85,Satisfactory
2024,6,1,01-06-2024,70,Satisfactory
2024,6,2,02-06-2024,64,Satisfactory
2024,6,3,03-06-2024,70,Satisfactory
2024,6,4,04-06-2024,77,Satisfactory
2024,6,5,05-06-2024,73,Satisfactory
2024,6,6,06-06-2024,100,Satisfactory
2024,6,7,07-06-2024,61,Satisfactory
2024,6,8,08-06-2024,72,Satisfactory
2024,6,9,09-06-2024,53,Satisfactory
2024,6,10,10-06-2024,66,Satisfactory
2024,6,11,11-06-2024,57,Satisfactory
2024,6,12,12-06-2024,60,Satisfactory
2024,6,13,13-06-2024,58,Satisfactory
2024,6,14,14-06-2024,49,Good
2024,6,15,15-06-2024,48,Good
2024,6,16,16-06-2024,44,Good
2024,6,17,17-06-2024,56,Satisfactory
2024,6,18,18-06-2024,54,Satisfactory
2024,6,19,19-06-2024,50,Good
2024,6,20,20-06-2024,52,Satisfactory
2024,6,21,21-06-2024,53,Satisfactory
2024,6,22,22-06-2024,58,Satisfactory
2024,6,23,23-06-2024,58,Satisfactory
2024,6,24,24-06-2024,49,Good
2024,6,25,25-06-2024,62,Satisfactory
2024,6,26,26-06-2024,55,Satisfactory
2024,6,27,27-06-2024,55,Satisfactory
2024,6,28,28-06-2024,63,Satisfactory
2024,6,29,29-06-2024,57,Satisfactory
2024,6,30,30-06-2024,50,Good
2024,7,1,01-07-2024,48,Good
2024,7,2,02-07-2024,48,Good
2024,7,3,03-07-2024,61,Satisfactory
2024,7,4,04-07-2024,62,Satisfactory
2024,7,5,05-07-2024,49,Good
2024,7,6,06-07-2024,63,Satisfactory
2024,7,7,07-07-2024,54,Satisfactory
2024,7,8,08-07-2024,57,Satisfactory
2024,7,9,09-07-2024,60,Satisfactory
2024,7,10,10-07-2024,56,Satisfactory
2024,7,11,11-07-2024,48,Good
2024,7,12,12-07-2024,52,Satisfactory
2024,7,13,13-07-2024,49,Good
2024,7,14,14-07-2024,46,Good
2024,7,15,15-07-2024,51,Satisfactory
2024,7,16,16-07-2024,49,Good
2024,7,17,17-07-2024,49,Good
2024,7,18,18-07-2024,47,Good
2024,7,19,19-07-2024,48,Good
2024,7,20,20-07-2024,52,Satisfactory
2024,7,21,21-07-2024,51,Satisfactory
2024,7,22,22-07-2024,51,Satisfactory
2024,7,23,23-07-2024,59,Satisfactory
2024,7,24,24-07-2024,56,Satisfactory
2024,7,25,25-07-2024,62,Satisfactory
2024,7,26,26-07-2024,48,Good
2024,7,27,27-07-2024,49,Good
2024,7,28,28-07-2024,50,Good
2024,7,29,29-07-2024,49,Good
2024,7,30,30-07-2024,50,Good
2024,7,31,31-07-2024,46,Good
2024,8,1,01-08-2024,48,Good
2024,8,2,02-08-2024,55,Satisfactory
2024,8,3,03-08-2024,52,Satisfactory
2024,8,4,04-08-2024,52,Satisfactory
2024,8,5,05-08-2024,49,Good
2024,8,6,06-08-2024,44,Good
2024,8,7,07-08-2024,47,Good
2024,8,8,08-08-2024,40,Good
2024,8,9,09-08-2024,48,Good
2024,8,10,10-08-2024,46,Good
2024,8,11,11-08-2024,46,Good
2024,8,12,12-08-2024,44,Good
2024,8,13,13-08-2024,45,Good
2024,8,14,14-08-2024,58,Satisfactory
2024,8,15,15-08-2024,63,Satisfactory
2024,8,16,16-08-2024,60,Satisfactory
2024,8,17,17-08-2024,59,Satisfactory
2024,8,18,18-08-2024,62,Satisfactory
2024,8,19,19-08-2024,69,Satisfactory
2024,8,20,20-08-2024,67,Satisfactory
2024,8,21,21-08-2024,66,Satisfactory
2024,8,22,22-08-2024,66,Satisfactory
2024,8,23,23-08-2024,52,Satisfactory
2024,8,24,24-08-2024,45,Good
2024,8,25,25-08-2024,40,Good
2024,8,26,26-08-2024,45,Good
2024,8,27,27-08-2024,47,Good
2024,8,28,28-08-2024,46,Good
2024,8,29,29-08-2024,55,Satisfactory
2024,8,30,30-08-2024,52,Satisfactory
2024,8,31,31-08-2024,53,Satisfactory
2024,9,1,01-09-2024,60,Satisfactory
2024,9,2,02-09-2024,51,Satisfactory
2024,9,3,03-09-2024,42,Good
2024,9,4,04-09-2024,49,Good
2024,9,5,05-09-2024,47,Good
2024,9,6,06-09-2024,45,Good
2024,9,7,07-09-2024,49,Good
2024,9,8,08-09-2024,44,Good
2024,9,9,09-09-2024,49,Good
2024,9,10,10-09-2024,48,Good
2024,9,11,11-09-2024,44,Good
2024,9,12,12-09-2024,45,Good
2024,9,13,13-09-2024,62,Satisfactory
2024,9,14,14-09-2024,58,Satisfactory
2024,9,15,15-09-2024,50,Good
2024,9,16,16-09-2024,49,Good
2024,9,17,17-09-2024,53,Satisfactory
2024,9,18,18-09-2024,59,Satisfactory
2024,9,19,19-09-2024,71,Satisfactory
2024,9,20,20-09-2024,78,Satisfactory
2024,9,21,21-09-2024,76,Satisfactory
2024,9,22,22-09-2024,66,Satisfactory
2024,9,23,23-09-2024,74,Satisfactory
2024,9,24,24-09-2024,65,Satisfactory
2024,9,25,25-09-2024,59,Satisfactory
2024,9,26,26-09-2024,52,Satisfactory
2024,9,27,27-09-2024,45,Good
2024,9,28,28-09-2024,47,Good
2024,9,29,29-09-2024,53,Satisfactory
2024,9,30,30-09-2024,65,Satisfactory
2024,10,1,01-10-2024,82,Satisfactory
2024,10,2,02-10-2024,89,Satisfactory
2024,10,3,03-10-2024,80,Satisfactory
2024,10,4,04-10-2024,71,Satisfactory
2024,10,5,05-10-2024,60,Satisfactory
2024,10,6,06-10-2024,71,Satisfactory
2024,10,7,07-10-2024,101,Moderate
2024,10,8,08-10-2024,92,Satisfactory
2024,10,9,09-10-2024,98,Satisfactory
2024,10,10,10-10-2024,91,Satisfactory
2024,10,11,11-10-2024,57,Satisfactory
2024,10,12,12-10-2024,57,Satisfactory
2024,10,13,13-10-2024,61,Satisfactory
2024,10,14,14-10-2024,64,Satisfactory
2024,10,15,15-10-2024,60,Satisfactory
2024,10,16,16-10-2024,66,Satisfactory
2024,10,17,17-10-2024,70,Satisfactory
2024,10,18,18-10-2024,72,Satisfactory
2024,10,19,19-10-2024,69,Satisfactory
2024,10,20,20-10-2024,45,Good
2024,10,21,21-10-2024,59,Satisfactory
2024,10,22,22-10-2024,70,Satisfactory
2024,10,23,23-10-2024,70,Satisfactory
2024,10,24,24-10-2024,125,Moderate
2024,10,25,25-10-2024,129,Moderate
2024,10,26,26-10-2024,113,Moderate
2024,10,27,27-10-2024,107,Moderate
2024,10,28,28-10-2024,110,Moderate
2024,10,29,29-10-2024,126,Moderate
2024,10,30,30-10-2024,137,Moderate
2024,10,31,31-10-2024,121,Moderate
2024,11,1,01-11-2024,114,Moderate
2024,11,2,02-11-2024,208,Poor
2024,11,3,03-11-2024,140,Moderate
2024,11,4,04-11-2024,126,Moderate
2024,11,5,05-11-2024,126,Moderate
2024,11,6,06-11-2024,140,Moderate
2024,11,7,07-11-2024,123,Moderate
2024,11,8,08-11-2024,150,Moderate
2024,11,9,09-11-2024,135,Moderate
2024,11,10,10-11-2024,136,Moderate
2024,11,11,11-11-2024,154,Moderate
2024,11,12,12-11-2024,166,Moderate
2024,11,13,13-11-2024,137,Moderate
2024,11,14,14-11-2024,132,Moderate
2024,11,15,15-11-2024,134,Moderate
2024,11,16,16-11-2024,126,Moderate
2024,11,17,17-11-2024,157,Moderate
2024,11,18,18-11-2024,145,Moderate
2024,11,19,19-11-2024,166,Moderate
2024,11,20,20-11-2024,174,Moderate
2024,11,21,21-11-2024,184,Moderate
2024,11,22,22-11-2024,190,Moderate
2024,11,23,23-11-2024,205,Poor
2024,11,24,24-11-2024,192,Moderate
2024,11,25,25-11-2024,204,Poor
2024,11,26,26-11-2024,162,Moderate
2024,11,27,27-11-2024,149,Moderate
2024,11,28,28-11-2024,162,Moderate
2024,11,29,29-11-2024,148,Moderate
2024,11,30,30-11-2024,188,Moderate
2024,12,1,01-12-2024,191,Moderate
2024,12,2,02-12-2024,176,Moderate
2024,12,3,03-12-2024,111,Moderate
2024,12,4,04-12-2024,88,Satisfactory
2024,12,5,05-12-2024,110,Moderate
2024,12,6,06-12-2024,111,Moderate
2024,12,7,07-12-2024,88,Satisfactory
2024,12,8,08-12-2024,83,Satisfactory
2024,12,9,09-12-2024,106,Moderate
2024,12,10,10-12-2024,119,Moderate
2024,12,11,11-12-2024,165,Moderate
2024,12,12,12-12-2024,169,Moderate
2024,12,13,13-12-2024,140,Moderate
2024,12,14,14-12-2024,153,Moderate
2024,12,15,15-12-2024,155,Moderate
2024,12,16,16-12-2024,159,Moderate
2024,12,17,17-12-2024,170,Moderate
2024,12,18,18-12-2024,179,Moderate
2024,12,19,19-12-2024,175,Moderate
2024,12,20,20-12-2024,120,Moderate
2024,12,21,21-12-2024,127,Moderate
2024,12,22,22-12-2024,102,Moderate
2024,12,23,23-12-2024,88,Satisfactory
2024,12,24,24-12-2024,106,Moderate
2024,12,25,25-12-2024,139,Moderate
2024,12,26,26-12-2024,127,Moderate
2024,12,27,27-12-2024,109,Moderate
2024,12,28,28-12-2024,95,Satisfactory
2024,12,29,29-12-2024,110,Moderate
2024,12,30,30-12-2024,87,Satisfactory
2024,12,31,31-12-2024,103,Moderate
